Dataset,Method,Feature Name,Score
Complete Cohort,Variance Threshold,metacanc,1.000000000000001
Complete Cohort,Variance Threshold,ACS_PCT_HH_FOOD_STMP_BLW_POV,1.0000000000000009
Complete Cohort,Variance Threshold,Asian,1.0000000000000009
Complete Cohort,Variance Threshold,ACS_PCT_HH_KID_1PRNT,1.0000000000000007
Complete Cohort,Variance Threshold,ACS_PCT_HH_PC,1.0000000000000007
Complete Cohort,Variance Threshold,ond,1.0000000000000007
Complete Cohort,Variance Threshold,ACS_PCT_PERSON_INC_125_199,1.0000000000000007
Complete Cohort,Variance Threshold,ACS_TOT_POP_POV,1.0000000000000004
Complete Cohort,Variance Threshold,ACS_PCT_CHILD_1FAM,1.0000000000000004
Complete Cohort,Variance Threshold,copd,1.0000000000000004
Complete Cohort,Variance Threshold,dane,1.0000000000000004
Complete Cohort,Variance Threshold,drug,1.0000000000000004
Complete Cohort,Variance Threshold,hypc,1.0000000000000004
Complete Cohort,Variance Threshold,ACS_PCT_HH_SMARTPHONE_ONLY,1.0000000000000004
Complete Cohort,Variance Threshold,ACS_PCT_CHILDREN_GRANDPARENT,1.0000000000000004
Complete Cohort,Variance Threshold,chf,1.0000000000000004
Complete Cohort,Variance Threshold,rend,1.0000000000000004
Complete Cohort,Variance Threshold,ACS_PCT_HH_INTERNET_NO_SUBS,1.0000000000000004
Complete Cohort,Variance Threshold,ACS_PCT_HH_BROADBAND,1.0000000000000004
Complete Cohort,Variance Threshold,ACS_PCT_NO_WORK_NO_SCHL_16_19,1.0000000000000004
Complete Cohort,Variance Threshold,ACS_PCT_HEALTH_INC_200_399,1.0000000000000004
Complete Cohort,Variance Threshold,ACS_PCT_VET_POV_18_64,1.0000000000000004
Complete Cohort,Variance Threshold,cevd,1.0000000000000004
Complete Cohort,Variance Threshold,charlson_ageadj,1.0000000000000004
Complete Cohort,Variance Threshold,Black_or_African_American,1.0000000000000004
Complete Cohort,Variance Threshold,ACS_PCT_POV_BLACK,1.0000000000000004
Complete Cohort,Variance Threshold,Native_Hawiian_or_Pacific_Islander,1.0000000000000004
Complete Cohort,Variance Threshold,ACS_PCT_NONVET_POV_18_64,1.0000000000000004
Complete Cohort,Variance Threshold,ACS_PCT_POV_AIAN,1.0000000000000004
Complete Cohort,Variance Threshold,ACS_PCT_HH_1PERS,1.0000000000000002
Complete Cohort,Variance Threshold,alcohol,1.0000000000000002
Complete Cohort,Variance Threshold,ACS_PCT_POV_WHITE,1.0000000000000002
Complete Cohort,Variance Threshold,ACS_PCT_POV_OTHER,1.0000000000000002
Complete Cohort,Variance Threshold,ACS_PCT_HH_CELLULAR,1.0000000000000002
Complete Cohort,Variance Threshold,ACS_PCT_COLLEGE_ASSOCIATE_DGR,1.0000000000000002
Complete Cohort,Variance Threshold,American_Indian_or_Alaska_Native,1.0000000000000002
Complete Cohort,Variance Threshold,ACS_PCT_HH_NO_INTERNET,1.0000000000000002
Complete Cohort,Variance Threshold,Days_Cared_For,1.0000000000000002
Complete Cohort,Variance Threshold,ACS_PCT_HH_OTHER_COMP_ONLY,1.0000000000000002
Complete Cohort,Variance Threshold,ACS_PCT_PERSON_INC_BELOW99,1.0000000000000002
Complete Cohort,Variance Threshold,lymph,1.0000000000000002
Complete Cohort,Variance Threshold,ld,1.0000000000000002
Complete Cohort,Variance Threshold,White,1.0000000000000002
Complete Cohort,Variance Threshold,ACS_PCT_HH_ALONE_ABOVE65,1.0000000000000002
Complete Cohort,Variance Threshold,Hispanic_or_Latino,1.0
Complete Cohort,Variance Threshold,carit,1.0
Complete Cohort,Variance Threshold,coag,1.0
Complete Cohort,Variance Threshold,POPPCT_URB,1.0
Complete Cohort,Variance Threshold,POP_RUR,1.0
Complete Cohort,Variance Threshold,POPPCT_RUR,1.0
Complete Cohort,Variance Threshold,ACS_PCT_BACHELOR_DGR,1.0
Complete Cohort,Variance Threshold,elix_swiss_score,1.0
Complete Cohort,Variance Threshold,ACS_PCT_GRADUATE_DGR,1.0
Complete Cohort,Variance Threshold,ACS_PCT_VET_COLLEGE,1.0
Complete Cohort,Variance Threshold,hp,1.0
Complete Cohort,Variance Threshold,Age,1.0
Complete Cohort,Variance Threshold,ACS_PCT_HH_PUB_ASSIST,1.0
Complete Cohort,Variance Threshold,ACS_PCT_HH_LIMIT_ENGLISH,1.0
Complete Cohort,Variance Threshold,ACS_PCT_POV_NHPI,1.0
Complete Cohort,Variance Threshold,ACS_PCT_POV_ASIAN,1.0
Complete Cohort,Variance Threshold,ACS_PCT_HH_CELLULAR_ONLY,1.0
Complete Cohort,Variance Threshold,ACS_PCT_HH_NO_COMP_DEV,1.0
Complete Cohort,Variance Threshold,ACS_PCT_HH_ABOVE65,1.0
Complete Cohort,Variance Threshold,ACS_PCT_HH_SAT_INTERNET,1.0
Complete Cohort,Variance Threshold,ACS_PCT_GRANDP_RESPS_NO_P,1.0
Complete Cohort,Variance Threshold,ACS_PCT_HEALTH_INC_BELOW137,1.0
Complete Cohort,Variance Threshold,ACS_PCT_HH_1FAM_FOOD_STMP,1.0
Complete Cohort,Variance Threshold,canc,0.9999999999999998
Complete Cohort,Variance Threshold,ACS_PCT_GRANDP_RESPS_P,0.9999999999999998
Complete Cohort,Variance Threshold,depre,0.9999999999999998
Complete Cohort,Variance Threshold,dementia,0.9999999999999998
Complete Cohort,Variance Threshold,ACS_PCT_HEALTH_INC_ABOVE400,0.9999999999999998
Complete Cohort,Variance Threshold,fed,0.9999999999999998
Complete Cohort,Variance Threshold,ACS_PCT_HH_NO_FD_STMP_BLW_POV,0.9999999999999998
Complete Cohort,Variance Threshold,elix_swiss_ageadj,0.9999999999999998
Complete Cohort,Variance Threshold,elix_quan_ageadj,0.9999999999999998
Complete Cohort,Variance Threshold,elix_quan_score,0.9999999999999998
Complete Cohort,Variance Threshold,ACS_PCT_INC50,0.9999999999999998
Complete Cohort,Variance Threshold,charlson_score,0.9999999999999998
Complete Cohort,Variance Threshold,ACS_PCT_PERSON_INC_ABOVE200,0.9999999999999998
Complete Cohort,Variance Threshold,ACS_PCT_POV_MULTI,0.9999999999999998
Complete Cohort,Variance Threshold,ACS_PCT_POSTHS_ED,0.9999999999999998
Complete Cohort,Variance Threshold,ACS_PCT_VET_BACHELOR,0.9999999999999998
Complete Cohort,Variance Threshold,ACS_PCT_GRANDP_NO_RESPS,0.9999999999999998
Complete Cohort,Variance Threshold,ACS_PCT_HH_PC_ONLY,0.9999999999999998
Complete Cohort,Variance Threshold,ACS_PCT_LT_HS,0.9999999999999998
Complete Cohort,Variance Threshold,ACS_PCT_HS_GRADUATE,0.9999999999999998
Complete Cohort,Variance Threshold,ACS_PCT_HH_BROADBAND_ONLY,0.9999999999999998
Complete Cohort,Variance Threshold,ACS_PCT_HH_DIAL_INTERNET_ONLY,0.9999999999999998
Complete Cohort,Variance Threshold,ACS_PCT_HH_INTERNET,0.9999999999999998
Complete Cohort,Variance Threshold,valv,0.9999999999999998
Complete Cohort,Variance Threshold,rheumd,0.9999999999999998
Complete Cohort,Variance Threshold,hypunc,0.9999999999999998
Complete Cohort,Variance Threshold,ACS_PCT_HH_TABLET,0.9999999999999998
Complete Cohort,Variance Threshold,charlson_survival_10yr,0.9999999999999997
Complete Cohort,Variance Threshold,psycho,0.9999999999999997
Complete Cohort,Variance Threshold,ACS_PCT_HH_TABLET_ONLY,0.9999999999999997
Complete Cohort,Variance Threshold,ACS_PCT_HH_SMARTPHONE,0.9999999999999997
Complete Cohort,Variance Threshold,ACS_PCT_PERSON_INC_100_124,0.9999999999999997
Complete Cohort,Variance Threshold,ACS_TOT_GRANDCHILDREN_GP,0.9999999999999997
Complete Cohort,Variance Threshold,ACS_PCT_HH_OTHER_COMP,0.9999999999999997
Complete Cohort,Variance Threshold,ACS_PCT_VET_HS,0.9999999999999997
Complete Cohort,Variance Threshold,ACS_PCT_HEALTH_INC_138_199,0.9999999999999997
Complete Cohort,Variance Threshold,obes,0.9999999999999997
Complete Cohort,Variance Threshold,POP_URB,0.9999999999999994
Complete Cohort,Variance Threshold,wloss,0.9999999999999994
Complete Cohort,Variance Threshold,ACS_PCT_INC50_ABOVE65,0.9999999999999994
Complete Cohort,Variance Threshold,ACS_PCT_POV_HISPANIC,0.9999999999999994
Complete Cohort,Variance Threshold,ami,0.9999999999999994
Complete Cohort,Variance Threshold,hypothy,0.9999999999999992
Complete Cohort,Variance Threshold,aids,0.9999999999999992
Complete Cohort,Variance Threshold,pcd,0.9999999999999992
Complete Cohort,Variance Threshold,pvd,0.9999999999999987
Complete Cohort,Lasso (L1 LogReg),Days_Cared_For,0.9613135969338569
Complete Cohort,Lasso (L1 LogReg),elix_quan_score,0.18283030051347934
Complete Cohort,Lasso (L1 LogReg),charlson_score,0.12701767458985
Complete Cohort,Lasso (L1 LogReg),Age,-0.11672889063902123
Complete Cohort,Lasso (L1 LogReg),chf,0.11569542009427304
Complete Cohort,Lasso (L1 LogReg),elix_swiss_ageadj,-0.11441996379376622
Complete Cohort,Lasso (L1 LogReg),canc,0.08387974262793554
Complete Cohort,Lasso (L1 LogReg),charlson_survival_10yr,-0.07871559188380912
Complete Cohort,Lasso (L1 LogReg),hypunc,-0.07021086707928371
Complete Cohort,Lasso (L1 LogReg),ACS_PCT_BACHELOR_DGR,-0.06133996472507916
Complete Cohort,Lasso (L1 LogReg),ld,0.06076251002928844
Complete Cohort,Lasso (L1 LogReg),dementia,-0.060148313298291844
Complete Cohort,Lasso (L1 LogReg),charlson_ageadj,-0.05516770119808288
Complete Cohort,Lasso (L1 LogReg),carit,0.044435895223161166
Complete Cohort,Lasso (L1 LogReg),copd,0.04172337152659954
Complete Cohort,Lasso (L1 LogReg),Asian,-0.03892748126100779
Complete Cohort,Lasso (L1 LogReg),ACS_PCT_HH_1FAM_FOOD_STMP,-0.03503228457812667
Complete Cohort,Lasso (L1 LogReg),Black_or_African_American,-0.03461573757943755
Complete Cohort,Lasso (L1 LogReg),valv,0.033370827703985396
Complete Cohort,Lasso (L1 LogReg),hypothy,-0.03213849648089163
Complete Cohort,Lasso (L1 LogReg),ami,0.028815777713495243
Complete Cohort,Lasso (L1 LogReg),fed,0.026711819363435144
Complete Cohort,Lasso (L1 LogReg),metacanc,-0.0257474821569743
Complete Cohort,Lasso (L1 LogReg),ACS_PCT_VET_POV_18_64,-0.02549479654706656
Complete Cohort,Lasso (L1 LogReg),ACS_PCT_POV_AIAN,-0.02496482052157159
Complete Cohort,Lasso (L1 LogReg),hp,-0.02464794837385117
Complete Cohort,Lasso (L1 LogReg),rend,0.02358155391825527
Complete Cohort,Lasso (L1 LogReg),pvd,0.023504082632191906
Complete Cohort,Lasso (L1 LogReg),White,0.023272909197401524
Complete Cohort,Lasso (L1 LogReg),ACS_PCT_HH_SAT_INTERNET,-0.02277727812570906
Complete Cohort,Lasso (L1 LogReg),psycho,-0.02266988183676071
Complete Cohort,Lasso (L1 LogReg),ACS_TOT_GRANDCHILDREN_GP,-0.022354699919209218
Complete Cohort,Lasso (L1 LogReg),wloss,0.02221087381587707
Complete Cohort,Lasso (L1 LogReg),Hispanic_or_Latino,0.02202160355993968
Complete Cohort,Lasso (L1 LogReg),ACS_PCT_LT_HS,0.020427653272715014
Complete Cohort,Lasso (L1 LogReg),POP_URB,0.019978594621596284
Complete Cohort,Lasso (L1 LogReg),ACS_PCT_CHILDREN_GRANDPARENT,0.017751509335179858
Complete Cohort,Lasso (L1 LogReg),ond,-0.016851354444865088
Complete Cohort,Lasso (L1 LogReg),ACS_PCT_HH_SMARTPHONE_ONLY,-0.016540064849410133
Complete Cohort,Lasso (L1 LogReg),obes,-0.0165370294239444
Complete Cohort,Lasso (L1 LogReg),alcohol,-0.015353377309846263
Complete Cohort,Lasso (L1 LogReg),rheumd,-0.01523360626816653
Complete Cohort,Lasso (L1 LogReg),hypc,0.014781410907528027
Complete Cohort,Lasso (L1 LogReg),ACS_PCT_HEALTH_INC_200_399,-0.014332034896509319
Complete Cohort,Lasso (L1 LogReg),ACS_PCT_VET_BACHELOR,0.01389470559895876
Complete Cohort,Lasso (L1 LogReg),ACS_PCT_POV_BLACK,0.013085502113653238
Complete Cohort,Lasso (L1 LogReg),ACS_PCT_HH_OTHER_COMP,-0.013057544425277632
Complete Cohort,Lasso (L1 LogReg),ACS_PCT_HH_TABLET,0.012812385476946646
Complete Cohort,Lasso (L1 LogReg),ACS_PCT_GRANDP_RESPS_P,0.011645631484323647
Complete Cohort,Lasso (L1 LogReg),ACS_PCT_PERSON_INC_125_199,-0.009665531129587917
Complete Cohort,Lasso (L1 LogReg),ACS_PCT_HH_TABLET_ONLY,0.008417406626197492
Complete Cohort,Lasso (L1 LogReg),American_Indian_or_Alaska_Native,0.007671250463038257
Complete Cohort,Lasso (L1 LogReg),pcd,0.0075811219882279905
Complete Cohort,Lasso (L1 LogReg),ACS_PCT_HH_OTHER_COMP_ONLY,0.00728274289127963
Complete Cohort,Lasso (L1 LogReg),ACS_PCT_HH_INTERNET_NO_SUBS,0.00646527309474639
Complete Cohort,Lasso (L1 LogReg),ACS_PCT_COLLEGE_ASSOCIATE_DGR,0.005963273039276119
Complete Cohort,Lasso (L1 LogReg),ACS_PCT_VET_COLLEGE,-0.005704245347573558
Complete Cohort,Lasso (L1 LogReg),POP_RUR,0.00531682570730081
Complete Cohort,Lasso (L1 LogReg),ACS_PCT_NO_WORK_NO_SCHL_16_19,-0.004915120754627305
Complete Cohort,Lasso (L1 LogReg),ACS_PCT_HH_ABOVE65,-0.004802297350140752
Complete Cohort,Lasso (L1 LogReg),ACS_PCT_HH_1PERS,0.004721427843163469
Complete Cohort,Lasso (L1 LogReg),lymph,-0.004594051657776196
Complete Cohort,Lasso (L1 LogReg),ACS_PCT_HH_ALONE_ABOVE65,-0.004340916431275585
Complete Cohort,Lasso (L1 LogReg),depre,-0.0038888328921138286
Complete Cohort,Lasso (L1 LogReg),ACS_PCT_HH_BROADBAND_ONLY,0.003452315580334411
Complete Cohort,Lasso (L1 LogReg),ACS_PCT_GRANDP_NO_RESPS,0.0031881167111374254
Complete Cohort,Lasso (L1 LogReg),aids,-0.0024105588791118703
Complete Cohort,Lasso (L1 LogReg),ACS_PCT_POV_HISPANIC,0.000998852563500509
Complete Cohort,Lasso (L1 LogReg),ACS_PCT_HH_NO_FD_STMP_BLW_POV,-0.0008820831784783247
Complete Cohort,Lasso (L1 LogReg),coag,0.0007962717823843374
Complete Cohort,Lasso (L1 LogReg),ACS_PCT_POV_NHPI,0.00047784601270898087
Complete Cohort,Lasso (L1 LogReg),dane,-0.00044177719283143644
Complete Cohort,Lasso (L1 LogReg),elix_quan_ageadj,0.0
Complete Cohort,Lasso (L1 LogReg),ACS_PCT_HH_PUB_ASSIST,0.0
Complete Cohort,Lasso (L1 LogReg),cevd,0.0
Complete Cohort,Lasso (L1 LogReg),ACS_PCT_INC50,0.0
Complete Cohort,Lasso (L1 LogReg),ACS_PCT_POV_WHITE,0.0
Complete Cohort,Lasso (L1 LogReg),ACS_PCT_POV_OTHER,0.0
Complete Cohort,Lasso (L1 LogReg),ACS_PCT_INC50_ABOVE65,0.0
Complete Cohort,Lasso (L1 LogReg),Native_Hawiian_or_Pacific_Islander,0.0
Complete Cohort,Lasso (L1 LogReg),ACS_PCT_PERSON_INC_ABOVE200,0.0
Complete Cohort,Lasso (L1 LogReg),ACS_PCT_POV_MULTI,0.0
Complete Cohort,Lasso (L1 LogReg),ACS_PCT_NONVET_POV_18_64,0.0
Complete Cohort,Lasso (L1 LogReg),ACS_PCT_POV_ASIAN,0.0
Complete Cohort,Lasso (L1 LogReg),ACS_PCT_PERSON_INC_100_124,0.0
Complete Cohort,Lasso (L1 LogReg),ACS_PCT_PERSON_INC_BELOW99,0.0
Complete Cohort,Lasso (L1 LogReg),elix_swiss_score,0.0
Complete Cohort,Lasso (L1 LogReg),ACS_PCT_HH_NO_COMP_DEV,0.0
Complete Cohort,Lasso (L1 LogReg),ACS_PCT_HH_FOOD_STMP_BLW_POV,0.0
Complete Cohort,Lasso (L1 LogReg),ACS_PCT_GRADUATE_DGR,0.0
Complete Cohort,Lasso (L1 LogReg),ACS_PCT_HH_INTERNET,0.0
Complete Cohort,Lasso (L1 LogReg),ACS_PCT_HH_DIAL_INTERNET_ONLY,0.0
Complete Cohort,Lasso (L1 LogReg),ACS_PCT_HH_CELLULAR_ONLY,0.0
Complete Cohort,Lasso (L1 LogReg),ACS_PCT_HH_CELLULAR,0.0
Complete Cohort,Lasso (L1 LogReg),ACS_PCT_HH_BROADBAND,0.0
Complete Cohort,Lasso (L1 LogReg),ACS_PCT_HH_LIMIT_ENGLISH,0.0
Complete Cohort,Lasso (L1 LogReg),ACS_PCT_VET_HS,0.0
Complete Cohort,Lasso (L1 LogReg),ACS_PCT_HH_NO_INTERNET,0.0
Complete Cohort,Lasso (L1 LogReg),ACS_PCT_POSTHS_ED,0.0
Complete Cohort,Lasso (L1 LogReg),ACS_PCT_HS_GRADUATE,0.0
Complete Cohort,Lasso (L1 LogReg),POPPCT_RUR,0.0
Complete Cohort,Lasso (L1 LogReg),drug,0.0
Complete Cohort,Lasso (L1 LogReg),POPPCT_URB,0.0
Complete Cohort,Lasso (L1 LogReg),ACS_PCT_HH_PC,0.0
Complete Cohort,Lasso (L1 LogReg),ACS_PCT_HH_PC_ONLY,0.0
Complete Cohort,Lasso (L1 LogReg),ACS_PCT_HH_SMARTPHONE,0.0
Complete Cohort,Lasso (L1 LogReg),ACS_PCT_CHILD_1FAM,0.0
Complete Cohort,Lasso (L1 LogReg),ACS_PCT_GRANDP_RESPS_NO_P,0.0
Complete Cohort,Lasso (L1 LogReg),ACS_PCT_HH_KID_1PRNT,0.0
Complete Cohort,Lasso (L1 LogReg),ACS_PCT_HEALTH_INC_138_199,0.0
Complete Cohort,Lasso (L1 LogReg),ACS_PCT_HEALTH_INC_ABOVE400,0.0
Complete Cohort,Lasso (L1 LogReg),ACS_PCT_HEALTH_INC_BELOW137,0.0
Complete Cohort,Lasso (L1 LogReg),ACS_TOT_POP_POV,0.0
Complete Cohort,Random Forest Importance,Days_Cared_For,0.33923180721738916
Complete Cohort,Random Forest Importance,Age,0.15711203446659464
Complete Cohort,Random Forest Importance,elix_swiss_ageadj,0.03264349944377552
Complete Cohort,Random Forest Importance,elix_quan_ageadj,0.03136870758115544
Complete Cohort,Random Forest Importance,elix_swiss_score,0.024874215372922916
Complete Cohort,Random Forest Importance,charlson_ageadj,0.022388862976650423
Complete Cohort,Random Forest Importance,charlson_survival_10yr,0.020681243953447885
Complete Cohort,Random Forest Importance,elix_quan_score,0.020483600972048367
Complete Cohort,Random Forest Importance,charlson_score,0.018992702721571678
Complete Cohort,Random Forest Importance,hypunc,0.017464685766765346
Complete Cohort,Random Forest Importance,White,0.016428631065797433
Complete Cohort,Random Forest Importance,depre,0.012425362439945948
Complete Cohort,Random Forest Importance,Hispanic_or_Latino,0.012339144773628163
Complete Cohort,Random Forest Importance,Black_or_African_American,0.01116064648164144
Complete Cohort,Random Forest Importance,hypc,0.010643339580138864
Complete Cohort,Random Forest Importance,hypothy,0.008887436816362062
Complete Cohort,Random Forest Importance,cevd,0.008160379043110741
Complete Cohort,Random Forest Importance,dementia,0.007160037965692666
Complete Cohort,Random Forest Importance,copd,0.006667080321980673
Complete Cohort,Random Forest Importance,carit,0.00520167339545253
Complete Cohort,Random Forest Importance,chf,0.005174145259079999
Complete Cohort,Random Forest Importance,rheumd,0.004843871491329188
Complete Cohort,Random Forest Importance,obes,0.004710353887887016
Complete Cohort,Random Forest Importance,rend,0.003939140497824147
Complete Cohort,Random Forest Importance,canc,0.003558116391249489
Complete Cohort,Random Forest Importance,Asian,0.0035156339385700413
Complete Cohort,Random Forest Importance,ond,0.0034346041564311636
Complete Cohort,Random Forest Importance,ACS_PCT_HH_BROADBAND_ONLY,0.0028935213167764315
Complete Cohort,Random Forest Importance,ACS_PCT_HH_SAT_INTERNET,0.0028886751390656373
Complete Cohort,Random Forest Importance,ACS_PCT_INC50_ABOVE65,0.00282917162983408
Complete Cohort,Random Forest Importance,ACS_PCT_GRANDP_NO_RESPS,0.0028140946481866225
Complete Cohort,Random Forest Importance,ACS_TOT_GRANDCHILDREN_GP,0.0027661737655674096
Complete Cohort,Random Forest Importance,ACS_PCT_VET_COLLEGE,0.0027630375928657273
Complete Cohort,Random Forest Importance,ACS_PCT_HH_OTHER_COMP,0.0027374337034537714
Complete Cohort,Random Forest Importance,ACS_PCT_GRANDP_RESPS_NO_P,0.0027348836221301825
Complete Cohort,Random Forest Importance,ACS_PCT_HH_CELLULAR_ONLY,0.002732545788714456
Complete Cohort,Random Forest Importance,ACS_PCT_GRANDP_RESPS_P,0.0026853790984975043
Complete Cohort,Random Forest Importance,ACS_PCT_NO_WORK_NO_SCHL_16_19,0.0026849983319039475
Complete Cohort,Random Forest Importance,ACS_PCT_POV_MULTI,0.002683912780670357
Complete Cohort,Random Forest Importance,ACS_PCT_POV_HISPANIC,0.0026710454052067127
Complete Cohort,Random Forest Importance,ACS_PCT_HH_INTERNET_NO_SUBS,0.002668482041002119
Complete Cohort,Random Forest Importance,ACS_PCT_HH_1PERS,0.0026611439362978534
Complete Cohort,Random Forest Importance,POP_RUR,0.002653359833900981
Complete Cohort,Random Forest Importance,ACS_PCT_VET_POV_18_64,0.0026263828710071744
Complete Cohort,Random Forest Importance,valv,0.0026226026002270295
Complete Cohort,Random Forest Importance,ACS_PCT_HH_TABLET_ONLY,0.0026214505807828047
Complete Cohort,Random Forest Importance,ACS_PCT_HH_ABOVE65,0.0025818587659388213
Complete Cohort,Random Forest Importance,ACS_PCT_COLLEGE_ASSOCIATE_DGR,0.002576005442234082
Complete Cohort,Random Forest Importance,ACS_PCT_CHILDREN_GRANDPARENT,0.0025618228159353584
Complete Cohort,Random Forest Importance,ACS_PCT_POV_OTHER,0.0025615127639523516
Complete Cohort,Random Forest Importance,ACS_PCT_POV_WHITE,0.002524823880667017
Complete Cohort,Random Forest Importance,ACS_PCT_HEALTH_INC_200_399,0.002523503521596085
Complete Cohort,Random Forest Importance,ACS_PCT_HH_DIAL_INTERNET_ONLY,0.0025196071851583957
Complete Cohort,Random Forest Importance,ACS_PCT_LT_HS,0.0025175416319265175
Complete Cohort,Random Forest Importance,ACS_PCT_CHILD_1FAM,0.002515097763329544
Complete Cohort,Random Forest Importance,ACS_PCT_HEALTH_INC_138_199,0.0025141249096607902
Complete Cohort,Random Forest Importance,ACS_PCT_HH_NO_FD_STMP_BLW_POV,0.0025106688909329227
Complete Cohort,Random Forest Importance,ACS_PCT_HH_BROADBAND,0.0025016333533522334
Complete Cohort,Random Forest Importance,ACS_PCT_HH_ALONE_ABOVE65,0.002501165592021952
Complete Cohort,Random Forest Importance,ACS_PCT_HH_PC_ONLY,0.002498688420365261
Complete Cohort,Random Forest Importance,ACS_PCT_GRADUATE_DGR,0.0024931398903441154
Complete Cohort,Random Forest Importance,ACS_TOT_POP_POV,0.0024789501251231464
Complete Cohort,Random Forest Importance,ACS_PCT_INC50,0.0024779027312081996
Complete Cohort,Random Forest Importance,ACS_PCT_PERSON_INC_100_124,0.0024740713690211825
Complete Cohort,Random Forest Importance,ACS_PCT_PERSON_INC_125_199,0.002468720969482937
Complete Cohort,Random Forest Importance,ACS_PCT_HH_CELLULAR,0.0024684401678389026
Complete Cohort,Random Forest Importance,ACS_PCT_HH_SMARTPHONE_ONLY,0.002457705352973281
Complete Cohort,Random Forest Importance,ACS_PCT_VET_HS,0.0024560970222284634
Complete Cohort,Random Forest Importance,ACS_PCT_HH_LIMIT_ENGLISH,0.0024535416431495658
Complete Cohort,Random Forest Importance,ACS_PCT_HH_1FAM_FOOD_STMP,0.002442925732183745
Complete Cohort,Random Forest Importance,ami,0.0024398326856240903
Complete Cohort,Random Forest Importance,ACS_PCT_VET_BACHELOR,0.0024364795333437048
Complete Cohort,Random Forest Importance,ACS_PCT_HH_KID_1PRNT,0.0023981538804470266
Complete Cohort,Random Forest Importance,ACS_PCT_POV_AIAN,0.0023776109471295424
Complete Cohort,Random Forest Importance,ACS_PCT_POV_BLACK,0.0023636762192833635
Complete Cohort,Random Forest Importance,ACS_PCT_HS_GRADUATE,0.0023568282841420697
Complete Cohort,Random Forest Importance,ACS_PCT_HH_TABLET,0.002321350363698363
Complete Cohort,Random Forest Importance,ACS_PCT_HH_FOOD_STMP_BLW_POV,0.0022967193474551
Complete Cohort,Random Forest Importance,ACS_PCT_HH_PUB_ASSIST,0.002287337674527346
Complete Cohort,Random Forest Importance,ACS_PCT_BACHELOR_DGR,0.0022536846366996628
Complete Cohort,Random Forest Importance,ACS_PCT_HH_NO_INTERNET,0.002236695639441876
Complete Cohort,Random Forest Importance,ACS_PCT_POSTHS_ED,0.002230124317455026
Complete Cohort,Random Forest Importance,ACS_PCT_HH_SMARTPHONE,0.00221138650815602
Complete Cohort,Random Forest Importance,ACS_PCT_HH_INTERNET,0.002206847419847821
Complete Cohort,Random Forest Importance,ACS_PCT_NONVET_POV_18_64,0.0022061909774114363
Complete Cohort,Random Forest Importance,ACS_PCT_PERSON_INC_BELOW99,0.0021914131242133394
Complete Cohort,Random Forest Importance,ACS_PCT_HH_NO_COMP_DEV,0.002184904268041764
Complete Cohort,Random Forest Importance,ACS_PCT_PERSON_INC_ABOVE200,0.002178079739294638
Complete Cohort,Random Forest Importance,ACS_PCT_HEALTH_INC_ABOVE400,0.0021423743325679465
Complete Cohort,Random Forest Importance,ACS_PCT_HEALTH_INC_BELOW137,0.0021325984824546013
Complete Cohort,Random Forest Importance,ACS_PCT_HH_PC,0.0020851084380801455
Complete Cohort,Random Forest Importance,ACS_PCT_POV_ASIAN,0.0020579838929888983
Complete Cohort,Random Forest Importance,dane,0.0019891148278592206
Complete Cohort,Random Forest Importance,POPPCT_RUR,0.001981250648995535
Complete Cohort,Random Forest Importance,POP_URB,0.0019383280599345346
Complete Cohort,Random Forest Importance,POPPCT_URB,0.0019210706579700434
Complete Cohort,Random Forest Importance,psycho,0.0018664865372183142
Complete Cohort,Random Forest Importance,pcd,0.0017953557316166852
Complete Cohort,Random Forest Importance,pvd,0.0016636172739272058
Complete Cohort,Random Forest Importance,fed,0.001627741216737102
Complete Cohort,Random Forest Importance,ACS_PCT_HH_OTHER_COMP_ONLY,0.0014092118934217123
Complete Cohort,Random Forest Importance,alcohol,0.0013538081082115937
Complete Cohort,Random Forest Importance,ACS_PCT_POV_NHPI,0.0013278134527924747
Complete Cohort,Random Forest Importance,wloss,0.0012797013834539713
Complete Cohort,Random Forest Importance,ld,0.001105261573436173
Complete Cohort,Random Forest Importance,hp,0.0009875154828628337
Complete Cohort,Random Forest Importance,American_Indian_or_Alaska_Native,0.0007507257903908658
Complete Cohort,Random Forest Importance,lymph,0.0005295505581751367
Complete Cohort,Random Forest Importance,metacanc,0.00048329568430751935
Complete Cohort,Random Forest Importance,Native_Hawiian_or_Pacific_Islander,0.00043355448296268835
Complete Cohort,Random Forest Importance,drug,0.00032777508956929587
Complete Cohort,Random Forest Importance,coag,0.0003242618479024185
Complete Cohort,Random Forest Importance,aids,3.763807924522172e-07
Complete Cohort,Permutation Importance (RF),Days_Cared_For,0.026446245458649487
Complete Cohort,Permutation Importance (RF),hypothy,0.00021497517036777046
Complete Cohort,Permutation Importance (RF),pcd,0.0001762796397015487
Complete Cohort,Permutation Importance (RF),obes,6.449255111031781e-05
Complete Cohort,Permutation Importance (RF),coag,2.5797020444096042e-05
Complete Cohort,Permutation Importance (RF),hp,2.1497517036750403e-05
Complete Cohort,Permutation Importance (RF),drug,1.719801362938256e-05
Complete Cohort,Permutation Importance (RF),psycho,1.719801362938256e-05
Complete Cohort,Permutation Importance (RF),aids,0.0
Complete Cohort,Permutation Importance (RF),dane,-4.299503407390049e-06
Complete Cohort,Permutation Importance (RF),American_Indian_or_Alaska_Native,-8.599006814735688e-06
Complete Cohort,Permutation Importance (RF),Native_Hawiian_or_Pacific_Islander,-1.2898510222103532e-05
Complete Cohort,Permutation Importance (RF),valv,-1.2898510222103532e-05
Complete Cohort,Permutation Importance (RF),lymph,-3.869553066626619e-05
Complete Cohort,Permutation Importance (RF),fed,-6.0193047702994384e-05
Complete Cohort,Permutation Importance (RF),ami,-6.879205451770787e-05
Complete Cohort,Permutation Importance (RF),alcohol,-9.888857836923837e-05
Complete Cohort,Permutation Importance (RF),metacanc,-0.00010748758518392964
Complete Cohort,Permutation Importance (RF),pvd,-0.00010748758518395186
Complete Cohort,Permutation Importance (RF),wloss,-0.00015908162607223276
Complete Cohort,Permutation Importance (RF),ld,-0.00017627963970165972
Complete Cohort,Permutation Importance (RF),depre,-0.00023217318399728625
Complete Cohort,Permutation Importance (RF),rheumd,-0.0005890319668078847
Complete Cohort,Permutation Importance (RF),Asian,-0.0006664230281402839
Complete Cohort,Permutation Importance (RF),ond,-0.0007481135928800731
Complete Cohort,Permutation Importance (RF),ACS_PCT_HH_OTHER_COMP_ONLY,-0.0009845862802846605
Complete Cohort,Permutation Importance (RF),ACS_PCT_POV_NHPI,-0.0011608659199862982
Complete Cohort,Permutation Importance (RF),canc,-0.0013973386073908856
Complete Cohort,Permutation Importance (RF),cevd,-0.0016854053356837317
Complete Cohort,Permutation Importance (RF),ACS_PCT_HH_TABLET_ONLY,-0.0017756949072382567
Complete Cohort,Permutation Importance (RF),ACS_PCT_GRANDP_RESPS_NO_P,-0.001870283982200105
Complete Cohort,Permutation Importance (RF),ACS_PCT_HH_NO_INTERNET,-0.0019519745469398718
Complete Cohort,Permutation Importance (RF),dementia,-0.001960573553754563
Complete Cohort,Permutation Importance (RF),ACS_PCT_HH_SMARTPHONE_ONLY,-0.0019734720639766447
Complete Cohort,Permutation Importance (RF),ACS_PCT_HH_TABLET,-0.0021239546832341194
Complete Cohort,Permutation Importance (RF),ACS_PCT_POV_MULTI,-0.0021239546832341194
Complete Cohort,Permutation Importance (RF),ACS_PCT_HH_DIAL_INTERNET_ONLY,-0.0021411526968635685
Complete Cohort,Permutation Importance (RF),POP_URB,-0.0022099447513812985
Complete Cohort,Permutation Importance (RF),ACS_PCT_NO_WORK_NO_SCHL_16_19,-0.002222843261603313
Complete Cohort,Permutation Importance (RF),ACS_PCT_POV_ASIAN,-0.0022271427650107033
Complete Cohort,Permutation Importance (RF),ACS_PCT_HH_BROADBAND_ONLY,-0.002261538792269535
Complete Cohort,Permutation Importance (RF),ACS_PCT_INC50,-0.002295934819528411
Complete Cohort,Permutation Importance (RF),ACS_PCT_POV_BLACK,-0.002300234322935757
Complete Cohort,Permutation Importance (RF),ACS_PCT_HEALTH_INC_138_199,-0.0023045338263431026
Complete Cohort,Permutation Importance (RF),ACS_PCT_INC50_ABOVE65,-0.002308833329750448
Complete Cohort,Permutation Importance (RF),ACS_PCT_HH_SMARTPHONE,-0.0023217318399725074
Complete Cohort,Permutation Importance (RF),ACS_PCT_HH_INTERNET,-0.002326031343379875
Complete Cohort,Permutation Importance (RF),POPPCT_URB,-0.0023260313433798975
Complete Cohort,Permutation Importance (RF),ACS_PCT_PERSON_INC_BELOW99,-0.002343229357009302
Complete Cohort,Permutation Importance (RF),ACS_PCT_HH_ALONE_ABOVE65,-0.0023518283638240154
Complete Cohort,Permutation Importance (RF),ACS_PCT_HH_SAT_INTERNET,-0.002364726874046097
Complete Cohort,Permutation Importance (RF),ACS_PCT_PERSON_INC_125_199,-0.0023733258808607883
Complete Cohort,Permutation Importance (RF),ACS_PCT_HH_PC,-0.0023733258808608104
Complete Cohort,Permutation Importance (RF),ACS_PCT_CHILDREN_GRANDPARENT,-0.0023948233978976054
Complete Cohort,Permutation Importance (RF),ACS_PCT_HH_PC_ONLY,-0.002399122901304973
Complete Cohort,Permutation Importance (RF),ACS_PCT_HH_NO_FD_STMP_BLW_POV,-0.0024034224047122742
Complete Cohort,Permutation Importance (RF),Black_or_African_American,-0.0024163209149343557
Complete Cohort,Permutation Importance (RF),POPPCT_RUR,-0.0024378184319711503
Complete Cohort,Permutation Importance (RF),ACS_PCT_COLLEGE_ASSOCIATE_DGR,-0.0024550164456005772
Complete Cohort,Permutation Importance (RF),ACS_PCT_PERSON_INC_100_124,-0.0024679149558226366
Complete Cohort,Permutation Importance (RF),ACS_PCT_HEALTH_INC_200_399,-0.002472214459229982
Complete Cohort,Permutation Importance (RF),ACS_PCT_HH_ABOVE65,-0.0024808134660446956
Complete Cohort,Permutation Importance (RF),ACS_PCT_LT_HS,-0.0024808134660447177
Complete Cohort,Permutation Importance (RF),ACS_PCT_HH_KID_1PRNT,-0.002528108003525631
Complete Cohort,Permutation Importance (RF),ACS_PCT_GRANDP_NO_RESPS,-0.002541006513747712
Complete Cohort,Permutation Importance (RF),ACS_PCT_HH_CELLULAR,-0.002596900058043361
Complete Cohort,Permutation Importance (RF),ACS_PCT_HH_NO_COMP_DEV,-0.002614098071672766
Complete Cohort,Permutation Importance (RF),ACS_PCT_VET_HS,-0.0026183975750801113
Complete Cohort,Permutation Importance (RF),ACS_PCT_HEALTH_INC_ABOVE400,-0.0026355955887095383
Complete Cohort,Permutation Importance (RF),ACS_PCT_POSTHS_ED,-0.002644194595524274
Complete Cohort,Permutation Importance (RF),ACS_TOT_GRANDCHILDREN_GP,-0.002661392609153701
Complete Cohort,Permutation Importance (RF),ACS_PCT_HEALTH_INC_BELOW137,-0.0026742911193757602
Complete Cohort,Permutation Importance (RF),ACS_PCT_HH_FOOD_STMP_BLW_POV,-0.0026828901261904737
Complete Cohort,Permutation Importance (RF),ACS_PCT_HH_BROADBAND,-0.002687189629597797
Complete Cohort,Permutation Importance (RF),ACS_PCT_HH_1PERS,-0.0027172861534493276
Complete Cohort,Permutation Importance (RF),carit,-0.002721585656856673
Complete Cohort,Permutation Importance (RF),POP_RUR,-0.0027516821807081816
Complete Cohort,Permutation Importance (RF),ACS_PCT_HH_INTERNET_NO_SUBS,-0.002755981684115549
Complete Cohort,Permutation Importance (RF),ACS_PCT_BACHELOR_DGR,-0.002794677214781727
Complete Cohort,Permutation Importance (RF),ACS_PCT_POV_OTHER,-0.002807575725003808
Complete Cohort,Permutation Importance (RF),ACS_PCT_VET_BACHELOR,-0.0028376722488553164
Complete Cohort,Permutation Importance (RF),ACS_PCT_HH_1FAM_FOOD_STMP,-0.002841971752262662
Complete Cohort,Permutation Importance (RF),ACS_PCT_GRANDP_RESPS_P,-0.0028634692692994347
Complete Cohort,Permutation Importance (RF),ACS_PCT_HH_CELLULAR_ONLY,-0.0028806672829288617
Complete Cohort,Permutation Importance (RF),ACS_PCT_HH_LIMIT_ENGLISH,-0.002884966786336207
Complete Cohort,Permutation Importance (RF),ACS_PCT_PERSON_INC_ABOVE200,-0.002958058344261283
Complete Cohort,Permutation Importance (RF),ACS_PCT_VET_POV_18_64,-0.0030440484124083953
Complete Cohort,Permutation Importance (RF),ACS_PCT_HS_GRADUATE,-0.003056946922630521
Complete Cohort,Permutation Importance (RF),ACS_PCT_CHILD_1FAM,-0.003078444439667272
Complete Cohort,Permutation Importance (RF),ACS_PCT_HH_PUB_ASSIST,-0.0030913429498893308
Complete Cohort,Permutation Importance (RF),ACS_PCT_NONVET_POV_18_64,-0.0030999419567040443
Complete Cohort,Permutation Importance (RF),ACS_PCT_HH_OTHER_COMP,-0.003216028548702665
Complete Cohort,Permutation Importance (RF),ACS_PCT_GRADUATE_DGR,-0.003271922092998292
Complete Cohort,Permutation Importance (RF),ACS_PCT_POV_WHITE,-0.0032762215964056594
Complete Cohort,Permutation Importance (RF),ACS_PCT_POV_HISPANIC,-0.003336414644108654
Complete Cohort,Permutation Importance (RF),ACS_TOT_POP_POV,-0.003349313154330713
Complete Cohort,Permutation Importance (RF),ACS_PCT_VET_COLLEGE,-0.0034095062020337076
Complete Cohort,Permutation Importance (RF),rend,-0.0034782982565514154
Complete Cohort,Permutation Importance (RF),ACS_PCT_POV_AIAN,-0.0042694068835049895
Complete Cohort,Permutation Importance (RF),Hispanic_or_Latino,-0.004346797944837433
Complete Cohort,Permutation Importance (RF),copd,-0.004656362190167096
Complete Cohort,Permutation Importance (RF),hypc,-0.0048154438162392845
Complete Cohort,Permutation Importance (RF),hypunc,-0.004879936367349624
Complete Cohort,Permutation Importance (RF),White,-0.005219597136530751
Complete Cohort,Permutation Importance (RF),chf,-0.006561042199625988
Complete Cohort,Permutation Importance (RF),Age,-0.008788184964636648
Complete Cohort,Permutation Importance (RF),charlson_survival_10yr,-0.01169894877141695
Complete Cohort,Permutation Importance (RF),charlson_ageadj,-0.012365371799557167
Complete Cohort,Permutation Importance (RF),elix_swiss_score,-0.0148934798030828
Complete Cohort,Permutation Importance (RF),elix_quan_score,-0.016798159812541735
Complete Cohort,Permutation Importance (RF),elix_swiss_ageadj,-0.01695724143861386
Complete Cohort,Permutation Importance (RF),charlson_score,-0.01742588731001573
Complete Cohort,Permutation Importance (RF),elix_quan_ageadj,-0.020130274953242953
Complete Cohort,Permutation Importance (Ridge/LogReg),ACS_PCT_HH_INTERNET,0.13718425521852223
Complete Cohort,Permutation Importance (Ridge/LogReg),ACS_PCT_HH_NO_INTERNET,0.12555839800503046
Complete Cohort,Permutation Importance (Ridge/LogReg),ACS_PCT_PERSON_INC_ABOVE200,0.11644345078143477
Complete Cohort,Permutation Importance (Ridge/LogReg),ACS_PCT_HEALTH_INC_ABOVE400,0.09812326676268894
Complete Cohort,Permutation Importance (Ridge/LogReg),Days_Cared_For,0.07573575252058388
Complete Cohort,Permutation Importance (Ridge/LogReg),ACS_PCT_PERSON_INC_BELOW99,0.07225745426403252
Complete Cohort,Permutation Importance (Ridge/LogReg),ACS_PCT_HEALTH_INC_BELOW137,0.06975944278435842
Complete Cohort,Permutation Importance (Ridge/LogReg),ACS_PCT_PERSON_INC_125_199,0.032693423909538444
Complete Cohort,Permutation Importance (Ridge/LogReg),ACS_PCT_HEALTH_INC_200_399,0.025607842294215043
Complete Cohort,Permutation Importance (Ridge/LogReg),elix_swiss_ageadj,0.0170733280306125
Complete Cohort,Permutation Importance (Ridge/LogReg),charlson_ageadj,0.016024249199217522
Complete Cohort,Permutation Importance (Ridge/LogReg),ACS_PCT_HH_INTERNET_NO_SUBS,0.013900294515983425
Complete Cohort,Permutation Importance (Ridge/LogReg),elix_swiss_score,0.00901175914181913
Complete Cohort,Permutation Importance (Ridge/LogReg),ACS_PCT_LT_HS,0.006573940709848025
Complete Cohort,Permutation Importance (Ridge/LogReg),ACS_PCT_PERSON_INC_100_124,0.006290173484962502
Complete Cohort,Permutation Importance (Ridge/LogReg),White,0.005774233076079716
Complete Cohort,Permutation Importance (Ridge/LogReg),ACS_PCT_HS_GRADUATE,0.005546359395489841
Complete Cohort,Permutation Importance (Ridge/LogReg),ACS_PCT_NONVET_POV_18_64,0.005198099619493956
Complete Cohort,Permutation Importance (Ridge/LogReg),Hispanic_or_Latino,0.004621966162908197
Complete Cohort,Permutation Importance (Ridge/LogReg),ACS_PCT_HH_PUB_ASSIST,0.004535976094761085
Complete Cohort,Permutation Importance (Ridge/LogReg),ACS_PCT_HEALTH_INC_138_199,0.003985639658619445
Complete Cohort,Permutation Importance (Ridge/LogReg),ACS_PCT_HH_CELLULAR,0.003650278392845663
Complete Cohort,Permutation Importance (Ridge/LogReg),ACS_PCT_HH_NO_COMP_DEV,0.0036330803792162135
Complete Cohort,Permutation Importance (Ridge/LogReg),ACS_PCT_HH_ALONE_ABOVE65,0.0030268503987789463
Complete Cohort,Permutation Importance (Ridge/LogReg),ACS_PCT_HH_PC,0.0029064643033729796
Complete Cohort,Permutation Importance (Ridge/LogReg),Age,0.0027301846636713645
Complete Cohort,Permutation Importance (Ridge/LogReg),ACS_PCT_HH_BROADBAND,0.002700088139819856
Complete Cohort,Permutation Importance (Ridge/LogReg),ACS_PCT_HH_1FAM_FOOD_STMP,0.002622697078487457
Complete Cohort,Permutation Importance (Ridge/LogReg),ACS_PCT_HH_1PERS,0.00234322935700928
Complete Cohort,Permutation Importance (Ridge/LogReg),ACS_PCT_HH_SMARTPHONE,0.0021540512070856053
Complete Cohort,Permutation Importance (Ridge/LogReg),ACS_PCT_COLLEGE_ASSOCIATE_DGR,0.0021325536900488108
Complete Cohort,Permutation Importance (Ridge/LogReg),ACS_TOT_GRANDCHILDREN_GP,0.0015908162607219055
Complete Cohort,Permutation Importance (Ridge/LogReg),ACS_PCT_HH_FOOD_STMP_BLW_POV,0.0015435217232409703
Complete Cohort,Permutation Importance (Ridge/LogReg),ACS_PCT_POSTHS_ED,0.0014618311585012256
Complete Cohort,Permutation Importance (Ridge/LogReg),ACS_PCT_CHILDREN_GRANDPARENT,0.0012984500290216694
Complete Cohort,Permutation Importance (Ridge/LogReg),ACS_PCT_POV_BLACK,0.0012339574779113073
Complete Cohort,Permutation Importance (Ridge/LogReg),ACS_PCT_BACHELOR_DGR,0.0011135713825053406
Complete Cohort,Permutation Importance (Ridge/LogReg),ACS_PCT_HH_SAT_INTERNET,0.000988885783691984
Complete Cohort,Permutation Importance (Ridge/LogReg),ACS_PCT_HH_LIMIT_ENGLISH,0.0009501902530258066
Complete Cohort,Permutation Importance (Ridge/LogReg),ACS_PCT_HH_SMARTPHONE_ONLY,0.0008985962121375035
Complete Cohort,Permutation Importance (Ridge/LogReg),dementia,0.0007739106133241913
Complete Cohort,Permutation Importance (Ridge/LogReg),metacanc,0.0007653116065094556
Complete Cohort,Permutation Importance (Ridge/LogReg),ACS_PCT_VET_COLLEGE,0.0007137175656211969
Complete Cohort,Permutation Importance (Ridge/LogReg),ACS_PCT_HH_ABOVE65,0.0006449255111034668
Complete Cohort,Permutation Importance (Ridge/LogReg),ACS_PCT_HH_NO_FD_STMP_BLW_POV,0.0005976309736225538
Complete Cohort,Permutation Importance (Ridge/LogReg),ACS_PCT_GRADUATE_DGR,0.0005847324634004947
Complete Cohort,Permutation Importance (Ridge/LogReg),ACS_PCT_HH_BROADBAND_ONLY,0.0005589354429563542
Complete Cohort,Permutation Importance (Ridge/LogReg),ACS_PCT_HH_OTHER_COMP,0.0005116409054754412
Complete Cohort,Permutation Importance (Ridge/LogReg),ACS_PCT_HH_DIAL_INTERNET_ONLY,0.0005030418986607055
Complete Cohort,Permutation Importance (Ridge/LogReg),ACS_PCT_HH_TABLET_ONLY,0.00046004686458716025
Complete Cohort,Permutation Importance (Ridge/LogReg),ACS_PCT_NO_WORK_NO_SCHL_16_19,0.00045144785777244677
Complete Cohort,Permutation Importance (Ridge/LogReg),POP_URB,0.0004471483543650789
Complete Cohort,Permutation Importance (Ridge/LogReg),ACS_PCT_VET_HS,0.00035685878281059845
Complete Cohort,Permutation Importance (Ridge/LogReg),ACS_PCT_HH_OTHER_COMP_ONLY,0.00034396027258853934
Complete Cohort,Permutation Importance (Ridge/LogReg),alcohol,0.0003224627555517445
Complete Cohort,Permutation Importance (Ridge/LogReg),Black_or_African_American,0.0003095642453296854
Complete Cohort,Permutation Importance (Ridge/LogReg),ACS_PCT_HH_CELLULAR_ONLY,0.0003095642453296632
Complete Cohort,Permutation Importance (Ridge/LogReg),ACS_TOT_POP_POV,0.00030096523851499415
Complete Cohort,Permutation Importance (Ridge/LogReg),ACS_PCT_POV_AIAN,0.0002794677214781771
Complete Cohort,Permutation Importance (Ridge/LogReg),ACS_PCT_POV_HISPANIC,0.00026226970784875013
Complete Cohort,Permutation Importance (Ridge/LogReg),ACS_PCT_CHILD_1FAM,0.00024077219081197754
Complete Cohort,Permutation Importance (Ridge/LogReg),wloss,0.00024077219081197754
Complete Cohort,Permutation Importance (Ridge/LogReg),ACS_PCT_GRANDP_RESPS_NO_P,0.00023217318399728625
Complete Cohort,Permutation Importance (Ridge/LogReg),ACS_PCT_POV_MULTI,0.00023217318399724186
Complete Cohort,Permutation Importance (Ridge/LogReg),POP_RUR,0.0002063761635531458
Complete Cohort,Permutation Importance (Ridge/LogReg),POPPCT_RUR,0.00018917814992371884
Complete Cohort,Permutation Importance (Ridge/LogReg),POPPCT_URB,0.00018917814992371884
Complete Cohort,Permutation Importance (Ridge/LogReg),ACS_PCT_HH_PC_ONLY,0.00017198013629426967
Complete Cohort,Permutation Importance (Ridge/LogReg),ACS_PCT_HH_TABLET,0.00016768063288690182
Complete Cohort,Permutation Importance (Ridge/LogReg),rheumd,0.00014618311585015142
Complete Cohort,Permutation Importance (Ridge/LogReg),hp,0.00010748758518395186
Complete Cohort,Permutation Importance (Ridge/LogReg),ACS_PCT_INC50_ABOVE65,9.888857836923837e-05
Complete Cohort,Permutation Importance (Ridge/LogReg),lymph,9.888857836923837e-05
Complete Cohort,Permutation Importance (Ridge/LogReg),ACS_PCT_VET_BACHELOR,6.449255111038444e-05
Complete Cohort,Permutation Importance (Ridge/LogReg),coag,5.159404088830311e-05
Complete Cohort,Permutation Importance (Ridge/LogReg),ACS_PCT_INC50,5.159404088830311e-05
Complete Cohort,Permutation Importance (Ridge/LogReg),psycho,4.299503407358962e-05
Complete Cohort,Permutation Importance (Ridge/LogReg),ACS_PCT_POV_NHPI,3.0096523851530498e-05
Complete Cohort,Permutation Importance (Ridge/LogReg),cevd,4.299503407390049e-06
Complete Cohort,Permutation Importance (Ridge/LogReg),obes,2.2204460492503132e-17
Complete Cohort,Permutation Importance (Ridge/LogReg),aids,0.0
Complete Cohort,Permutation Importance (Ridge/LogReg),ond,0.0
Complete Cohort,Permutation Importance (Ridge/LogReg),drug,-4.29950340734564e-06
Complete Cohort,Permutation Importance (Ridge/LogReg),American_Indian_or_Alaska_Native,-1.719801362940476e-05
Complete Cohort,Permutation Importance (Ridge/LogReg),ACS_PCT_HH_KID_1PRNT,-1.719801362940476e-05
Complete Cohort,Permutation Importance (Ridge/LogReg),dane,-3.0096523851463887e-05
Complete Cohort,Permutation Importance (Ridge/LogReg),ACS_PCT_POV_ASIAN,-3.439602725883173e-05
Complete Cohort,Permutation Importance (Ridge/LogReg),ACS_PCT_GRANDP_NO_RESPS,-3.439602725883173e-05
Complete Cohort,Permutation Importance (Ridge/LogReg),Native_Hawiian_or_Pacific_Islander,-3.869553066617737e-05
Complete Cohort,Permutation Importance (Ridge/LogReg),ACS_PCT_POV_WHITE,-3.8695530666199576e-05
Complete Cohort,Permutation Importance (Ridge/LogReg),ACS_PCT_POV_OTHER,-4.2995034073523006e-05
Complete Cohort,Permutation Importance (Ridge/LogReg),ACS_PCT_VET_POV_18_64,-6.449255111034003e-05
Complete Cohort,Permutation Importance (Ridge/LogReg),Asian,-7.739106133239915e-05
Complete Cohort,Permutation Importance (Ridge/LogReg),depre,-9.028957155443607e-05
Complete Cohort,Permutation Importance (Ridge/LogReg),hypc,-9.458907496182612e-05
Complete Cohort,Permutation Importance (Ridge/LogReg),fed,-0.0001246855988133122
Complete Cohort,Permutation Importance (Ridge/LogReg),pvd,-0.0001547821226647983
Complete Cohort,Permutation Importance (Ridge/LogReg),ld,-0.0002063761635531014
Complete Cohort,Permutation Importance (Ridge/LogReg),hypothy,-0.00023217318399724186
Complete Cohort,Permutation Importance (Ridge/LogReg),ACS_PCT_GRANDP_RESPS_P,-0.00023647268740460968
Complete Cohort,Permutation Importance (Ridge/LogReg),valv,-0.00029666573510760407
Complete Cohort,Permutation Importance (Ridge/LogReg),ami,-0.0003439602725885171
Complete Cohort,Permutation Importance (Ridge/LogReg),pcd,-0.00037405679644000325
Complete Cohort,Permutation Importance (Ridge/LogReg),canc,-0.0008255046542124278
Complete Cohort,Permutation Importance (Ridge/LogReg),carit,-0.0010361803211728971
Complete Cohort,Permutation Importance (Ridge/LogReg),copd,-0.0012683535051701612
Complete Cohort,Permutation Importance (Ridge/LogReg),rend,-0.0014618311585011812
Complete Cohort,Permutation Importance (Ridge/LogReg),hypunc,-0.0027602811875228283
Complete Cohort,Permutation Importance (Ridge/LogReg),chf,-0.002833372745447882
Complete Cohort,Permutation Importance (Ridge/LogReg),elix_quan_ageadj,-0.003985639658619422
Complete Cohort,Permutation Importance (Ridge/LogReg),charlson_survival_10yr,-0.004247909366468172
Complete Cohort,Permutation Importance (Ridge/LogReg),charlson_score,-0.006088096824816725
Complete Cohort,Permutation Importance (Ridge/LogReg),elix_quan_score,-0.008753788937377726
Complete Cohort,LightGBM Importance,Days_Cared_For,541.0
Complete Cohort,LightGBM Importance,Age,325.0
Complete Cohort,LightGBM Importance,elix_quan_score,82.0
Complete Cohort,LightGBM Importance,elix_swiss_score,80.0
Complete Cohort,LightGBM Importance,elix_quan_ageadj,62.0
Complete Cohort,LightGBM Importance,charlson_score,60.0
Complete Cohort,LightGBM Importance,ond,54.0
Complete Cohort,LightGBM Importance,charlson_ageadj,53.0
Complete Cohort,LightGBM Importance,elix_swiss_ageadj,44.0
Complete Cohort,LightGBM Importance,ACS_PCT_GRANDP_RESPS_NO_P,42.0
Complete Cohort,LightGBM Importance,White,41.0
Complete Cohort,LightGBM Importance,ACS_PCT_POV_AIAN,39.0
Complete Cohort,LightGBM Importance,Black_or_African_American,37.0
Complete Cohort,LightGBM Importance,ACS_PCT_POV_OTHER,37.0
Complete Cohort,LightGBM Importance,dementia,36.0
Complete Cohort,LightGBM Importance,ACS_PCT_HH_CELLULAR_ONLY,36.0
Complete Cohort,LightGBM Importance,ACS_PCT_HH_INTERNET_NO_SUBS,36.0
Complete Cohort,LightGBM Importance,ACS_PCT_HH_SAT_INTERNET,36.0
Complete Cohort,LightGBM Importance,ACS_PCT_GRANDP_NO_RESPS,35.0
Complete Cohort,LightGBM Importance,ACS_PCT_VET_POV_18_64,33.0
Complete Cohort,LightGBM Importance,hypunc,33.0
Complete Cohort,LightGBM Importance,canc,32.0
Complete Cohort,LightGBM Importance,hypc,32.0
Complete Cohort,LightGBM Importance,ACS_PCT_NO_WORK_NO_SCHL_16_19,32.0
Complete Cohort,LightGBM Importance,ACS_PCT_GRANDP_RESPS_P,31.0
Complete Cohort,LightGBM Importance,ACS_PCT_HH_BROADBAND_ONLY,29.0
Complete Cohort,LightGBM Importance,ACS_PCT_POV_WHITE,27.0
Complete Cohort,LightGBM Importance,copd,27.0
Complete Cohort,LightGBM Importance,ACS_PCT_POV_MULTI,26.0
Complete Cohort,LightGBM Importance,ACS_PCT_POV_HISPANIC,24.0
Complete Cohort,LightGBM Importance,ACS_PCT_CHILDREN_GRANDPARENT,24.0
Complete Cohort,LightGBM Importance,ACS_PCT_VET_HS,24.0
Complete Cohort,LightGBM Importance,ACS_PCT_HEALTH_INC_200_399,23.0
Complete Cohort,LightGBM Importance,ACS_TOT_GRANDCHILDREN_GP,23.0
Complete Cohort,LightGBM Importance,ACS_PCT_CHILD_1FAM,23.0
Complete Cohort,LightGBM Importance,ACS_PCT_INC50_ABOVE65,23.0
Complete Cohort,LightGBM Importance,depre,22.0
Complete Cohort,LightGBM Importance,ACS_PCT_COLLEGE_ASSOCIATE_DGR,22.0
Complete Cohort,LightGBM Importance,cevd,22.0
Complete Cohort,LightGBM Importance,Asian,21.0
Complete Cohort,LightGBM Importance,ACS_TOT_POP_POV,21.0
Complete Cohort,LightGBM Importance,ACS_PCT_HH_TABLET_ONLY,21.0
Complete Cohort,LightGBM Importance,ACS_PCT_POV_ASIAN,21.0
Complete Cohort,LightGBM Importance,ACS_PCT_GRADUATE_DGR,20.0
Complete Cohort,LightGBM Importance,ACS_PCT_HH_OTHER_COMP,20.0
Complete Cohort,LightGBM Importance,ACS_PCT_LT_HS,20.0
Complete Cohort,LightGBM Importance,ACS_PCT_VET_COLLEGE,20.0
Complete Cohort,LightGBM Importance,ami,19.0
Complete Cohort,LightGBM Importance,POP_RUR,19.0
Complete Cohort,LightGBM Importance,ACS_PCT_POV_NHPI,19.0
Complete Cohort,LightGBM Importance,ACS_PCT_HH_CELLULAR,19.0
Complete Cohort,LightGBM Importance,ACS_PCT_HH_SMARTPHONE_ONLY,19.0
Complete Cohort,LightGBM Importance,ACS_PCT_HEALTH_INC_138_199,19.0
Complete Cohort,LightGBM Importance,hp,18.0
Complete Cohort,LightGBM Importance,ACS_PCT_HH_LIMIT_ENGLISH,18.0
Complete Cohort,LightGBM Importance,ACS_PCT_HH_ABOVE65,17.0
Complete Cohort,LightGBM Importance,Hispanic_or_Latino,17.0
Complete Cohort,LightGBM Importance,ACS_PCT_HH_DIAL_INTERNET_ONLY,17.0
Complete Cohort,LightGBM Importance,valv,16.0
Complete Cohort,LightGBM Importance,ACS_PCT_HH_1PERS,16.0
Complete Cohort,LightGBM Importance,ACS_PCT_HH_BROADBAND,16.0
Complete Cohort,LightGBM Importance,ACS_PCT_POV_BLACK,15.0
Complete Cohort,LightGBM Importance,ACS_PCT_BACHELOR_DGR,15.0
Complete Cohort,LightGBM Importance,ACS_PCT_HH_OTHER_COMP_ONLY,14.0
Complete Cohort,LightGBM Importance,hypothy,14.0
Complete Cohort,LightGBM Importance,ACS_PCT_HH_PUB_ASSIST,13.0
Complete Cohort,LightGBM Importance,ACS_PCT_HH_PC_ONLY,13.0
Complete Cohort,LightGBM Importance,ACS_PCT_HH_TABLET,13.0
Complete Cohort,LightGBM Importance,ACS_PCT_INC50,12.0
Complete Cohort,LightGBM Importance,carit,12.0
Complete Cohort,LightGBM Importance,chf,12.0
Complete Cohort,LightGBM Importance,POPPCT_URB,12.0
Complete Cohort,LightGBM Importance,ACS_PCT_PERSON_INC_100_124,12.0
Complete Cohort,LightGBM Importance,ACS_PCT_POSTHS_ED,12.0
Complete Cohort,LightGBM Importance,ACS_PCT_HH_ALONE_ABOVE65,11.0
Complete Cohort,LightGBM Importance,ACS_PCT_HH_1FAM_FOOD_STMP,11.0
Complete Cohort,LightGBM Importance,ACS_PCT_PERSON_INC_125_199,11.0
Complete Cohort,LightGBM Importance,ACS_PCT_HH_KID_1PRNT,11.0
Complete Cohort,LightGBM Importance,ACS_PCT_HS_GRADUATE,10.0
Complete Cohort,LightGBM Importance,rend,9.0
Complete Cohort,LightGBM Importance,rheumd,9.0
Complete Cohort,LightGBM Importance,fed,8.0
Complete Cohort,LightGBM Importance,ACS_PCT_HH_NO_FD_STMP_BLW_POV,8.0
Complete Cohort,LightGBM Importance,psycho,8.0
Complete Cohort,LightGBM Importance,POP_URB,8.0
Complete Cohort,LightGBM Importance,ACS_PCT_HH_NO_INTERNET,8.0
Complete Cohort,LightGBM Importance,pvd,7.0
Complete Cohort,LightGBM Importance,ACS_PCT_HH_NO_COMP_DEV,7.0
Complete Cohort,LightGBM Importance,ACS_PCT_VET_BACHELOR,7.0
Complete Cohort,LightGBM Importance,obes,6.0
Complete Cohort,LightGBM Importance,ACS_PCT_HEALTH_INC_BELOW137,6.0
Complete Cohort,LightGBM Importance,ACS_PCT_HH_INTERNET,6.0
Complete Cohort,LightGBM Importance,alcohol,6.0
Complete Cohort,LightGBM Importance,ACS_PCT_PERSON_INC_BELOW99,5.0
Complete Cohort,LightGBM Importance,ACS_PCT_NONVET_POV_18_64,5.0
Complete Cohort,LightGBM Importance,ACS_PCT_HH_PC,5.0
Complete Cohort,LightGBM Importance,ACS_PCT_HEALTH_INC_ABOVE400,5.0
Complete Cohort,LightGBM Importance,ACS_PCT_PERSON_INC_ABOVE200,4.0
Complete Cohort,LightGBM Importance,pcd,4.0
Complete Cohort,LightGBM Importance,wloss,4.0
Complete Cohort,LightGBM Importance,charlson_survival_10yr,4.0
Complete Cohort,LightGBM Importance,ld,4.0
Complete Cohort,LightGBM Importance,ACS_PCT_HH_SMARTPHONE,3.0
Complete Cohort,LightGBM Importance,POPPCT_RUR,3.0
Complete Cohort,LightGBM Importance,ACS_PCT_HH_FOOD_STMP_BLW_POV,3.0
Complete Cohort,LightGBM Importance,lymph,2.0
Complete Cohort,LightGBM Importance,dane,1.0
Complete Cohort,LightGBM Importance,coag,1.0
Complete Cohort,LightGBM Importance,aids,0.0
Complete Cohort,LightGBM Importance,Native_Hawiian_or_Pacific_Islander,0.0
Complete Cohort,LightGBM Importance,drug,0.0
Complete Cohort,LightGBM Importance,American_Indian_or_Alaska_Native,0.0
Complete Cohort,LightGBM Importance,metacanc,0.0
Complete Cohort,XGBoost Importance,Days_Cared_For,0.07730138301849365
Complete Cohort,XGBoost Importance,elix_swiss_score,0.037512365728616714
Complete Cohort,XGBoost Importance,elix_quan_score,0.020411334931850433
Complete Cohort,XGBoost Importance,ond,0.016911417245864868
Complete Cohort,XGBoost Importance,canc,0.012804591096937656
Complete Cohort,XGBoost Importance,Black_or_African_American,0.012492415495216846
Complete Cohort,XGBoost Importance,ami,0.012170389294624329
Complete Cohort,XGBoost Importance,White,0.011730166152119637
Complete Cohort,XGBoost Importance,ACS_PCT_VET_POV_18_64,0.011680214665830135
Complete Cohort,XGBoost Importance,hypc,0.01147887296974659
Complete Cohort,XGBoost Importance,Asian,0.011182836256921291
Complete Cohort,XGBoost Importance,ACS_PCT_POV_NHPI,0.01109389029443264
Complete Cohort,XGBoost Importance,ACS_PCT_INC50,0.010923690162599087
Complete Cohort,XGBoost Importance,dementia,0.010827593505382538
Complete Cohort,XGBoost Importance,ACS_PCT_GRANDP_RESPS_P,0.010708299465477467
Complete Cohort,XGBoost Importance,ACS_PCT_HS_GRADUATE,0.010335784405469894
Complete Cohort,XGBoost Importance,ACS_PCT_HH_PUB_ASSIST,0.010097691789269447
Complete Cohort,XGBoost Importance,ACS_PCT_HH_LIMIT_ENGLISH,0.010079835541546345
Complete Cohort,XGBoost Importance,ACS_PCT_HH_NO_FD_STMP_BLW_POV,0.009854367934167385
Complete Cohort,XGBoost Importance,ACS_PCT_POSTHS_ED,0.009810333140194416
Complete Cohort,XGBoost Importance,ACS_PCT_HH_ABOVE65,0.00979976262897253
Complete Cohort,XGBoost Importance,charlson_score,0.009776115417480469
Complete Cohort,XGBoost Importance,ACS_PCT_CHILD_1FAM,0.0097593292593956
Complete Cohort,XGBoost Importance,hp,0.009705286473035812
Complete Cohort,XGBoost Importance,ACS_PCT_HH_INTERNET,0.009688878431916237
Complete Cohort,XGBoost Importance,ACS_PCT_HH_BROADBAND,0.009594704024493694
Complete Cohort,XGBoost Importance,ACS_PCT_POV_ASIAN,0.00956658273935318
Complete Cohort,XGBoost Importance,ACS_PCT_POV_HISPANIC,0.009427505545318127
Complete Cohort,XGBoost Importance,ACS_PCT_POV_MULTI,0.009365681558847427
Complete Cohort,XGBoost Importance,ACS_TOT_GRANDCHILDREN_GP,0.009346986189484596
Complete Cohort,XGBoost Importance,ACS_PCT_HH_FOOD_STMP_BLW_POV,0.009117545560002327
Complete Cohort,XGBoost Importance,hypunc,0.009052673354744911
Complete Cohort,XGBoost Importance,POPPCT_URB,0.008965219371020794
Complete Cohort,XGBoost Importance,ACS_PCT_HH_OTHER_COMP_ONLY,0.008941217325627804
Complete Cohort,XGBoost Importance,elix_swiss_ageadj,0.00889665074646473
Complete Cohort,XGBoost Importance,ACS_PCT_HH_INTERNET_NO_SUBS,0.00877342652529478
Complete Cohort,XGBoost Importance,ACS_PCT_HH_ALONE_ABOVE65,0.008766040205955505
Complete Cohort,XGBoost Importance,ACS_PCT_HH_NO_COMP_DEV,0.008758141659200191
Complete Cohort,XGBoost Importance,ACS_PCT_HEALTH_INC_BELOW137,0.008751241490244865
Complete Cohort,XGBoost Importance,ACS_PCT_HH_NO_INTERNET,0.00861399620771408
Complete Cohort,XGBoost Importance,ACS_PCT_HH_PC,0.008595744147896767
Complete Cohort,XGBoost Importance,ACS_PCT_HEALTH_INC_ABOVE400,0.008552179671823978
Complete Cohort,XGBoost Importance,ACS_PCT_INC50_ABOVE65,0.008537808433175087
Complete Cohort,XGBoost Importance,cevd,0.008492684923112392
Complete Cohort,XGBoost Importance,ACS_PCT_POV_AIAN,0.008438545279204845
Complete Cohort,XGBoost Importance,ACS_PCT_VET_HS,0.008402775041759014
Complete Cohort,XGBoost Importance,ACS_PCT_HH_CELLULAR,0.008330224081873894
Complete Cohort,XGBoost Importance,wloss,0.008294878527522087
Complete Cohort,XGBoost Importance,ACS_PCT_GRANDP_RESPS_NO_P,0.008268975652754307
Complete Cohort,XGBoost Importance,ACS_PCT_GRADUATE_DGR,0.008193517103791237
Complete Cohort,XGBoost Importance,ACS_PCT_HH_SMARTPHONE,0.008027768693864346
Complete Cohort,XGBoost Importance,ACS_PCT_HH_BROADBAND_ONLY,0.008016864769160748
Complete Cohort,XGBoost Importance,ACS_PCT_HH_1FAM_FOOD_STMP,0.00800626166164875
Complete Cohort,XGBoost Importance,Age,0.007911545224487782
Complete Cohort,XGBoost Importance,ACS_PCT_HEALTH_INC_200_399,0.007890461944043636
Complete Cohort,XGBoost Importance,ACS_PCT_LT_HS,0.007875720039010048
Complete Cohort,XGBoost Importance,ACS_PCT_HH_1PERS,0.007860781624913216
Complete Cohort,XGBoost Importance,metacanc,0.007854757830500603
Complete Cohort,XGBoost Importance,ACS_PCT_PERSON_INC_125_199,0.007851270958781242
Complete Cohort,XGBoost Importance,ACS_PCT_HH_CELLULAR_ONLY,0.007839233614504337
Complete Cohort,XGBoost Importance,drug,0.007833671756088734
Complete Cohort,XGBoost Importance,ACS_PCT_POV_OTHER,0.007787465583533049
Complete Cohort,XGBoost Importance,chf,0.007765382528305054
Complete Cohort,XGBoost Importance,Hispanic_or_Latino,0.007756792474538088
Complete Cohort,XGBoost Importance,valv,0.00770229659974575
Complete Cohort,XGBoost Importance,ACS_PCT_HH_SAT_INTERNET,0.00768408365547657
Complete Cohort,XGBoost Importance,ACS_PCT_POV_WHITE,0.007617822848260403
Complete Cohort,XGBoost Importance,ACS_PCT_HEALTH_INC_138_199,0.007510907482355833
Complete Cohort,XGBoost Importance,elix_quan_ageadj,0.007470597978681326
Complete Cohort,XGBoost Importance,ACS_PCT_VET_COLLEGE,0.0073831467889249325
Complete Cohort,XGBoost Importance,ACS_PCT_GRANDP_NO_RESPS,0.007374523673206568
Complete Cohort,XGBoost Importance,depre,0.007372850552201271
Complete Cohort,XGBoost Importance,ACS_PCT_POV_BLACK,0.007371599320322275
Complete Cohort,XGBoost Importance,ACS_TOT_POP_POV,0.007331648841500282
Complete Cohort,XGBoost Importance,ACS_PCT_HH_TABLET_ONLY,0.00732129393145442
Complete Cohort,XGBoost Importance,ACS_PCT_HH_DIAL_INTERNET_ONLY,0.007289361208677292
Complete Cohort,XGBoost Importance,ACS_PCT_NO_WORK_NO_SCHL_16_19,0.007282121106982231
Complete Cohort,XGBoost Importance,rend,0.00726246926933527
Complete Cohort,XGBoost Importance,ACS_PCT_HH_TABLET,0.007201066240668297
Complete Cohort,XGBoost Importance,ACS_PCT_HH_PC_ONLY,0.007193191442638636
Complete Cohort,XGBoost Importance,ACS_PCT_COLLEGE_ASSOCIATE_DGR,0.00703068170696497
Complete Cohort,XGBoost Importance,ACS_PCT_HH_SMARTPHONE_ONLY,0.00700833136215806
Complete Cohort,XGBoost Importance,ACS_PCT_NONVET_POV_18_64,0.007003001868724823
Complete Cohort,XGBoost Importance,POP_RUR,0.006956135854125023
Complete Cohort,XGBoost Importance,ACS_PCT_CHILDREN_GRANDPARENT,0.006890070158988237
Complete Cohort,XGBoost Importance,fed,0.006838536821305752
Complete Cohort,XGBoost Importance,copd,0.006831299047917128
Complete Cohort,XGBoost Importance,ACS_PCT_HH_KID_1PRNT,0.006829092279076576
Complete Cohort,XGBoost Importance,ACS_PCT_HH_OTHER_COMP,0.006783140357583761
Complete Cohort,XGBoost Importance,ACS_PCT_PERSON_INC_ABOVE200,0.006751011125743389
Complete Cohort,XGBoost Importance,coag,0.006715388968586922
Complete Cohort,XGBoost Importance,ACS_PCT_PERSON_INC_100_124,0.0064863585866987705
Complete Cohort,XGBoost Importance,charlson_ageadj,0.006362753454595804
Complete Cohort,XGBoost Importance,ACS_PCT_PERSON_INC_BELOW99,0.006228318903595209
Complete Cohort,XGBoost Importance,rheumd,0.0062064058147370815
Complete Cohort,XGBoost Importance,pcd,0.005867220927029848
Complete Cohort,XGBoost Importance,psycho,0.005748289171606302
Complete Cohort,XGBoost Importance,obes,0.005564298015087843
Complete Cohort,XGBoost Importance,hypothy,0.005518971011042595
Complete Cohort,XGBoost Importance,ACS_PCT_BACHELOR_DGR,0.005515419878065586
Complete Cohort,XGBoost Importance,POP_URB,0.005232261959463358
Complete Cohort,XGBoost Importance,dane,0.0051487204618752
Complete Cohort,XGBoost Importance,American_Indian_or_Alaska_Native,0.005111356731504202
Complete Cohort,XGBoost Importance,pvd,0.005089059937745333
Complete Cohort,XGBoost Importance,ACS_PCT_VET_BACHELOR,0.0049682846292853355
Complete Cohort,XGBoost Importance,alcohol,0.004618015140295029
Complete Cohort,XGBoost Importance,carit,0.004489514976739883
Complete Cohort,XGBoost Importance,ld,0.004310653079301119
Complete Cohort,XGBoost Importance,Native_Hawiian_or_Pacific_Islander,0.003756830468773842
Complete Cohort,XGBoost Importance,lymph,0.0013117619091644883
Complete Cohort,XGBoost Importance,charlson_survival_10yr,0.0
Complete Cohort,XGBoost Importance,aids,0.0
Complete Cohort,XGBoost Importance,POPPCT_RUR,0.0
Diabetic Patients,Variance Threshold,hp,1.0000000000000009
Diabetic Patients,Variance Threshold,drug,1.0000000000000007
Diabetic Patients,Variance Threshold,American_Indian_or_Alaska_Native,1.0000000000000004
Diabetic Patients,Variance Threshold,ld,1.0000000000000004
Diabetic Patients,Variance Threshold,ACS_PCT_INC50,1.0000000000000004
Diabetic Patients,Variance Threshold,ACS_PCT_VET_BACHELOR,1.0000000000000002
Diabetic Patients,Variance Threshold,ACS_PCT_HH_NO_COMP_DEV,1.0000000000000002
Diabetic Patients,Variance Threshold,copd,1.0000000000000002
Diabetic Patients,Variance Threshold,ACS_PCT_CHILD_1FAM,1.0000000000000002
Diabetic Patients,Variance Threshold,fed,1.0000000000000002
Diabetic Patients,Variance Threshold,hypunc,1.0000000000000002
Diabetic Patients,Variance Threshold,ACS_PCT_HH_PC,1.0000000000000002
Diabetic Patients,Variance Threshold,ACS_PCT_HH_OTHER_COMP_ONLY,1.0000000000000002
Diabetic Patients,Variance Threshold,metacanc,1.0000000000000002
Diabetic Patients,Variance Threshold,ACS_PCT_HH_INTERNET,1.0000000000000002
Diabetic Patients,Variance Threshold,ACS_PCT_HH_1PERS,1.0000000000000002
Diabetic Patients,Variance Threshold,pcd,1.0000000000000002
Diabetic Patients,Variance Threshold,ACS_PCT_HH_CELLULAR,1.0000000000000002
Diabetic Patients,Variance Threshold,ACS_PCT_HH_BROADBAND_ONLY,1.0000000000000002
Diabetic Patients,Variance Threshold,pvd,1.0000000000000002
Diabetic Patients,Variance Threshold,ACS_PCT_HH_LIMIT_ENGLISH,1.0000000000000002
Diabetic Patients,Variance Threshold,ACS_PCT_VET_COLLEGE,1.0000000000000002
Diabetic Patients,Variance Threshold,POPPCT_URB,1.0000000000000002
Diabetic Patients,Variance Threshold,POP_RUR,1.0000000000000002
Diabetic Patients,Variance Threshold,ACS_PCT_NO_WORK_NO_SCHL_16_19,1.0000000000000002
Diabetic Patients,Variance Threshold,ACS_PCT_LT_HS,1.0000000000000002
Diabetic Patients,Variance Threshold,cevd,1.0000000000000002
Diabetic Patients,Variance Threshold,ACS_PCT_GRADUATE_DGR,1.0000000000000002
Diabetic Patients,Variance Threshold,ACS_PCT_NONVET_POV_18_64,1.0000000000000002
Diabetic Patients,Variance Threshold,ACS_PCT_POV_MULTI,1.0000000000000002
Diabetic Patients,Variance Threshold,ACS_PCT_PERSON_INC_100_124,1.0000000000000002
Diabetic Patients,Variance Threshold,ACS_PCT_HH_ALONE_ABOVE65,1.0000000000000002
Diabetic Patients,Variance Threshold,charlson_ageadj,1.0000000000000002
Diabetic Patients,Variance Threshold,ACS_PCT_HH_PUB_ASSIST,1.0000000000000002
Diabetic Patients,Variance Threshold,ACS_PCT_HH_NO_FD_STMP_BLW_POV,1.0000000000000002
Diabetic Patients,Variance Threshold,elix_quan_ageadj,1.0000000000000002
Diabetic Patients,Variance Threshold,ACS_PCT_POV_HISPANIC,1.0000000000000002
Diabetic Patients,Variance Threshold,Black_or_African_American,1.0000000000000002
Diabetic Patients,Variance Threshold,ACS_PCT_HEALTH_INC_200_399,1.0000000000000002
Diabetic Patients,Variance Threshold,ACS_PCT_POV_NHPI,1.0000000000000002
Diabetic Patients,Variance Threshold,Asian,1.0000000000000002
Diabetic Patients,Variance Threshold,ami,1.0000000000000002
Diabetic Patients,Variance Threshold,ACS_TOT_GRANDCHILDREN_GP,1.0000000000000002
Diabetic Patients,Variance Threshold,ACS_PCT_HH_KID_1PRNT,1.0000000000000002
Diabetic Patients,Variance Threshold,ACS_PCT_PERSON_INC_BELOW99,1.0000000000000002
Diabetic Patients,Variance Threshold,Days_Cared_For,1.0
Diabetic Patients,Variance Threshold,rend,1.0
Diabetic Patients,Variance Threshold,POPPCT_RUR,1.0
Diabetic Patients,Variance Threshold,Native_Hawiian_or_Pacific_Islander,1.0
Diabetic Patients,Variance Threshold,White,1.0
Diabetic Patients,Variance Threshold,canc,1.0
Diabetic Patients,Variance Threshold,charlson_score,1.0
Diabetic Patients,Variance Threshold,ond,1.0
Diabetic Patients,Variance Threshold,obes,1.0
Diabetic Patients,Variance Threshold,elix_swiss_score,1.0
Diabetic Patients,Variance Threshold,hypothy,1.0
Diabetic Patients,Variance Threshold,elix_swiss_ageadj,1.0
Diabetic Patients,Variance Threshold,alcohol,1.0
Diabetic Patients,Variance Threshold,depre,1.0
Diabetic Patients,Variance Threshold,dementia,1.0
Diabetic Patients,Variance Threshold,ACS_PCT_COLLEGE_ASSOCIATE_DGR,1.0
Diabetic Patients,Variance Threshold,coag,1.0
Diabetic Patients,Variance Threshold,Age,1.0
Diabetic Patients,Variance Threshold,ACS_PCT_HH_SMARTPHONE_ONLY,1.0
Diabetic Patients,Variance Threshold,ACS_PCT_HH_INTERNET_NO_SUBS,1.0
Diabetic Patients,Variance Threshold,ACS_PCT_INC50_ABOVE65,1.0
Diabetic Patients,Variance Threshold,ACS_PCT_HH_FOOD_STMP_BLW_POV,1.0
Diabetic Patients,Variance Threshold,ACS_PCT_HEALTH_INC_138_199,1.0
Diabetic Patients,Variance Threshold,ACS_PCT_HH_ABOVE65,1.0
Diabetic Patients,Variance Threshold,ACS_PCT_GRANDP_RESPS_P,1.0
Diabetic Patients,Variance Threshold,ACS_PCT_GRANDP_NO_RESPS,1.0
Diabetic Patients,Variance Threshold,ACS_PCT_HS_GRADUATE,1.0
Diabetic Patients,Variance Threshold,ACS_PCT_HH_TABLET_ONLY,1.0
Diabetic Patients,Variance Threshold,ACS_PCT_HH_SMARTPHONE,1.0
Diabetic Patients,Variance Threshold,ACS_PCT_HH_NO_INTERNET,1.0
Diabetic Patients,Variance Threshold,ACS_PCT_PERSON_INC_125_199,1.0
Diabetic Patients,Variance Threshold,ACS_PCT_HH_DIAL_INTERNET_ONLY,1.0
Diabetic Patients,Variance Threshold,ACS_PCT_HH_CELLULAR_ONLY,1.0
Diabetic Patients,Variance Threshold,ACS_PCT_POSTHS_ED,1.0
Diabetic Patients,Variance Threshold,ACS_PCT_HH_BROADBAND,1.0
Diabetic Patients,Variance Threshold,charlson_survival_10yr,0.9999999999999999
Diabetic Patients,Variance Threshold,elix_quan_score,0.9999999999999999
Diabetic Patients,Variance Threshold,ACS_PCT_VET_POV_18_64,0.9999999999999999
Diabetic Patients,Variance Threshold,ACS_PCT_HH_1FAM_FOOD_STMP,0.9999999999999999
Diabetic Patients,Variance Threshold,ACS_PCT_HEALTH_INC_BELOW137,0.9999999999999999
Diabetic Patients,Variance Threshold,ACS_PCT_POV_AIAN,0.9999999999999999
Diabetic Patients,Variance Threshold,POP_URB,0.9999999999999999
Diabetic Patients,Variance Threshold,ACS_PCT_POV_WHITE,0.9999999999999999
Diabetic Patients,Variance Threshold,carit,0.9999999999999999
Diabetic Patients,Variance Threshold,chf,0.9999999999999999
Diabetic Patients,Variance Threshold,ACS_PCT_GRANDP_RESPS_NO_P,0.9999999999999999
Diabetic Patients,Variance Threshold,ACS_PCT_CHILDREN_GRANDPARENT,0.9999999999999999
Diabetic Patients,Variance Threshold,ACS_PCT_HH_TABLET,0.9999999999999999
Diabetic Patients,Variance Threshold,ACS_PCT_PERSON_INC_ABOVE200,0.9999999999999999
Diabetic Patients,Variance Threshold,ACS_PCT_HH_PC_ONLY,0.9999999999999999
Diabetic Patients,Variance Threshold,ACS_PCT_HH_OTHER_COMP,0.9999999999999999
Diabetic Patients,Variance Threshold,ACS_PCT_POV_BLACK,0.9999999999999997
Diabetic Patients,Variance Threshold,ACS_PCT_POV_OTHER,0.9999999999999997
Diabetic Patients,Variance Threshold,ACS_PCT_VET_HS,0.9999999999999997
Diabetic Patients,Variance Threshold,ACS_PCT_HEALTH_INC_ABOVE400,0.9999999999999997
Diabetic Patients,Variance Threshold,Hispanic_or_Latino,0.9999999999999997
Diabetic Patients,Variance Threshold,ACS_PCT_POV_ASIAN,0.9999999999999997
Diabetic Patients,Variance Threshold,ACS_PCT_HH_SAT_INTERNET,0.9999999999999997
Diabetic Patients,Variance Threshold,lymph,0.9999999999999997
Diabetic Patients,Variance Threshold,ACS_PCT_BACHELOR_DGR,0.9999999999999997
Diabetic Patients,Variance Threshold,ACS_TOT_POP_POV,0.9999999999999996
Diabetic Patients,Variance Threshold,psycho,0.9999999999999996
Diabetic Patients,Variance Threshold,hypc,0.9999999999999993
Diabetic Patients,Variance Threshold,rheumd,0.9999999999999993
Diabetic Patients,Variance Threshold,dane,0.9999999999999993
Diabetic Patients,Variance Threshold,valv,0.999999999999999
Diabetic Patients,Variance Threshold,wloss,0.999999999999999
Diabetic Patients,Variance Threshold,aids,0.0
Diabetic Patients,Lasso (L1 LogReg),Days_Cared_For,0.6883885804306491
Diabetic Patients,Lasso (L1 LogReg),elix_quan_score,0.20122673312788417
Diabetic Patients,Lasso (L1 LogReg),hypunc,-0.14872628392426665
Diabetic Patients,Lasso (L1 LogReg),Age,-0.12564723170216927
Diabetic Patients,Lasso (L1 LogReg),White,0.07817675930258551
Diabetic Patients,Lasso (L1 LogReg),Asian,-0.07563296372511563
Diabetic Patients,Lasso (L1 LogReg),chf,0.06655813943503501
Diabetic Patients,Lasso (L1 LogReg),copd,0.0490471256137621
Diabetic Patients,Lasso (L1 LogReg),ACS_PCT_HH_TABLET,0.04476544548764771
Diabetic Patients,Lasso (L1 LogReg),cevd,0.039504066053699174
Diabetic Patients,Lasso (L1 LogReg),ami,0.03901562352213546
Diabetic Patients,Lasso (L1 LogReg),canc,0.036270987118576244
Diabetic Patients,Lasso (L1 LogReg),dementia,-0.030095214683852588
Diabetic Patients,Lasso (L1 LogReg),ACS_PCT_GRANDP_RESPS_P,-0.024653008742638444
Diabetic Patients,Lasso (L1 LogReg),ACS_PCT_INC50_ABOVE65,0.022490916085150373
Diabetic Patients,Lasso (L1 LogReg),ld,0.021569018676262954
Diabetic Patients,Lasso (L1 LogReg),obes,-0.02053780450427114
Diabetic Patients,Lasso (L1 LogReg),valv,0.018541982317927544
Diabetic Patients,Lasso (L1 LogReg),metacanc,-0.018223615128934997
Diabetic Patients,Lasso (L1 LogReg),Black_or_African_American,-0.017981046289552768
Diabetic Patients,Lasso (L1 LogReg),ACS_PCT_POV_OTHER,0.016708230833111005
Diabetic Patients,Lasso (L1 LogReg),ond,-0.016648825685484796
Diabetic Patients,Lasso (L1 LogReg),charlson_score,0.016624587193000997
Diabetic Patients,Lasso (L1 LogReg),psycho,-0.016081648619294873
Diabetic Patients,Lasso (L1 LogReg),ACS_PCT_HH_CELLULAR_ONLY,-0.015587549940942223
Diabetic Patients,Lasso (L1 LogReg),alcohol,-0.015337424247121654
Diabetic Patients,Lasso (L1 LogReg),ACS_PCT_POV_MULTI,0.015138259528633784
Diabetic Patients,Lasso (L1 LogReg),lymph,-0.015019273640816726
Diabetic Patients,Lasso (L1 LogReg),pcd,0.0147062997933402
Diabetic Patients,Lasso (L1 LogReg),ACS_PCT_HH_LIMIT_ENGLISH,0.013783839908025907
Diabetic Patients,Lasso (L1 LogReg),hypothy,-0.013780331289694893
Diabetic Patients,Lasso (L1 LogReg),pvd,0.012961289152545035
Diabetic Patients,Lasso (L1 LogReg),ACS_PCT_HH_BROADBAND,0.012195366146549274
Diabetic Patients,Lasso (L1 LogReg),fed,-0.010997885121492537
Diabetic Patients,Lasso (L1 LogReg),ACS_PCT_POV_NHPI,-0.010741992034523345
Diabetic Patients,Lasso (L1 LogReg),ACS_PCT_HH_OTHER_COMP,-0.010549565396409203
Diabetic Patients,Lasso (L1 LogReg),POP_URB,0.00908506604074808
Diabetic Patients,Lasso (L1 LogReg),rheumd,-0.008872705636362055
Diabetic Patients,Lasso (L1 LogReg),ACS_PCT_HH_SAT_INTERNET,-0.0069371546883988415
Diabetic Patients,Lasso (L1 LogReg),ACS_PCT_HEALTH_INC_200_399,-0.006123261847918246
Diabetic Patients,Lasso (L1 LogReg),ACS_PCT_HH_1FAM_FOOD_STMP,-0.0048402465983342175
Diabetic Patients,Lasso (L1 LogReg),ACS_PCT_HH_1PERS,0.004784667075803624
Diabetic Patients,Lasso (L1 LogReg),ACS_PCT_HH_PC_ONLY,-0.004404297913385685
Diabetic Patients,Lasso (L1 LogReg),ACS_PCT_POV_HISPANIC,0.0023690874613027696
Diabetic Patients,Lasso (L1 LogReg),ACS_PCT_VET_COLLEGE,-0.0011664420259032693
Diabetic Patients,Lasso (L1 LogReg),ACS_PCT_HH_INTERNET_NO_SUBS,0.00027184189498191615
Diabetic Patients,Lasso (L1 LogReg),coag,0.0002086299446220713
Diabetic Patients,Lasso (L1 LogReg),ACS_PCT_VET_POV_18_64,-3.7077936594846625e-05
Diabetic Patients,Lasso (L1 LogReg),rend,0.0
Diabetic Patients,Lasso (L1 LogReg),charlson_ageadj,0.0
Diabetic Patients,Lasso (L1 LogReg),Native_Hawiian_or_Pacific_Islander,0.0
Diabetic Patients,Lasso (L1 LogReg),charlson_survival_10yr,0.0
Diabetic Patients,Lasso (L1 LogReg),elix_quan_ageadj,0.0
Diabetic Patients,Lasso (L1 LogReg),wloss,0.0
Diabetic Patients,Lasso (L1 LogReg),Hispanic_or_Latino,0.0
Diabetic Patients,Lasso (L1 LogReg),aids,0.0
Diabetic Patients,Lasso (L1 LogReg),elix_swiss_score,0.0
Diabetic Patients,Lasso (L1 LogReg),elix_swiss_ageadj,0.0
Diabetic Patients,Lasso (L1 LogReg),drug,0.0
Diabetic Patients,Lasso (L1 LogReg),carit,0.0
Diabetic Patients,Lasso (L1 LogReg),American_Indian_or_Alaska_Native,0.0
Diabetic Patients,Lasso (L1 LogReg),hypc,0.0
Diabetic Patients,Lasso (L1 LogReg),POPPCT_URB,0.0
Diabetic Patients,Lasso (L1 LogReg),hp,0.0
Diabetic Patients,Lasso (L1 LogReg),dane,0.0
Diabetic Patients,Lasso (L1 LogReg),depre,0.0
Diabetic Patients,Lasso (L1 LogReg),ACS_TOT_POP_POV,0.0
Diabetic Patients,Lasso (L1 LogReg),POP_RUR,0.0
Diabetic Patients,Lasso (L1 LogReg),ACS_PCT_HH_PUB_ASSIST,0.0
Diabetic Patients,Lasso (L1 LogReg),ACS_PCT_HH_ABOVE65,0.0
Diabetic Patients,Lasso (L1 LogReg),ACS_PCT_HH_ALONE_ABOVE65,0.0
Diabetic Patients,Lasso (L1 LogReg),ACS_PCT_HH_KID_1PRNT,0.0
Diabetic Patients,Lasso (L1 LogReg),ACS_TOT_GRANDCHILDREN_GP,0.0
Diabetic Patients,Lasso (L1 LogReg),ACS_PCT_HEALTH_INC_138_199,0.0
Diabetic Patients,Lasso (L1 LogReg),ACS_PCT_HEALTH_INC_ABOVE400,0.0
Diabetic Patients,Lasso (L1 LogReg),ACS_PCT_HEALTH_INC_BELOW137,0.0
Diabetic Patients,Lasso (L1 LogReg),ACS_PCT_HH_FOOD_STMP_BLW_POV,0.0
Diabetic Patients,Lasso (L1 LogReg),ACS_PCT_HH_NO_FD_STMP_BLW_POV,0.0
Diabetic Patients,Lasso (L1 LogReg),ACS_PCT_INC50,0.0
Diabetic Patients,Lasso (L1 LogReg),POPPCT_RUR,0.0
Diabetic Patients,Lasso (L1 LogReg),ACS_PCT_NONVET_POV_18_64,0.0
Diabetic Patients,Lasso (L1 LogReg),ACS_PCT_PERSON_INC_100_124,0.0
Diabetic Patients,Lasso (L1 LogReg),ACS_PCT_PERSON_INC_125_199,0.0
Diabetic Patients,Lasso (L1 LogReg),ACS_PCT_PERSON_INC_ABOVE200,0.0
Diabetic Patients,Lasso (L1 LogReg),ACS_PCT_PERSON_INC_BELOW99,0.0
Diabetic Patients,Lasso (L1 LogReg),ACS_PCT_POV_AIAN,0.0
Diabetic Patients,Lasso (L1 LogReg),ACS_PCT_POV_ASIAN,0.0
Diabetic Patients,Lasso (L1 LogReg),ACS_PCT_POV_BLACK,0.0
Diabetic Patients,Lasso (L1 LogReg),ACS_PCT_POV_WHITE,0.0
Diabetic Patients,Lasso (L1 LogReg),ACS_PCT_GRANDP_RESPS_NO_P,0.0
Diabetic Patients,Lasso (L1 LogReg),ACS_PCT_GRANDP_NO_RESPS,0.0
Diabetic Patients,Lasso (L1 LogReg),ACS_PCT_CHILD_1FAM,0.0
Diabetic Patients,Lasso (L1 LogReg),ACS_PCT_CHILDREN_GRANDPARENT,0.0
Diabetic Patients,Lasso (L1 LogReg),ACS_PCT_BACHELOR_DGR,0.0
Diabetic Patients,Lasso (L1 LogReg),ACS_PCT_COLLEGE_ASSOCIATE_DGR,0.0
Diabetic Patients,Lasso (L1 LogReg),ACS_PCT_GRADUATE_DGR,0.0
Diabetic Patients,Lasso (L1 LogReg),ACS_PCT_HS_GRADUATE,0.0
Diabetic Patients,Lasso (L1 LogReg),ACS_PCT_LT_HS,0.0
Diabetic Patients,Lasso (L1 LogReg),ACS_PCT_NO_WORK_NO_SCHL_16_19,0.0
Diabetic Patients,Lasso (L1 LogReg),ACS_PCT_POSTHS_ED,0.0
Diabetic Patients,Lasso (L1 LogReg),ACS_PCT_VET_HS,0.0
Diabetic Patients,Lasso (L1 LogReg),ACS_PCT_HH_BROADBAND_ONLY,0.0
Diabetic Patients,Lasso (L1 LogReg),ACS_PCT_HH_CELLULAR,0.0
Diabetic Patients,Lasso (L1 LogReg),ACS_PCT_HH_DIAL_INTERNET_ONLY,0.0
Diabetic Patients,Lasso (L1 LogReg),ACS_PCT_HH_INTERNET,0.0
Diabetic Patients,Lasso (L1 LogReg),ACS_PCT_HH_NO_COMP_DEV,0.0
Diabetic Patients,Lasso (L1 LogReg),ACS_PCT_HH_NO_INTERNET,0.0
Diabetic Patients,Lasso (L1 LogReg),ACS_PCT_HH_OTHER_COMP_ONLY,0.0
Diabetic Patients,Lasso (L1 LogReg),ACS_PCT_HH_PC,0.0
Diabetic Patients,Lasso (L1 LogReg),ACS_PCT_HH_SMARTPHONE,0.0
Diabetic Patients,Lasso (L1 LogReg),ACS_PCT_HH_SMARTPHONE_ONLY,0.0
Diabetic Patients,Lasso (L1 LogReg),ACS_PCT_HH_TABLET_ONLY,0.0
Diabetic Patients,Lasso (L1 LogReg),ACS_PCT_VET_BACHELOR,0.0
Diabetic Patients,Random Forest Importance,Days_Cared_For,0.25219698736741786
Diabetic Patients,Random Forest Importance,Age,0.1447409031590453
Diabetic Patients,Random Forest Importance,elix_swiss_ageadj,0.042190781021435635
Diabetic Patients,Random Forest Importance,elix_quan_ageadj,0.0395711021983916
Diabetic Patients,Random Forest Importance,charlson_ageadj,0.03108127614847499
Diabetic Patients,Random Forest Importance,charlson_survival_10yr,0.03022628839596521
Diabetic Patients,Random Forest Importance,elix_swiss_score,0.02743273819741553
Diabetic Patients,Random Forest Importance,elix_quan_score,0.022865503874829725
Diabetic Patients,Random Forest Importance,charlson_score,0.02220015009241081
Diabetic Patients,Random Forest Importance,White,0.017688807095807182
Diabetic Patients,Random Forest Importance,hypunc,0.01721517597958971
Diabetic Patients,Random Forest Importance,Hispanic_or_Latino,0.01515208227803929
Diabetic Patients,Random Forest Importance,Black_or_African_American,0.013622881875585429
Diabetic Patients,Random Forest Importance,hypc,0.013250405234523262
Diabetic Patients,Random Forest Importance,depre,0.011308742444769286
Diabetic Patients,Random Forest Importance,cevd,0.0097939197456217
Diabetic Patients,Random Forest Importance,dementia,0.007904059448544956
Diabetic Patients,Random Forest Importance,copd,0.007760938533159669
Diabetic Patients,Random Forest Importance,hypothy,0.0072513442626888705
Diabetic Patients,Random Forest Importance,chf,0.006358187846279451
Diabetic Patients,Random Forest Importance,rend,0.00573374818712405
Diabetic Patients,Random Forest Importance,carit,0.005425946802380299
Diabetic Patients,Random Forest Importance,obes,0.005113745175566854
Diabetic Patients,Random Forest Importance,Asian,0.004293551747371619
Diabetic Patients,Random Forest Importance,ACS_PCT_VET_COLLEGE,0.0037985494179884316
Diabetic Patients,Random Forest Importance,ACS_PCT_HH_SAT_INTERNET,0.003734737000372001
Diabetic Patients,Random Forest Importance,ACS_PCT_GRANDP_NO_RESPS,0.003716790968325142
Diabetic Patients,Random Forest Importance,rheumd,0.003693604532274961
Diabetic Patients,Random Forest Importance,ACS_PCT_HH_BROADBAND_ONLY,0.0036852674871874743
Diabetic Patients,Random Forest Importance,ACS_PCT_POV_MULTI,0.0036096732981002306
Diabetic Patients,Random Forest Importance,ACS_PCT_HH_CELLULAR_ONLY,0.00356408061018648
Diabetic Patients,Random Forest Importance,ACS_PCT_INC50_ABOVE65,0.0035468385139119877
Diabetic Patients,Random Forest Importance,ACS_PCT_VET_POV_18_64,0.003546119375119594
Diabetic Patients,Random Forest Importance,ACS_PCT_GRANDP_RESPS_NO_P,0.0035434280140554542
Diabetic Patients,Random Forest Importance,POP_RUR,0.003520948160818013
Diabetic Patients,Random Forest Importance,ACS_TOT_GRANDCHILDREN_GP,0.0035107506656348597
Diabetic Patients,Random Forest Importance,ACS_PCT_HH_ABOVE65,0.003509573100755199
Diabetic Patients,Random Forest Importance,ACS_PCT_HH_INTERNET_NO_SUBS,0.0034977397510533694
Diabetic Patients,Random Forest Importance,ACS_PCT_GRANDP_RESPS_P,0.0034625066555186547
Diabetic Patients,Random Forest Importance,ACS_PCT_HEALTH_INC_200_399,0.003422609910832525
Diabetic Patients,Random Forest Importance,ACS_PCT_HH_PC_ONLY,0.0034213192477685218
Diabetic Patients,Random Forest Importance,ACS_PCT_HH_1PERS,0.00339621300718208
Diabetic Patients,Random Forest Importance,ACS_PCT_CHILDREN_GRANDPARENT,0.0033916666313480006
Diabetic Patients,Random Forest Importance,ACS_PCT_HH_LIMIT_ENGLISH,0.0033877599917047627
Diabetic Patients,Random Forest Importance,ond,0.0033811214584248705
Diabetic Patients,Random Forest Importance,ACS_PCT_POV_HISPANIC,0.00338078444693329
Diabetic Patients,Random Forest Importance,ACS_PCT_HH_NO_FD_STMP_BLW_POV,0.0033649001120324156
Diabetic Patients,Random Forest Importance,ACS_PCT_HH_OTHER_COMP,0.0033609420240720395
Diabetic Patients,Random Forest Importance,ACS_PCT_COLLEGE_ASSOCIATE_DGR,0.0032878332260110788
Diabetic Patients,Random Forest Importance,ACS_PCT_HH_ALONE_ABOVE65,0.003266532872130654
Diabetic Patients,Random Forest Importance,ACS_PCT_PERSON_INC_125_199,0.0032310677427224714
Diabetic Patients,Random Forest Importance,ACS_PCT_POV_OTHER,0.0032090963974527975
Diabetic Patients,Random Forest Importance,ACS_PCT_LT_HS,0.0031906063987444345
Diabetic Patients,Random Forest Importance,ACS_PCT_HH_DIAL_INTERNET_ONLY,0.0031825236041865003
Diabetic Patients,Random Forest Importance,ACS_TOT_POP_POV,0.003150653312511485
Diabetic Patients,Random Forest Importance,ACS_PCT_PERSON_INC_100_124,0.0031449737438058608
Diabetic Patients,Random Forest Importance,ACS_PCT_HH_1FAM_FOOD_STMP,0.00314274050198534
Diabetic Patients,Random Forest Importance,ACS_PCT_HH_CELLULAR,0.0031344881941543267
Diabetic Patients,Random Forest Importance,ACS_PCT_HEALTH_INC_138_199,0.0031338437368564976
Diabetic Patients,Random Forest Importance,ACS_PCT_HH_TABLET_ONLY,0.0031319936835997445
Diabetic Patients,Random Forest Importance,ACS_PCT_NO_WORK_NO_SCHL_16_19,0.0031316973991489566
Diabetic Patients,Random Forest Importance,ACS_PCT_POV_WHITE,0.0031216211159012714
Diabetic Patients,Random Forest Importance,ACS_PCT_HH_TABLET,0.003109602200118776
Diabetic Patients,Random Forest Importance,ACS_PCT_INC50,0.0030960139213266104
Diabetic Patients,Random Forest Importance,ACS_PCT_VET_HS,0.003086632594013911
Diabetic Patients,Random Forest Importance,ACS_PCT_CHILD_1FAM,0.0030863050637804975
Diabetic Patients,Random Forest Importance,ACS_PCT_HH_BROADBAND,0.003082290232580833
Diabetic Patients,Random Forest Importance,canc,0.003081547240804541
Diabetic Patients,Random Forest Importance,ACS_PCT_HH_SMARTPHONE_ONLY,0.003081134537168602
Diabetic Patients,Random Forest Importance,ACS_PCT_GRADUATE_DGR,0.0030609316500196087
Diabetic Patients,Random Forest Importance,ACS_PCT_VET_BACHELOR,0.0030472114823034717
Diabetic Patients,Random Forest Importance,ACS_PCT_HS_GRADUATE,0.0030046694752525346
Diabetic Patients,Random Forest Importance,ACS_PCT_POV_BLACK,0.0029984269134609633
Diabetic Patients,Random Forest Importance,ACS_PCT_HH_KID_1PRNT,0.002922578461849843
Diabetic Patients,Random Forest Importance,ACS_PCT_BACHELOR_DGR,0.0028862721873376897
Diabetic Patients,Random Forest Importance,ACS_PCT_POSTHS_ED,0.0028760554182241634
Diabetic Patients,Random Forest Importance,ACS_PCT_POV_AIAN,0.002872064276366682
Diabetic Patients,Random Forest Importance,ACS_PCT_HH_SMARTPHONE,0.002838409939403048
Diabetic Patients,Random Forest Importance,ACS_PCT_HH_INTERNET,0.002831870438597867
Diabetic Patients,Random Forest Importance,ACS_PCT_HEALTH_INC_BELOW137,0.0027915580578064996
Diabetic Patients,Random Forest Importance,ACS_PCT_HH_NO_INTERNET,0.0027849863979160444
Diabetic Patients,Random Forest Importance,ACS_PCT_HH_FOOD_STMP_BLW_POV,0.002783794312082078
Diabetic Patients,Random Forest Importance,ACS_PCT_HH_PUB_ASSIST,0.002762449472760462
Diabetic Patients,Random Forest Importance,ACS_PCT_PERSON_INC_BELOW99,0.0027487229659304076
Diabetic Patients,Random Forest Importance,ACS_PCT_HH_NO_COMP_DEV,0.0027445854194301646
Diabetic Patients,Random Forest Importance,ACS_PCT_PERSON_INC_ABOVE200,0.0026949093221838964
Diabetic Patients,Random Forest Importance,ACS_PCT_NONVET_POV_18_64,0.0026930132312597754
Diabetic Patients,Random Forest Importance,ACS_PCT_HH_PC,0.002667222953530059
Diabetic Patients,Random Forest Importance,ami,0.002614805049260703
Diabetic Patients,Random Forest Importance,ACS_PCT_POV_ASIAN,0.002596783067125988
Diabetic Patients,Random Forest Importance,POPPCT_RUR,0.002591159703448555
Diabetic Patients,Random Forest Importance,POP_URB,0.0025714203246753053
Diabetic Patients,Random Forest Importance,POPPCT_URB,0.002498209920387214
Diabetic Patients,Random Forest Importance,ACS_PCT_HEALTH_INC_ABOVE400,0.002489800163037613
Diabetic Patients,Random Forest Importance,psycho,0.0021990913567900526
Diabetic Patients,Random Forest Importance,pvd,0.0020048728841427447
Diabetic Patients,Random Forest Importance,ACS_PCT_HH_OTHER_COMP_ONLY,0.0016983662815909474
Diabetic Patients,Random Forest Importance,dane,0.0016861939337439093
Diabetic Patients,Random Forest Importance,valv,0.0016632542326866103
Diabetic Patients,Random Forest Importance,ACS_PCT_POV_NHPI,0.0016216180873200293
Diabetic Patients,Random Forest Importance,pcd,0.0015560760138643396
Diabetic Patients,Random Forest Importance,ld,0.0014544679954162818
Diabetic Patients,Random Forest Importance,fed,0.0012027097995925883
Diabetic Patients,Random Forest Importance,hp,0.0009314495337585124
Diabetic Patients,Random Forest Importance,wloss,0.0008050305117192888
Diabetic Patients,Random Forest Importance,American_Indian_or_Alaska_Native,0.0007134141528058745
Diabetic Patients,Random Forest Importance,alcohol,0.0006466442486342892
Diabetic Patients,Random Forest Importance,Native_Hawiian_or_Pacific_Islander,0.00048463647111486667
Diabetic Patients,Random Forest Importance,metacanc,0.0003395367273491907
Diabetic Patients,Random Forest Importance,lymph,0.00033124708693157105
Diabetic Patients,Random Forest Importance,drug,0.00020407544341361766
Diabetic Patients,Random Forest Importance,coag,0.0001750154224307766
Diabetic Patients,Random Forest Importance,aids,0.0
Diabetic Patients,Permutation Importance (RF),Days_Cared_For,0.027860307531925966
Diabetic Patients,Permutation Importance (RF),hypothy,0.0009121709669012157
Diabetic Patients,Permutation Importance (RF),ond,0.0009121709669011935
Diabetic Patients,Permutation Importance (RF),hypunc,0.0005994266353922306
Diabetic Patients,Permutation Importance (RF),obes,0.0005994266353922306
Diabetic Patients,Permutation Importance (RF),rheumd,0.0005473025801407516
Diabetic Patients,Permutation Importance (RF),copd,0.00018243419338024314
Diabetic Patients,Permutation Importance (RF),alcohol,0.00013031013812871972
Diabetic Patients,Permutation Importance (RF),psycho,0.00013031013812871972
Diabetic Patients,Permutation Importance (RF),dane,0.00010424811050298022
Diabetic Patients,Permutation Importance (RF),metacanc,5.212405525147901e-05
Diabetic Patients,Permutation Importance (RF),hp,2.6062027625739504e-05
Diabetic Patients,Permutation Importance (RF),depre,0.0
Diabetic Patients,Permutation Importance (RF),coag,0.0
Diabetic Patients,Permutation Importance (RF),ld,0.0
Diabetic Patients,Permutation Importance (RF),drug,0.0
Diabetic Patients,Permutation Importance (RF),aids,0.0
Diabetic Patients,Permutation Importance (RF),ACS_PCT_BACHELOR_DGR,0.0
Diabetic Patients,Permutation Importance (RF),wloss,-2.2204460492503132e-17
Diabetic Patients,Permutation Importance (RF),pvd,-2.6062027625806118e-05
Diabetic Patients,Permutation Importance (RF),American_Indian_or_Alaska_Native,-5.2124055251501214e-05
Diabetic Patients,Permutation Importance (RF),fed,-5.212405525152341e-05
Diabetic Patients,Permutation Importance (RF),Native_Hawiian_or_Pacific_Islander,-0.00010424811050304683
Diabetic Patients,Permutation Importance (RF),canc,-0.00015637216575452583
Diabetic Patients,Permutation Importance (RF),lymph,-0.00015637216575454805
Diabetic Patients,Permutation Importance (RF),valv,-0.00020849622100600486
Diabetic Patients,Permutation Importance (RF),pcd,-0.00026062027625750606
Diabetic Patients,Permutation Importance (RF),ami,-0.0004169924420119875
Diabetic Patients,Permutation Importance (RF),Asian,-0.0005473025801407295
Diabetic Patients,Permutation Importance (RF),rend,-0.0009903570497785009
Diabetic Patients,Permutation Importance (RF),ACS_PCT_POV_NHPI,-0.0010164190774042403
Diabetic Patients,Permutation Importance (RF),ACS_PCT_HH_OTHER_COMP_ONLY,-0.001094605160281481
Diabetic Patients,Permutation Importance (RF),ACS_PCT_HH_SMARTPHONE_ONLY,-0.0011206671879072428
Diabetic Patients,Permutation Importance (RF),ACS_PCT_HH_SAT_INTERNET,-0.0011727912431587439
Diabetic Patients,Permutation Importance (RF),hypc,-0.0012770393536617243
Diabetic Patients,Permutation Importance (RF),ACS_PCT_HH_1PERS,-0.0012770393536617243
Diabetic Patients,Permutation Importance (RF),carit,-0.0012770393536617243
Diabetic Patients,Permutation Importance (RF),ACS_PCT_CHILD_1FAM,-0.001355225436538987
Diabetic Patients,Permutation Importance (RF),ACS_PCT_HH_INTERNET,-0.0013812874641647265
Diabetic Patients,Permutation Importance (RF),ACS_PCT_HH_TABLET_ONLY,-0.0014334115194162057
Diabetic Patients,Permutation Importance (RF),ACS_PCT_PERSON_INC_BELOW99,-0.0015376596299191859
Diabetic Patients,Permutation Importance (RF),ACS_PCT_HH_1FAM_FOOD_STMP,-0.001537659629919208
Diabetic Patients,Permutation Importance (RF),ACS_TOT_GRANDCHILDREN_GP,-0.0015897836851707313
Diabetic Patients,Permutation Importance (RF),ACS_PCT_HH_NO_INTERNET,-0.0017461558509252128
Diabetic Patients,Permutation Importance (RF),ACS_PCT_HEALTH_INC_138_199,-0.0017722178785509746
Diabetic Patients,Permutation Importance (RF),ACS_PCT_POV_OTHER,-0.0018243419338024535
Diabetic Patients,Permutation Importance (RF),ACS_PCT_VET_BACHELOR,-0.0018243419338024758
Diabetic Patients,Permutation Importance (RF),dementia,-0.001876465989053977
Diabetic Patients,Permutation Importance (RF),ACS_PCT_NO_WORK_NO_SCHL_16_19,-0.001928590044305456
Diabetic Patients,Permutation Importance (RF),cevd,-0.001928590044305456
Diabetic Patients,Permutation Importance (RF),ACS_PCT_POV_MULTI,-0.001980714099556957
Diabetic Patients,Permutation Importance (RF),ACS_PCT_POV_WHITE,-0.0019807140995569796
Diabetic Patients,Permutation Importance (RF),ACS_PCT_VET_HS,-0.0020067761271826967
Diabetic Patients,Permutation Importance (RF),ACS_PCT_INC50,-0.0020067761271826967
Diabetic Patients,Permutation Importance (RF),ACS_PCT_POSTHS_ED,-0.0020328381548084806
Diabetic Patients,Permutation Importance (RF),ACS_PCT_HH_BROADBAND,-0.0020589001824341977
Diabetic Patients,Permutation Importance (RF),ACS_PCT_HH_PC,-0.0020589001824341977
Diabetic Patients,Permutation Importance (RF),ACS_PCT_HH_NO_FD_STMP_BLW_POV,-0.0021110242376856992
Diabetic Patients,Permutation Importance (RF),ACS_PCT_POV_ASIAN,-0.0021110242376857213
Diabetic Patients,Permutation Importance (RF),chf,-0.002215272348188679
Diabetic Patients,Permutation Importance (RF),ACS_PCT_GRADUATE_DGR,-0.0022934584310659424
Diabetic Patients,Permutation Importance (RF),ACS_PCT_GRANDP_RESPS_NO_P,-0.002371644513943183
Diabetic Patients,Permutation Importance (RF),POPPCT_URB,-0.0023716445139432053
Diabetic Patients,Permutation Importance (RF),ACS_PCT_HS_GRADUATE,-0.002449830596820424
Diabetic Patients,Permutation Importance (RF),ACS_PCT_POV_AIAN,-0.00258014073494921
Diabetic Patients,Permutation Importance (RF),ACS_PCT_HH_CELLULAR,-0.0026062027625749274
Diabetic Patients,Permutation Importance (RF),ACS_PCT_PERSON_INC_ABOVE200,-0.002632264790200689
Diabetic Patients,Permutation Importance (RF),ACS_PCT_HEALTH_INC_ABOVE400,-0.0026583268178264285
Diabetic Patients,Permutation Importance (RF),ACS_PCT_HEALTH_INC_BELOW137,-0.00271045087307793
Diabetic Patients,Permutation Importance (RF),ACS_PCT_COLLEGE_ASSOCIATE_DGR,-0.002736512900703669
Diabetic Patients,Permutation Importance (RF),ACS_PCT_HH_CELLULAR_ONLY,-0.002762574928329453
Diabetic Patients,Permutation Importance (RF),ACS_TOT_POP_POV,-0.002814698983580932
Diabetic Patients,Permutation Importance (RF),ACS_PCT_HH_NO_COMP_DEV,-0.002814698983580932
Diabetic Patients,Permutation Importance (RF),ACS_PCT_HH_ABOVE65,-0.0028146989835809546
Diabetic Patients,Permutation Importance (RF),ACS_PCT_POV_BLACK,-0.0028668230388324114
Diabetic Patients,Permutation Importance (RF),ACS_PCT_POV_HISPANIC,-0.0028668230388324335
Diabetic Patients,Permutation Importance (RF),POP_RUR,-0.0028928850664581727
Diabetic Patients,Permutation Importance (RF),ACS_PCT_NONVET_POV_18_64,-0.0029971331769611752
Diabetic Patients,Permutation Importance (RF),ACS_PCT_GRANDP_RESPS_P,-0.003023195204586915
Diabetic Patients,Permutation Importance (RF),ACS_PCT_HH_DIAL_INTERNET_ONLY,-0.003075319259838416
Diabetic Patients,Permutation Importance (RF),ACS_PCT_HH_ALONE_ABOVE65,-0.0031535053427156788
Diabetic Patients,Permutation Importance (RF),Black_or_African_American,-0.003205629397967158
Diabetic Patients,Permutation Importance (RF),ACS_PCT_HH_LIMIT_ENGLISH,-0.003205629397967158
Diabetic Patients,Permutation Importance (RF),ACS_PCT_HH_KID_1PRNT,-0.0032316914255929195
Diabetic Patients,Permutation Importance (RF),ACS_PCT_PERSON_INC_100_124,-0.003283815480844421
Diabetic Patients,Permutation Importance (RF),POPPCT_RUR,-0.003283815480844421
Diabetic Patients,Permutation Importance (RF),ACS_PCT_HH_PUB_ASSIST,-0.0033620015637216617
Diabetic Patients,Permutation Importance (RF),ACS_PCT_HH_INTERNET_NO_SUBS,-0.0033620015637216617
Diabetic Patients,Permutation Importance (RF),ACS_PCT_HH_BROADBAND_ONLY,-0.0034401876465989245
Diabetic Patients,Permutation Importance (RF),ACS_PCT_HH_FOOD_STMP_BLW_POV,-0.0034923117018504034
Diabetic Patients,Permutation Importance (RF),POP_URB,-0.003544435757101905
Diabetic Patients,Permutation Importance (RF),ACS_PCT_LT_HS,-0.0036747458952306688
Diabetic Patients,Permutation Importance (RF),ACS_PCT_CHILDREN_GRANDPARENT,-0.0037008079228564084
Diabetic Patients,Permutation Importance (RF),ACS_PCT_HH_SMARTPHONE,-0.0037529319781079095
Diabetic Patients,Permutation Importance (RF),ACS_PCT_PERSON_INC_125_199,-0.003935366171488153
Diabetic Patients,Permutation Importance (RF),ACS_PCT_HH_TABLET,-0.003987490226739676
Diabetic Patients,Permutation Importance (RF),ACS_PCT_HH_OTHER_COMP,-0.0042220484753713984
Diabetic Patients,Permutation Importance (RF),Hispanic_or_Latino,-0.004300234558248617
Diabetic Patients,Permutation Importance (RF),ACS_PCT_VET_POV_18_64,-0.004300234558248639
Diabetic Patients,Permutation Importance (RF),ACS_PCT_INC50_ABOVE65,-0.004586916862131907
Diabetic Patients,Permutation Importance (RF),ACS_PCT_GRANDP_NO_RESPS,-0.004639040917383408
Diabetic Patients,Permutation Importance (RF),ACS_PCT_HEALTH_INC_200_399,-0.004795413083137889
Diabetic Patients,Permutation Importance (RF),ACS_PCT_VET_COLLEGE,-0.005056033359395395
Diabetic Patients,Permutation Importance (RF),ACS_PCT_HH_PC_ONLY,-0.0051602814698983755
Diabetic Patients,Permutation Importance (RF),White,-0.005316653635652857
Diabetic Patients,Permutation Importance (RF),Age,-0.006437320823560078
Diabetic Patients,Permutation Importance (RF),charlson_ageadj,-0.008965337503257764
Diabetic Patients,Permutation Importance (RF),elix_swiss_score,-0.010190252801667988
Diabetic Patients,Permutation Importance (RF),charlson_survival_10yr,-0.010555121188428496
Diabetic Patients,Permutation Importance (RF),charlson_score,-0.012822517591868653
Diabetic Patients,Permutation Importance (RF),elix_quan_score,-0.013786812614021393
Diabetic Patients,Permutation Importance (RF),elix_swiss_ageadj,-0.016236643210841794
Diabetic Patients,Permutation Importance (RF),elix_quan_ageadj,-0.016836069846234047
Diabetic Patients,Permutation Importance (Ridge/LogReg),Days_Cared_For,0.07127964555642433
Diabetic Patients,Permutation Importance (Ridge/LogReg),ACS_PCT_HH_1PERS,0.022752150117279157
Diabetic Patients,Permutation Importance (Ridge/LogReg),ACS_PCT_VET_BACHELOR,0.02233515767526717
Diabetic Patients,Permutation Importance (Ridge/LogReg),ACS_PCT_VET_HS,0.021475110763617432
Diabetic Patients,Permutation Importance (Ridge/LogReg),ACS_PCT_HS_GRADUATE,0.020484753713838975
Diabetic Patients,Permutation Importance (Ridge/LogReg),ACS_PCT_HH_PUB_ASSIST,0.019598644774563502
Diabetic Patients,Permutation Importance (Ridge/LogReg),charlson_ageadj,0.016549387542350802
Diabetic Patients,Permutation Importance (Ridge/LogReg),ACS_PCT_LT_HS,0.016419077404222084
Diabetic Patients,Permutation Importance (Ridge/LogReg),ACS_PCT_HH_FOOD_STMP_BLW_POV,0.011623664321084193
Diabetic Patients,Permutation Importance (Ridge/LogReg),ACS_PCT_HH_SMARTPHONE,0.011206671879072205
Diabetic Patients,Permutation Importance (Ridge/LogReg),ACS_PCT_HH_NO_COMP_DEV,0.010711493354182955
Diabetic Patients,Permutation Importance (Ridge/LogReg),chf,0.00930414386239251
Diabetic Patients,Permutation Importance (Ridge/LogReg),ACS_PCT_PERSON_INC_125_199,0.008913213448006264
Diabetic Patients,Permutation Importance (Ridge/LogReg),White,0.007844670315350544
Diabetic Patients,Permutation Importance (Ridge/LogReg),ACS_PCT_HEALTH_INC_138_199,0.007427677873338578
Diabetic Patients,Permutation Importance (Ridge/LogReg),ACS_PCT_HH_ABOVE65,0.0072452436799583355
Diabetic Patients,Permutation Importance (Ridge/LogReg),ACS_PCT_HH_ALONE_ABOVE65,0.007245243679958291
Diabetic Patients,Permutation Importance (Ridge/LogReg),ACS_PCT_VET_COLLEGE,0.006880375293197849
Diabetic Patients,Permutation Importance (Ridge/LogReg),ACS_PCT_PERSON_INC_ABOVE200,0.006463382851185817
Diabetic Patients,Permutation Importance (Ridge/LogReg),ACS_PCT_COLLEGE_ASSOCIATE_DGR,0.00591608027104511
Diabetic Patients,Permutation Importance (Ridge/LogReg),ACS_PCT_HH_PC,0.005082095387021135
Diabetic Patients,Permutation Importance (Ridge/LogReg),canc,0.004951785248892416
Diabetic Patients,Permutation Importance (Ridge/LogReg),ACS_PCT_HH_TABLET,0.004039614281991155
Diabetic Patients,Permutation Importance (Ridge/LogReg),ACS_PCT_CHILDREN_GRANDPARENT,0.003648683867604907
Diabetic Patients,Permutation Importance (Ridge/LogReg),Hispanic_or_Latino,0.0033098775084701828
Diabetic Patients,Permutation Importance (Ridge/LogReg),elix_swiss_ageadj,0.0029189470940839345
Diabetic Patients,Permutation Importance (Ridge/LogReg),ACS_PCT_NONVET_POV_18_64,0.0020589001824342203
Diabetic Patients,Permutation Importance (Ridge/LogReg),ld,0.0017722178785509746
Diabetic Patients,Permutation Importance (Ridge/LogReg),copd,0.0017200938232994512
Diabetic Patients,Permutation Importance (Ridge/LogReg),ACS_PCT_HH_KID_1PRNT,0.001694031795673756
Diabetic Patients,Permutation Importance (Ridge/LogReg),hypunc,0.001667969768047972
Diabetic Patients,Permutation Importance (Ridge/LogReg),rend,0.0015897836851707092
Diabetic Patients,Permutation Importance (Ridge/LogReg),ACS_PCT_POSTHS_ED,0.0011467292155329823
Diabetic Patients,Permutation Importance (Ridge/LogReg),cevd,0.001094605160281481
Diabetic Patients,Permutation Importance (Ridge/LogReg),elix_swiss_score,0.0010685431326557192
Diabetic Patients,Permutation Importance (Ridge/LogReg),ACS_PCT_HEALTH_INC_200_399,0.0009903570497785009
Diabetic Patients,Permutation Importance (Ridge/LogReg),Asian,0.0009903570497784785
Diabetic Patients,Permutation Importance (Ridge/LogReg),ACS_PCT_HEALTH_INC_ABOVE400,0.000833984884023975
Diabetic Patients,Permutation Importance (Ridge/LogReg),POPPCT_RUR,0.000833984884023975
Diabetic Patients,Permutation Importance (Ridge/LogReg),POPPCT_URB,0.000833984884023975
Diabetic Patients,Permutation Importance (Ridge/LogReg),ACS_PCT_GRANDP_RESPS_P,0.0006776127182695158
Diabetic Patients,Permutation Importance (Ridge/LogReg),ACS_PCT_HH_BROADBAND_ONLY,0.0006776127182695158
Diabetic Patients,Permutation Importance (Ridge/LogReg),hypothy,0.0005212405525150343
Diabetic Patients,Permutation Importance (Ridge/LogReg),ACS_PCT_POV_BLACK,0.0005212405525150343
Diabetic Patients,Permutation Importance (Ridge/LogReg),ACS_PCT_PERSON_INC_BELOW99,0.0005212405525150121
Diabetic Patients,Permutation Importance (Ridge/LogReg),ACS_PCT_HEALTH_INC_BELOW137,0.0004691164972635109
Diabetic Patients,Permutation Importance (Ridge/LogReg),hp,0.00044305446963774917
Diabetic Patients,Permutation Importance (Ridge/LogReg),hypc,0.0004169924420120097
Diabetic Patients,Permutation Importance (Ridge/LogReg),ond,0.0003909304143863146
Diabetic Patients,Permutation Importance (Ridge/LogReg),ACS_PCT_INC50_ABOVE65,0.0003909304143862702
Diabetic Patients,Permutation Importance (Ridge/LogReg),carit,0.00039093041438624797
Diabetic Patients,Permutation Importance (Ridge/LogReg),ami,0.000338806359134769
Diabetic Patients,Permutation Importance (Ridge/LogReg),American_Indian_or_Alaska_Native,0.0003127443315090295
Diabetic Patients,Permutation Importance (Ridge/LogReg),wloss,0.0002606202762575283
Diabetic Patients,Permutation Importance (Ridge/LogReg),psycho,0.0002606202762575283
Diabetic Patients,Permutation Importance (Ridge/LogReg),coag,0.00023455824863178877
Diabetic Patients,Permutation Importance (Ridge/LogReg),ACS_PCT_POV_ASIAN,0.00020849622100602705
Diabetic Patients,Permutation Importance (Ridge/LogReg),POP_URB,0.00020849622100602705
Diabetic Patients,Permutation Importance (Ridge/LogReg),ACS_PCT_PERSON_INC_100_124,0.00020849622100602705
Diabetic Patients,Permutation Importance (Ridge/LogReg),Age,0.00018243419338028754
Diabetic Patients,Permutation Importance (Ridge/LogReg),ACS_PCT_HH_NO_FD_STMP_BLW_POV,0.00018243419338028754
Diabetic Patients,Permutation Importance (Ridge/LogReg),ACS_PCT_HH_NO_INTERNET,0.00018243419338026534
Diabetic Patients,Permutation Importance (Ridge/LogReg),Native_Hawiian_or_Pacific_Islander,0.00015637216575454805
Diabetic Patients,Permutation Importance (Ridge/LogReg),charlson_score,0.00015637216575452583
Diabetic Patients,Permutation Importance (Ridge/LogReg),ACS_PCT_BACHELOR_DGR,0.00015637216575450363
Diabetic Patients,Permutation Importance (Ridge/LogReg),ACS_PCT_GRANDP_RESPS_NO_P,0.00010424811050302463
Diabetic Patients,Permutation Importance (Ridge/LogReg),ACS_PCT_HH_TABLET_ONLY,7.818608287726291e-05
Diabetic Patients,Permutation Importance (Ridge/LogReg),metacanc,7.818608287726291e-05
Diabetic Patients,Permutation Importance (Ridge/LogReg),ACS_PCT_HH_PC_ONLY,5.212405525154562e-05
Diabetic Patients,Permutation Importance (Ridge/LogReg),fed,5.212405525152341e-05
Diabetic Patients,Permutation Importance (Ridge/LogReg),ACS_PCT_POV_OTHER,2.6062027625761706e-05
Diabetic Patients,Permutation Importance (Ridge/LogReg),ACS_PCT_VET_POV_18_64,2.6062027625739504e-05
Diabetic Patients,Permutation Importance (Ridge/LogReg),ACS_PCT_HH_OTHER_COMP_ONLY,2.2204460492503132e-17
Diabetic Patients,Permutation Importance (Ridge/LogReg),aids,0.0
Diabetic Patients,Permutation Importance (Ridge/LogReg),ACS_PCT_POV_MULTI,-5.212405525147901e-05
Diabetic Patients,Permutation Importance (Ridge/LogReg),ACS_PCT_GRADUATE_DGR,-5.212405525147901e-05
Diabetic Patients,Permutation Importance (Ridge/LogReg),charlson_survival_10yr,-7.81860828771963e-05
Diabetic Patients,Permutation Importance (Ridge/LogReg),elix_quan_score,-7.818608287721852e-05
Diabetic Patients,Permutation Importance (Ridge/LogReg),ACS_PCT_POV_WHITE,-0.00010424811050295802
Diabetic Patients,Permutation Importance (Ridge/LogReg),elix_quan_ageadj,-0.00010424811050298022
Diabetic Patients,Permutation Importance (Ridge/LogReg),dementia,-0.00013031013812871972
Diabetic Patients,Permutation Importance (Ridge/LogReg),pcd,-0.00013031013812871972
Diabetic Patients,Permutation Importance (Ridge/LogReg),drug,-0.00018243419338019872
Diabetic Patients,Permutation Importance (Ridge/LogReg),ACS_PCT_INC50,-0.00020849622100596043
Diabetic Patients,Permutation Importance (Ridge/LogReg),Black_or_African_American,-0.00020849622100596043
Diabetic Patients,Permutation Importance (Ridge/LogReg),ACS_PCT_HH_INTERNET,-0.00020849622100596043
Diabetic Patients,Permutation Importance (Ridge/LogReg),depre,-0.00023455824863172214
Diabetic Patients,Permutation Importance (Ridge/LogReg),dane,-0.00023455824863172214
Diabetic Patients,Permutation Importance (Ridge/LogReg),POP_RUR,-0.00026062027625746166
Diabetic Patients,Permutation Importance (Ridge/LogReg),ACS_TOT_POP_POV,-0.00026062027625748383
Diabetic Patients,Permutation Importance (Ridge/LogReg),ACS_PCT_POV_AIAN,-0.00026062027625750606
Diabetic Patients,Permutation Importance (Ridge/LogReg),alcohol,-0.00028668230388322334
Diabetic Patients,Permutation Importance (Ridge/LogReg),ACS_PCT_HH_CELLULAR,-0.00028668230388324557
Diabetic Patients,Permutation Importance (Ridge/LogReg),ACS_PCT_HH_DIAL_INTERNET_ONLY,-0.00033880635913472454
Diabetic Patients,Permutation Importance (Ridge/LogReg),ACS_PCT_POV_NHPI,-0.00033880635913474677
Diabetic Patients,Permutation Importance (Ridge/LogReg),ACS_TOT_GRANDCHILDREN_GP,-0.0003648683867604419
Diabetic Patients,Permutation Importance (Ridge/LogReg),lymph,-0.0003648683867604863
Diabetic Patients,Permutation Importance (Ridge/LogReg),ACS_PCT_HH_BROADBAND,-0.0003909304143862258
Diabetic Patients,Permutation Importance (Ridge/LogReg),rheumd,-0.0003909304143862258
Diabetic Patients,Permutation Importance (Ridge/LogReg),ACS_PCT_POV_HISPANIC,-0.00041699244201196526
Diabetic Patients,Permutation Importance (Ridge/LogReg),pvd,-0.000495178524889206
Diabetic Patients,Permutation Importance (Ridge/LogReg),ACS_PCT_HH_1FAM_FOOD_STMP,-0.0004951785248892282
Diabetic Patients,Permutation Importance (Ridge/LogReg),ACS_PCT_GRANDP_NO_RESPS,-0.0005212405525149455
Diabetic Patients,Permutation Importance (Ridge/LogReg),ACS_PCT_CHILD_1FAM,-0.0005212405525149455
Diabetic Patients,Permutation Importance (Ridge/LogReg),valv,-0.0006515506906437096
Diabetic Patients,Permutation Importance (Ridge/LogReg),ACS_PCT_HH_SMARTPHONE_ONLY,-0.0007036747458952109
Diabetic Patients,Permutation Importance (Ridge/LogReg),ACS_PCT_HH_INTERNET_NO_SUBS,-0.0008600469116497144
Diabetic Patients,Permutation Importance (Ridge/LogReg),ACS_PCT_HH_CELLULAR_ONLY,-0.0008600469116497144
Diabetic Patients,Permutation Importance (Ridge/LogReg),ACS_PCT_HH_LIMIT_ENGLISH,-0.0009121709669012157
Diabetic Patients,Permutation Importance (Ridge/LogReg),ACS_PCT_HH_OTHER_COMP,-0.0009382329945269551
Diabetic Patients,Permutation Importance (Ridge/LogReg),ACS_PCT_NO_WORK_NO_SCHL_16_19,-0.001094605160281459
Diabetic Patients,Permutation Importance (Ridge/LogReg),obes,-0.0012249152984101785
Diabetic Patients,Permutation Importance (Ridge/LogReg),ACS_PCT_HH_SAT_INTERNET,-0.001277039353661702
Diabetic Patients,LightGBM Importance,Days_Cared_For,528.0
Diabetic Patients,LightGBM Importance,Age,304.0
Diabetic Patients,LightGBM Importance,elix_swiss_score,85.0
Diabetic Patients,LightGBM Importance,elix_quan_ageadj,66.0
Diabetic Patients,LightGBM Importance,elix_swiss_ageadj,58.0
Diabetic Patients,LightGBM Importance,elix_quan_score,57.0
Diabetic Patients,LightGBM Importance,hypunc,55.0
Diabetic Patients,LightGBM Importance,charlson_score,55.0
Diabetic Patients,LightGBM Importance,ACS_PCT_HH_SAT_INTERNET,53.0
Diabetic Patients,LightGBM Importance,charlson_ageadj,52.0
Diabetic Patients,LightGBM Importance,ACS_PCT_INC50_ABOVE65,50.0
Diabetic Patients,LightGBM Importance,White,42.0
Diabetic Patients,LightGBM Importance,ACS_PCT_HH_INTERNET_NO_SUBS,38.0
Diabetic Patients,LightGBM Importance,ACS_PCT_POV_OTHER,38.0
Diabetic Patients,LightGBM Importance,ACS_PCT_GRANDP_NO_RESPS,37.0
Diabetic Patients,LightGBM Importance,ACS_PCT_HH_CELLULAR_ONLY,33.0
Diabetic Patients,LightGBM Importance,ACS_PCT_HH_DIAL_INTERNET_ONLY,33.0
Diabetic Patients,LightGBM Importance,ACS_TOT_GRANDCHILDREN_GP,33.0
Diabetic Patients,LightGBM Importance,ACS_PCT_POV_MULTI,32.0
Diabetic Patients,LightGBM Importance,ACS_PCT_HH_BROADBAND_ONLY,31.0
Diabetic Patients,LightGBM Importance,ACS_PCT_HEALTH_INC_200_399,31.0
Diabetic Patients,LightGBM Importance,ACS_PCT_GRANDP_RESPS_NO_P,31.0
Diabetic Patients,LightGBM Importance,ACS_PCT_HH_1PERS,30.0
Diabetic Patients,LightGBM Importance,ACS_PCT_HH_NO_FD_STMP_BLW_POV,29.0
Diabetic Patients,LightGBM Importance,ACS_PCT_NO_WORK_NO_SCHL_16_19,29.0
Diabetic Patients,LightGBM Importance,ACS_PCT_GRANDP_RESPS_P,29.0
Diabetic Patients,LightGBM Importance,ACS_PCT_HH_BROADBAND,29.0
Diabetic Patients,LightGBM Importance,ACS_PCT_LT_HS,27.0
Diabetic Patients,LightGBM Importance,ACS_PCT_COLLEGE_ASSOCIATE_DGR,26.0
Diabetic Patients,LightGBM Importance,Asian,26.0
Diabetic Patients,LightGBM Importance,ACS_PCT_HH_TABLET_ONLY,25.0
Diabetic Patients,LightGBM Importance,ACS_PCT_PERSON_INC_100_124,24.0
Diabetic Patients,LightGBM Importance,copd,24.0
Diabetic Patients,LightGBM Importance,ACS_PCT_HH_PC_ONLY,24.0
Diabetic Patients,LightGBM Importance,ACS_PCT_VET_COLLEGE,24.0
Diabetic Patients,LightGBM Importance,ACS_PCT_POV_HISPANIC,24.0
Diabetic Patients,LightGBM Importance,POP_RUR,24.0
Diabetic Patients,LightGBM Importance,ACS_PCT_HH_TABLET,23.0
Diabetic Patients,LightGBM Importance,ACS_PCT_HH_LIMIT_ENGLISH,23.0
Diabetic Patients,LightGBM Importance,ACS_PCT_HH_OTHER_COMP,23.0
Diabetic Patients,LightGBM Importance,ACS_PCT_CHILDREN_GRANDPARENT,22.0
Diabetic Patients,LightGBM Importance,ACS_PCT_VET_POV_18_64,22.0
Diabetic Patients,LightGBM Importance,ACS_PCT_PERSON_INC_125_199,22.0
Diabetic Patients,LightGBM Importance,ACS_PCT_BACHELOR_DGR,22.0
Diabetic Patients,LightGBM Importance,ACS_PCT_POV_NHPI,21.0
Diabetic Patients,LightGBM Importance,dementia,21.0
Diabetic Patients,LightGBM Importance,ACS_PCT_HH_ABOVE65,21.0
Diabetic Patients,LightGBM Importance,ACS_PCT_GRADUATE_DGR,21.0
Diabetic Patients,LightGBM Importance,ACS_PCT_POV_BLACK,20.0
Diabetic Patients,LightGBM Importance,ACS_PCT_POV_AIAN,20.0
Diabetic Patients,LightGBM Importance,ACS_PCT_HH_SMARTPHONE_ONLY,20.0
Diabetic Patients,LightGBM Importance,ACS_PCT_VET_HS,19.0
Diabetic Patients,LightGBM Importance,ACS_PCT_CHILD_1FAM,19.0
Diabetic Patients,LightGBM Importance,ACS_PCT_HEALTH_INC_138_199,19.0
Diabetic Patients,LightGBM Importance,POP_URB,18.0
Diabetic Patients,LightGBM Importance,Hispanic_or_Latino,18.0
Diabetic Patients,LightGBM Importance,cevd,18.0
Diabetic Patients,LightGBM Importance,Black_or_African_American,17.0
Diabetic Patients,LightGBM Importance,depre,17.0
Diabetic Patients,LightGBM Importance,chf,17.0
Diabetic Patients,LightGBM Importance,ACS_PCT_HH_KID_1PRNT,17.0
Diabetic Patients,LightGBM Importance,hypc,16.0
Diabetic Patients,LightGBM Importance,ACS_PCT_VET_BACHELOR,16.0
Diabetic Patients,LightGBM Importance,ACS_PCT_HEALTH_INC_ABOVE400,16.0
Diabetic Patients,LightGBM Importance,ACS_PCT_HS_GRADUATE,14.0
Diabetic Patients,LightGBM Importance,ACS_PCT_HH_CELLULAR,14.0
Diabetic Patients,LightGBM Importance,ACS_PCT_POV_ASIAN,14.0
Diabetic Patients,LightGBM Importance,ACS_TOT_POP_POV,14.0
Diabetic Patients,LightGBM Importance,carit,13.0
Diabetic Patients,LightGBM Importance,ACS_PCT_POV_WHITE,13.0
Diabetic Patients,LightGBM Importance,ami,13.0
Diabetic Patients,LightGBM Importance,ond,13.0
Diabetic Patients,LightGBM Importance,ACS_PCT_HH_ALONE_ABOVE65,12.0
Diabetic Patients,LightGBM Importance,ACS_PCT_HH_OTHER_COMP_ONLY,12.0
Diabetic Patients,LightGBM Importance,ACS_PCT_HH_NO_COMP_DEV,11.0
Diabetic Patients,LightGBM Importance,ACS_PCT_HH_1FAM_FOOD_STMP,10.0
Diabetic Patients,LightGBM Importance,ACS_PCT_INC50,10.0
Diabetic Patients,LightGBM Importance,ACS_PCT_PERSON_INC_BELOW99,9.0
Diabetic Patients,LightGBM Importance,rend,9.0
Diabetic Patients,LightGBM Importance,ACS_PCT_POSTHS_ED,8.0
Diabetic Patients,LightGBM Importance,POPPCT_URB,8.0
Diabetic Patients,LightGBM Importance,canc,8.0
Diabetic Patients,LightGBM Importance,ACS_PCT_HEALTH_INC_BELOW137,8.0
Diabetic Patients,LightGBM Importance,ACS_PCT_HH_NO_INTERNET,8.0
Diabetic Patients,LightGBM Importance,hypothy,8.0
Diabetic Patients,LightGBM Importance,obes,7.0
Diabetic Patients,LightGBM Importance,alcohol,7.0
Diabetic Patients,LightGBM Importance,ACS_PCT_HH_FOOD_STMP_BLW_POV,7.0
Diabetic Patients,LightGBM Importance,ACS_PCT_PERSON_INC_ABOVE200,7.0
Diabetic Patients,LightGBM Importance,ACS_PCT_HH_INTERNET,6.0
Diabetic Patients,LightGBM Importance,hp,6.0
Diabetic Patients,LightGBM Importance,valv,6.0
Diabetic Patients,LightGBM Importance,ACS_PCT_NONVET_POV_18_64,6.0
Diabetic Patients,LightGBM Importance,rheumd,6.0
Diabetic Patients,LightGBM Importance,charlson_survival_10yr,5.0
Diabetic Patients,LightGBM Importance,ACS_PCT_HH_PC,5.0
Diabetic Patients,LightGBM Importance,ACS_PCT_HH_PUB_ASSIST,5.0
Diabetic Patients,LightGBM Importance,pcd,5.0
Diabetic Patients,LightGBM Importance,fed,4.0
Diabetic Patients,LightGBM Importance,ld,4.0
Diabetic Patients,LightGBM Importance,American_Indian_or_Alaska_Native,4.0
Diabetic Patients,LightGBM Importance,pvd,4.0
Diabetic Patients,LightGBM Importance,dane,4.0
Diabetic Patients,LightGBM Importance,wloss,2.0
Diabetic Patients,LightGBM Importance,ACS_PCT_HH_SMARTPHONE,2.0
Diabetic Patients,LightGBM Importance,lymph,2.0
Diabetic Patients,LightGBM Importance,psycho,2.0
Diabetic Patients,LightGBM Importance,POPPCT_RUR,1.0
Diabetic Patients,LightGBM Importance,aids,0.0
Diabetic Patients,LightGBM Importance,Native_Hawiian_or_Pacific_Islander,0.0
Diabetic Patients,LightGBM Importance,drug,0.0
Diabetic Patients,LightGBM Importance,metacanc,0.0
Diabetic Patients,LightGBM Importance,coag,0.0
Diabetic Patients,XGBoost Importance,Days_Cared_For,0.022671600803732872
Diabetic Patients,XGBoost Importance,elix_swiss_score,0.022132176905870438
Diabetic Patients,XGBoost Importance,Asian,0.01826978288590908
Diabetic Patients,XGBoost Importance,hypunc,0.01743903011083603
Diabetic Patients,XGBoost Importance,ACS_PCT_HEALTH_INC_BELOW137,0.017106765881180763
Diabetic Patients,XGBoost Importance,ACS_PCT_INC50,0.013410414569079876
Diabetic Patients,XGBoost Importance,ACS_PCT_POV_BLACK,0.012871081940829754
Diabetic Patients,XGBoost Importance,ACS_PCT_NONVET_POV_18_64,0.012579833157360554
Diabetic Patients,XGBoost Importance,ACS_PCT_HH_BROADBAND,0.012170684523880482
Diabetic Patients,XGBoost Importance,ACS_PCT_HH_NO_INTERNET,0.012158653698861599
Diabetic Patients,XGBoost Importance,ACS_PCT_POV_HISPANIC,0.012125476263463497
Diabetic Patients,XGBoost Importance,ACS_PCT_HH_INTERNET,0.012119625695049763
Diabetic Patients,XGBoost Importance,White,0.011746406555175781
Diabetic Patients,XGBoost Importance,ACS_PCT_HH_SMARTPHONE,0.011643444187939167
Diabetic Patients,XGBoost Importance,ACS_PCT_HH_LIMIT_ENGLISH,0.011559264734387398
Diabetic Patients,XGBoost Importance,ACS_PCT_HH_ABOVE65,0.011395271867513657
Diabetic Patients,XGBoost Importance,ACS_PCT_HH_SMARTPHONE_ONLY,0.011333693750202656
Diabetic Patients,XGBoost Importance,ACS_PCT_HEALTH_INC_200_399,0.011255431920289993
Diabetic Patients,XGBoost Importance,ACS_PCT_INC50_ABOVE65,0.011147086508572102
Diabetic Patients,XGBoost Importance,ACS_PCT_POV_AIAN,0.011127600446343422
Diabetic Patients,XGBoost Importance,ACS_PCT_HH_SAT_INTERNET,0.010927936062216759
Diabetic Patients,XGBoost Importance,ACS_PCT_VET_POV_18_64,0.010814659297466278
Diabetic Patients,XGBoost Importance,ACS_PCT_HH_PC_ONLY,0.01078388188034296
Diabetic Patients,XGBoost Importance,ACS_PCT_HH_TABLET,0.010714310221374035
Diabetic Patients,XGBoost Importance,ACS_PCT_GRANDP_RESPS_P,0.010693538933992386
Diabetic Patients,XGBoost Importance,ACS_PCT_POV_WHITE,0.010603860951960087
Diabetic Patients,XGBoost Importance,ACS_PCT_GRANDP_NO_RESPS,0.01057254895567894
Diabetic Patients,XGBoost Importance,ACS_PCT_HH_CELLULAR_ONLY,0.010502561926841736
Diabetic Patients,XGBoost Importance,ACS_PCT_HH_KID_1PRNT,0.010457029566168785
Diabetic Patients,XGBoost Importance,ACS_PCT_PERSON_INC_BELOW99,0.01039914134889841
Diabetic Patients,XGBoost Importance,elix_quan_score,0.010383463464677334
Diabetic Patients,XGBoost Importance,ACS_PCT_GRANDP_RESPS_NO_P,0.01026685256510973
Diabetic Patients,XGBoost Importance,ACS_PCT_HEALTH_INC_138_199,0.010148787871003151
Diabetic Patients,XGBoost Importance,ACS_PCT_VET_COLLEGE,0.010111336596310139
Diabetic Patients,XGBoost Importance,ACS_PCT_HH_FOOD_STMP_BLW_POV,0.01003485731780529
Diabetic Patients,XGBoost Importance,ACS_PCT_POV_OTHER,0.00998583436012268
Diabetic Patients,XGBoost Importance,ACS_PCT_HH_PUB_ASSIST,0.00997686292976141
Diabetic Patients,XGBoost Importance,dementia,0.009964412078261375
Diabetic Patients,XGBoost Importance,ACS_PCT_POSTHS_ED,0.009934177622199059
Diabetic Patients,XGBoost Importance,ACS_PCT_HH_NO_FD_STMP_BLW_POV,0.009824149310588837
Diabetic Patients,XGBoost Importance,ACS_TOT_POP_POV,0.009779999032616615
Diabetic Patients,XGBoost Importance,ACS_PCT_HH_NO_COMP_DEV,0.009602279402315617
Diabetic Patients,XGBoost Importance,alcohol,0.009427172131836414
Diabetic Patients,XGBoost Importance,ACS_PCT_HH_TABLET_ONLY,0.009363424964249134
Diabetic Patients,XGBoost Importance,ACS_PCT_HH_1FAM_FOOD_STMP,0.009345315396785736
Diabetic Patients,XGBoost Importance,ACS_PCT_CHILDREN_GRANDPARENT,0.00928555242717266
Diabetic Patients,XGBoost Importance,ACS_PCT_HH_INTERNET_NO_SUBS,0.00924450159072876
Diabetic Patients,XGBoost Importance,ACS_PCT_POV_MULTI,0.009243118576705456
Diabetic Patients,XGBoost Importance,ACS_PCT_VET_HS,0.00921885296702385
Diabetic Patients,XGBoost Importance,ACS_PCT_HH_ALONE_ABOVE65,0.009200367145240307
Diabetic Patients,XGBoost Importance,ACS_PCT_POV_NHPI,0.009162191301584244
Diabetic Patients,XGBoost Importance,ACS_PCT_POV_ASIAN,0.009142368100583553
Diabetic Patients,XGBoost Importance,ACS_PCT_HH_1PERS,0.009138155728578568
Diabetic Patients,XGBoost Importance,ACS_PCT_HEALTH_INC_ABOVE400,0.008916485123336315
Diabetic Patients,XGBoost Importance,ACS_PCT_HH_PC,0.008876433596014977
Diabetic Patients,XGBoost Importance,ACS_PCT_NO_WORK_NO_SCHL_16_19,0.008762282319366932
Diabetic Patients,XGBoost Importance,POPPCT_URB,0.008755370043218136
Diabetic Patients,XGBoost Importance,chf,0.008697106502950191
Diabetic Patients,XGBoost Importance,ACS_PCT_PERSON_INC_100_124,0.008678403683006763
Diabetic Patients,XGBoost Importance,ACS_PCT_HH_OTHER_COMP,0.008587746880948544
Diabetic Patients,XGBoost Importance,ond,0.008571871556341648
Diabetic Patients,XGBoost Importance,ACS_TOT_GRANDCHILDREN_GP,0.008528006263077259
Diabetic Patients,XGBoost Importance,ACS_PCT_HS_GRADUATE,0.00852211844176054
Diabetic Patients,XGBoost Importance,ami,0.008465088903903961
Diabetic Patients,XGBoost Importance,hypothy,0.008442257530987263
Diabetic Patients,XGBoost Importance,ACS_PCT_HH_OTHER_COMP_ONLY,0.008423194289207458
Diabetic Patients,XGBoost Importance,ACS_PCT_HH_BROADBAND_ONLY,0.008408994413912296
Diabetic Patients,XGBoost Importance,carit,0.008249044418334961
Diabetic Patients,XGBoost Importance,Black_or_African_American,0.00820567924529314
Diabetic Patients,XGBoost Importance,ACS_PCT_VET_BACHELOR,0.00807559210807085
Diabetic Patients,XGBoost Importance,ACS_PCT_HH_DIAL_INTERNET_ONLY,0.008070454932749271
Diabetic Patients,XGBoost Importance,wloss,0.008034955710172653
Diabetic Patients,XGBoost Importance,Age,0.0077125318348407745
Diabetic Patients,XGBoost Importance,ACS_PCT_COLLEGE_ASSOCIATE_DGR,0.007707936689257622
Diabetic Patients,XGBoost Importance,ACS_PCT_HH_CELLULAR,0.007707502692937851
Diabetic Patients,XGBoost Importance,copd,0.00768484128639102
Diabetic Patients,XGBoost Importance,ACS_PCT_LT_HS,0.007519404869526625
Diabetic Patients,XGBoost Importance,ACS_PCT_GRADUATE_DGR,0.007510361727327108
Diabetic Patients,XGBoost Importance,ACS_PCT_BACHELOR_DGR,0.007364681456238031
Diabetic Patients,XGBoost Importance,obes,0.0073575363494455814
Diabetic Patients,XGBoost Importance,ACS_PCT_PERSON_INC_125_199,0.0073486315086483955
Diabetic Patients,XGBoost Importance,POP_RUR,0.007309312932193279
Diabetic Patients,XGBoost Importance,hp,0.007295768707990646
Diabetic Patients,XGBoost Importance,elix_swiss_ageadj,0.0072582559660077095
Diabetic Patients,XGBoost Importance,ACS_PCT_CHILD_1FAM,0.007221173495054245
Diabetic Patients,XGBoost Importance,depre,0.00711231492459774
Diabetic Patients,XGBoost Importance,dane,0.006980212405323982
Diabetic Patients,XGBoost Importance,POP_URB,0.006923619192093611
Diabetic Patients,XGBoost Importance,rheumd,0.00692333560436964
Diabetic Patients,XGBoost Importance,cevd,0.006826487369835377
Diabetic Patients,XGBoost Importance,elix_quan_ageadj,0.0067807938903570175
Diabetic Patients,XGBoost Importance,charlson_score,0.006756208371371031
Diabetic Patients,XGBoost Importance,rend,0.006458503194153309
Diabetic Patients,XGBoost Importance,charlson_ageadj,0.00642081955447793
Diabetic Patients,XGBoost Importance,hypc,0.006399162579327822
Diabetic Patients,XGBoost Importance,American_Indian_or_Alaska_Native,0.006344525143504143
Diabetic Patients,XGBoost Importance,ACS_PCT_PERSON_INC_ABOVE200,0.00633594673126936
Diabetic Patients,XGBoost Importance,ld,0.006192867644131184
Diabetic Patients,XGBoost Importance,lymph,0.005898434203118086
Diabetic Patients,XGBoost Importance,fed,0.005455806851387024
Diabetic Patients,XGBoost Importance,drug,0.005439528729766607
Diabetic Patients,XGBoost Importance,pcd,0.005259895231574774
Diabetic Patients,XGBoost Importance,Hispanic_or_Latino,0.005220311693847179
Diabetic Patients,XGBoost Importance,canc,0.005204831715673208
Diabetic Patients,XGBoost Importance,valv,0.004897389095276594
Diabetic Patients,XGBoost Importance,pvd,0.0044874632731080055
Diabetic Patients,XGBoost Importance,psycho,0.00405072420835495
Diabetic Patients,XGBoost Importance,Native_Hawiian_or_Pacific_Islander,0.0037881657481193542
Diabetic Patients,XGBoost Importance,coag,0.0010568134021013975
Diabetic Patients,XGBoost Importance,charlson_survival_10yr,0.0
Diabetic Patients,XGBoost Importance,metacanc,0.0
Diabetic Patients,XGBoost Importance,aids,0.0
Diabetic Patients,XGBoost Importance,POPPCT_RUR,0.0
Heart Failure Patients,Variance Threshold,dane,1.0000000000000009
Heart Failure Patients,Variance Threshold,coag,1.0000000000000007
Heart Failure Patients,Variance Threshold,Asian,1.0000000000000007
Heart Failure Patients,Variance Threshold,pvd,1.0000000000000004
Heart Failure Patients,Variance Threshold,metacanc,1.0000000000000004
Heart Failure Patients,Variance Threshold,cevd,1.0000000000000004
Heart Failure Patients,Variance Threshold,POP_URB,1.0000000000000004
Heart Failure Patients,Variance Threshold,ami,1.0000000000000004
Heart Failure Patients,Variance Threshold,hp,1.0000000000000004
Heart Failure Patients,Variance Threshold,copd,1.0000000000000004
Heart Failure Patients,Variance Threshold,pcd,1.0000000000000004
Heart Failure Patients,Variance Threshold,ACS_PCT_GRADUATE_DGR,1.0000000000000004
Heart Failure Patients,Variance Threshold,ACS_PCT_HH_PC_ONLY,1.0000000000000004
Heart Failure Patients,Variance Threshold,psycho,1.0000000000000004
Heart Failure Patients,Variance Threshold,valv,1.0000000000000002
Heart Failure Patients,Variance Threshold,ACS_PCT_HH_INTERNET_NO_SUBS,1.0000000000000002
Heart Failure Patients,Variance Threshold,ACS_PCT_HEALTH_INC_138_199,1.0000000000000002
Heart Failure Patients,Variance Threshold,ACS_PCT_GRANDP_NO_RESPS,1.0000000000000002
Heart Failure Patients,Variance Threshold,ACS_PCT_GRANDP_RESPS_NO_P,1.0000000000000002
Heart Failure Patients,Variance Threshold,ACS_PCT_HH_SMARTPHONE_ONLY,1.0000000000000002
Heart Failure Patients,Variance Threshold,drug,1.0000000000000002
Heart Failure Patients,Variance Threshold,obes,1.0000000000000002
Heart Failure Patients,Variance Threshold,ACS_PCT_HH_CELLULAR_ONLY,1.0000000000000002
Heart Failure Patients,Variance Threshold,ACS_PCT_HH_INTERNET,1.0000000000000002
Heart Failure Patients,Variance Threshold,ACS_PCT_HH_ABOVE65,1.0000000000000002
Heart Failure Patients,Variance Threshold,ACS_PCT_HEALTH_INC_200_399,1.0000000000000002
Heart Failure Patients,Variance Threshold,elix_quan_ageadj,1.0000000000000002
Heart Failure Patients,Variance Threshold,ACS_PCT_POV_WHITE,1.0000000000000002
Heart Failure Patients,Variance Threshold,ACS_PCT_POV_OTHER,1.0000000000000002
Heart Failure Patients,Variance Threshold,ACS_PCT_POV_MULTI,1.0000000000000002
Heart Failure Patients,Variance Threshold,ACS_PCT_POV_BLACK,1.0000000000000002
Heart Failure Patients,Variance Threshold,ACS_PCT_HH_LIMIT_ENGLISH,1.0000000000000002
Heart Failure Patients,Variance Threshold,ACS_PCT_HH_NO_INTERNET,1.0000000000000002
Heart Failure Patients,Variance Threshold,chf,1.0000000000000002
Heart Failure Patients,Variance Threshold,ACS_PCT_PERSON_INC_100_124,1.0000000000000002
Heart Failure Patients,Variance Threshold,elix_swiss_ageadj,1.0000000000000002
Heart Failure Patients,Variance Threshold,ACS_PCT_INC50,1.0000000000000002
Heart Failure Patients,Variance Threshold,canc,1.0000000000000002
Heart Failure Patients,Variance Threshold,carit,1.0000000000000002
Heart Failure Patients,Variance Threshold,POPPCT_RUR,1.0
Heart Failure Patients,Variance Threshold,POPPCT_URB,1.0
Heart Failure Patients,Variance Threshold,ACS_PCT_BACHELOR_DGR,1.0
Heart Failure Patients,Variance Threshold,POP_RUR,1.0
Heart Failure Patients,Variance Threshold,ACS_PCT_VET_BACHELOR,1.0
Heart Failure Patients,Variance Threshold,rend,1.0
Heart Failure Patients,Variance Threshold,lymph,1.0
Heart Failure Patients,Variance Threshold,hypunc,1.0
Heart Failure Patients,Variance Threshold,hypc,1.0
Heart Failure Patients,Variance Threshold,ACS_PCT_NO_WORK_NO_SCHL_16_19,1.0
Heart Failure Patients,Variance Threshold,depre,1.0
Heart Failure Patients,Variance Threshold,elix_swiss_score,1.0
Heart Failure Patients,Variance Threshold,charlson_survival_10yr,1.0
Heart Failure Patients,Variance Threshold,charlson_score,1.0
Heart Failure Patients,Variance Threshold,Days_Cared_For,1.0
Heart Failure Patients,Variance Threshold,White,1.0
Heart Failure Patients,Variance Threshold,American_Indian_or_Alaska_Native,1.0
Heart Failure Patients,Variance Threshold,ACS_PCT_HS_GRADUATE,1.0
Heart Failure Patients,Variance Threshold,Age,1.0
Heart Failure Patients,Variance Threshold,ACS_PCT_POSTHS_ED,1.0
Heart Failure Patients,Variance Threshold,ACS_PCT_HH_OTHER_COMP_ONLY,1.0
Heart Failure Patients,Variance Threshold,ACS_TOT_GRANDCHILDREN_GP,1.0
Heart Failure Patients,Variance Threshold,ACS_PCT_HH_KID_1PRNT,1.0
Heart Failure Patients,Variance Threshold,ACS_PCT_HH_ALONE_ABOVE65,1.0
Heart Failure Patients,Variance Threshold,ACS_PCT_INC50_ABOVE65,1.0
Heart Failure Patients,Variance Threshold,ACS_PCT_GRANDP_RESPS_P,1.0
Heart Failure Patients,Variance Threshold,ACS_PCT_CHILD_1FAM,1.0
Heart Failure Patients,Variance Threshold,ACS_PCT_CHILDREN_GRANDPARENT,1.0
Heart Failure Patients,Variance Threshold,ACS_PCT_PERSON_INC_125_199,1.0
Heart Failure Patients,Variance Threshold,ACS_PCT_HH_TABLET,1.0
Heart Failure Patients,Variance Threshold,ACS_PCT_HH_SMARTPHONE,1.0
Heart Failure Patients,Variance Threshold,ACS_PCT_PERSON_INC_ABOVE200,1.0
Heart Failure Patients,Variance Threshold,ACS_PCT_HH_PC,1.0
Heart Failure Patients,Variance Threshold,ACS_PCT_HH_SAT_INTERNET,1.0
Heart Failure Patients,Variance Threshold,ACS_PCT_VET_HS,1.0
Heart Failure Patients,Variance Threshold,ACS_PCT_PERSON_INC_BELOW99,1.0
Heart Failure Patients,Variance Threshold,ACS_PCT_POV_AIAN,1.0
Heart Failure Patients,Variance Threshold,ACS_PCT_VET_POV_18_64,1.0
Heart Failure Patients,Variance Threshold,ACS_PCT_VET_COLLEGE,1.0
Heart Failure Patients,Variance Threshold,ACS_PCT_HH_DIAL_INTERNET_ONLY,1.0
Heart Failure Patients,Variance Threshold,ACS_PCT_HH_CELLULAR,1.0
Heart Failure Patients,Variance Threshold,ACS_PCT_POV_NHPI,1.0
Heart Failure Patients,Variance Threshold,charlson_ageadj,0.9999999999999998
Heart Failure Patients,Variance Threshold,ACS_PCT_HH_PUB_ASSIST,0.9999999999999998
Heart Failure Patients,Variance Threshold,alcohol,0.9999999999999998
Heart Failure Patients,Variance Threshold,Black_or_African_American,0.9999999999999998
Heart Failure Patients,Variance Threshold,ACS_PCT_POV_HISPANIC,0.9999999999999998
Heart Failure Patients,Variance Threshold,ACS_PCT_HEALTH_INC_BELOW137,0.9999999999999998
Heart Failure Patients,Variance Threshold,ACS_PCT_NONVET_POV_18_64,0.9999999999999998
Heart Failure Patients,Variance Threshold,elix_quan_score,0.9999999999999998
Heart Failure Patients,Variance Threshold,ACS_PCT_POV_ASIAN,0.9999999999999998
Heart Failure Patients,Variance Threshold,ACS_PCT_HH_1FAM_FOOD_STMP,0.9999999999999998
Heart Failure Patients,Variance Threshold,ACS_PCT_HH_1PERS,0.9999999999999998
Heart Failure Patients,Variance Threshold,ACS_PCT_HEALTH_INC_ABOVE400,0.9999999999999998
Heart Failure Patients,Variance Threshold,ld,0.9999999999999998
Heart Failure Patients,Variance Threshold,ACS_PCT_COLLEGE_ASSOCIATE_DGR,0.9999999999999998
Heart Failure Patients,Variance Threshold,ACS_PCT_HH_BROADBAND,0.9999999999999998
Heart Failure Patients,Variance Threshold,ACS_PCT_HH_BROADBAND_ONLY,0.9999999999999998
Heart Failure Patients,Variance Threshold,rheumd,0.9999999999999998
Heart Failure Patients,Variance Threshold,ACS_PCT_HH_OTHER_COMP,0.9999999999999998
Heart Failure Patients,Variance Threshold,ACS_TOT_POP_POV,0.9999999999999998
Heart Failure Patients,Variance Threshold,hypothy,0.9999999999999998
Heart Failure Patients,Variance Threshold,ACS_PCT_LT_HS,0.9999999999999998
Heart Failure Patients,Variance Threshold,ACS_PCT_HH_TABLET_ONLY,0.9999999999999996
Heart Failure Patients,Variance Threshold,ACS_PCT_HH_FOOD_STMP_BLW_POV,0.9999999999999996
Heart Failure Patients,Variance Threshold,fed,0.9999999999999996
Heart Failure Patients,Variance Threshold,ACS_PCT_HH_NO_COMP_DEV,0.9999999999999996
Heart Failure Patients,Variance Threshold,wloss,0.9999999999999996
Heart Failure Patients,Variance Threshold,Native_Hawiian_or_Pacific_Islander,0.9999999999999996
Heart Failure Patients,Variance Threshold,ACS_PCT_HH_NO_FD_STMP_BLW_POV,0.9999999999999996
Heart Failure Patients,Variance Threshold,Hispanic_or_Latino,0.9999999999999994
Heart Failure Patients,Variance Threshold,dementia,0.9999999999999994
Heart Failure Patients,Variance Threshold,ond,0.9999999999999994
Heart Failure Patients,Variance Threshold,aids,0.0
Heart Failure Patients,Lasso (L1 LogReg),Days_Cared_For,0.6817036506282619
Heart Failure Patients,Lasso (L1 LogReg),chf,-0.4539986451132825
Heart Failure Patients,Lasso (L1 LogReg),Age,-0.07857438037670494
Heart Failure Patients,Lasso (L1 LogReg),rend,0.07163837249943537
Heart Failure Patients,Lasso (L1 LogReg),ACS_PCT_POV_HISPANIC,0.050673508331398165
Heart Failure Patients,Lasso (L1 LogReg),copd,0.050004338435384384
Heart Failure Patients,Lasso (L1 LogReg),hypc,0.047546747653797565
Heart Failure Patients,Lasso (L1 LogReg),hypunc,-0.03439271967422893
Heart Failure Patients,Lasso (L1 LogReg),ACS_PCT_VET_COLLEGE,-0.028819145167302752
Heart Failure Patients,Lasso (L1 LogReg),alcohol,-0.027072047451145217
Heart Failure Patients,Lasso (L1 LogReg),hypothy,-0.025785817378949052
Heart Failure Patients,Lasso (L1 LogReg),pcd,-0.023662241202532734
Heart Failure Patients,Lasso (L1 LogReg),ld,0.020881189650203667
Heart Failure Patients,Lasso (L1 LogReg),ACS_TOT_GRANDCHILDREN_GP,-0.018527051779021298
Heart Failure Patients,Lasso (L1 LogReg),charlson_score,0.0142217098714406
Heart Failure Patients,Lasso (L1 LogReg),obes,-0.011648168122896388
Heart Failure Patients,Lasso (L1 LogReg),ACS_PCT_HH_SAT_INTERNET,0.011134177458435519
Heart Failure Patients,Lasso (L1 LogReg),lymph,0.009322373411829978
Heart Failure Patients,Lasso (L1 LogReg),American_Indian_or_Alaska_Native,0.009068006704183338
Heart Failure Patients,Lasso (L1 LogReg),cevd,0.007189433714076093
Heart Failure Patients,Lasso (L1 LogReg),ami,-0.006226992719168724
Heart Failure Patients,Lasso (L1 LogReg),POP_URB,-0.006092149527684789
Heart Failure Patients,Lasso (L1 LogReg),ACS_PCT_HH_1PERS,-0.005656751735453615
Heart Failure Patients,Lasso (L1 LogReg),carit,0.0
Heart Failure Patients,Lasso (L1 LogReg),coag,0.0
Heart Failure Patients,Lasso (L1 LogReg),Native_Hawiian_or_Pacific_Islander,0.0
Heart Failure Patients,Lasso (L1 LogReg),psycho,0.0
Heart Failure Patients,Lasso (L1 LogReg),pvd,0.0
Heart Failure Patients,Lasso (L1 LogReg),Hispanic_or_Latino,0.0
Heart Failure Patients,Lasso (L1 LogReg),rheumd,0.0
Heart Failure Patients,Lasso (L1 LogReg),valv,0.0
Heart Failure Patients,Lasso (L1 LogReg),wloss,0.0
Heart Failure Patients,Lasso (L1 LogReg),Black_or_African_American,0.0
Heart Failure Patients,Lasso (L1 LogReg),POPPCT_URB,0.0
Heart Failure Patients,Lasso (L1 LogReg),POP_RUR,0.0
Heart Failure Patients,Lasso (L1 LogReg),POPPCT_RUR,0.0
Heart Failure Patients,Lasso (L1 LogReg),ACS_PCT_BACHELOR_DGR,0.0
Heart Failure Patients,Lasso (L1 LogReg),Asian,0.0
Heart Failure Patients,Lasso (L1 LogReg),ACS_PCT_COLLEGE_ASSOCIATE_DGR,0.0
Heart Failure Patients,Lasso (L1 LogReg),ACS_PCT_GRADUATE_DGR,0.0
Heart Failure Patients,Lasso (L1 LogReg),ond,0.0
Heart Failure Patients,Lasso (L1 LogReg),White,0.0
Heart Failure Patients,Lasso (L1 LogReg),metacanc,0.0
Heart Failure Patients,Lasso (L1 LogReg),drug,0.0
Heart Failure Patients,Lasso (L1 LogReg),canc,0.0
Heart Failure Patients,Lasso (L1 LogReg),aids,0.0
Heart Failure Patients,Lasso (L1 LogReg),dane,0.0
Heart Failure Patients,Lasso (L1 LogReg),dementia,0.0
Heart Failure Patients,Lasso (L1 LogReg),ACS_PCT_LT_HS,0.0
Heart Failure Patients,Lasso (L1 LogReg),depre,0.0
Heart Failure Patients,Lasso (L1 LogReg),fed,0.0
Heart Failure Patients,Lasso (L1 LogReg),charlson_ageadj,0.0
Heart Failure Patients,Lasso (L1 LogReg),hp,0.0
Heart Failure Patients,Lasso (L1 LogReg),elix_swiss_ageadj,0.0
Heart Failure Patients,Lasso (L1 LogReg),elix_swiss_score,0.0
Heart Failure Patients,Lasso (L1 LogReg),elix_quan_ageadj,0.0
Heart Failure Patients,Lasso (L1 LogReg),elix_quan_score,0.0
Heart Failure Patients,Lasso (L1 LogReg),charlson_survival_10yr,0.0
Heart Failure Patients,Lasso (L1 LogReg),ACS_PCT_HS_GRADUATE,0.0
Heart Failure Patients,Lasso (L1 LogReg),ACS_TOT_POP_POV,0.0
Heart Failure Patients,Lasso (L1 LogReg),ACS_PCT_NO_WORK_NO_SCHL_16_19,0.0
Heart Failure Patients,Lasso (L1 LogReg),ACS_PCT_HH_ABOVE65,0.0
Heart Failure Patients,Lasso (L1 LogReg),ACS_PCT_HH_KID_1PRNT,0.0
Heart Failure Patients,Lasso (L1 LogReg),ACS_PCT_HEALTH_INC_138_199,0.0
Heart Failure Patients,Lasso (L1 LogReg),ACS_PCT_HEALTH_INC_200_399,0.0
Heart Failure Patients,Lasso (L1 LogReg),ACS_PCT_HEALTH_INC_ABOVE400,0.0
Heart Failure Patients,Lasso (L1 LogReg),ACS_PCT_HEALTH_INC_BELOW137,0.0
Heart Failure Patients,Lasso (L1 LogReg),ACS_PCT_HH_1FAM_FOOD_STMP,0.0
Heart Failure Patients,Lasso (L1 LogReg),ACS_PCT_HH_FOOD_STMP_BLW_POV,0.0
Heart Failure Patients,Lasso (L1 LogReg),ACS_PCT_HH_NO_FD_STMP_BLW_POV,0.0
Heart Failure Patients,Lasso (L1 LogReg),ACS_PCT_HH_PUB_ASSIST,0.0
Heart Failure Patients,Lasso (L1 LogReg),ACS_PCT_INC50,0.0
Heart Failure Patients,Lasso (L1 LogReg),ACS_PCT_INC50_ABOVE65,0.0
Heart Failure Patients,Lasso (L1 LogReg),ACS_PCT_NONVET_POV_18_64,0.0
Heart Failure Patients,Lasso (L1 LogReg),ACS_PCT_PERSON_INC_100_124,0.0
Heart Failure Patients,Lasso (L1 LogReg),ACS_PCT_PERSON_INC_125_199,0.0
Heart Failure Patients,Lasso (L1 LogReg),ACS_PCT_PERSON_INC_ABOVE200,0.0
Heart Failure Patients,Lasso (L1 LogReg),ACS_PCT_PERSON_INC_BELOW99,0.0
Heart Failure Patients,Lasso (L1 LogReg),ACS_PCT_POV_AIAN,0.0
Heart Failure Patients,Lasso (L1 LogReg),ACS_PCT_POV_ASIAN,0.0
Heart Failure Patients,Lasso (L1 LogReg),ACS_PCT_POV_BLACK,0.0
Heart Failure Patients,Lasso (L1 LogReg),ACS_PCT_POV_MULTI,0.0
Heart Failure Patients,Lasso (L1 LogReg),ACS_PCT_POV_NHPI,0.0
Heart Failure Patients,Lasso (L1 LogReg),ACS_PCT_POV_OTHER,0.0
Heart Failure Patients,Lasso (L1 LogReg),ACS_PCT_POV_WHITE,0.0
Heart Failure Patients,Lasso (L1 LogReg),ACS_PCT_HH_ALONE_ABOVE65,0.0
Heart Failure Patients,Lasso (L1 LogReg),ACS_PCT_GRANDP_RESPS_P,0.0
Heart Failure Patients,Lasso (L1 LogReg),ACS_PCT_POSTHS_ED,0.0
Heart Failure Patients,Lasso (L1 LogReg),ACS_PCT_GRANDP_RESPS_NO_P,0.0
Heart Failure Patients,Lasso (L1 LogReg),ACS_PCT_VET_POV_18_64,0.0
Heart Failure Patients,Lasso (L1 LogReg),ACS_PCT_VET_HS,0.0
Heart Failure Patients,Lasso (L1 LogReg),ACS_PCT_HH_LIMIT_ENGLISH,0.0
Heart Failure Patients,Lasso (L1 LogReg),ACS_PCT_HH_BROADBAND,0.0
Heart Failure Patients,Lasso (L1 LogReg),ACS_PCT_HH_BROADBAND_ONLY,0.0
Heart Failure Patients,Lasso (L1 LogReg),ACS_PCT_HH_CELLULAR,0.0
Heart Failure Patients,Lasso (L1 LogReg),ACS_PCT_HH_CELLULAR_ONLY,0.0
Heart Failure Patients,Lasso (L1 LogReg),ACS_PCT_HH_DIAL_INTERNET_ONLY,0.0
Heart Failure Patients,Lasso (L1 LogReg),ACS_PCT_HH_INTERNET,0.0
Heart Failure Patients,Lasso (L1 LogReg),ACS_PCT_HH_INTERNET_NO_SUBS,0.0
Heart Failure Patients,Lasso (L1 LogReg),ACS_PCT_HH_NO_COMP_DEV,0.0
Heart Failure Patients,Lasso (L1 LogReg),ACS_PCT_HH_NO_INTERNET,0.0
Heart Failure Patients,Lasso (L1 LogReg),ACS_PCT_HH_OTHER_COMP,0.0
Heart Failure Patients,Lasso (L1 LogReg),ACS_PCT_HH_OTHER_COMP_ONLY,0.0
Heart Failure Patients,Lasso (L1 LogReg),ACS_PCT_HH_PC,0.0
Heart Failure Patients,Lasso (L1 LogReg),ACS_PCT_HH_PC_ONLY,0.0
Heart Failure Patients,Lasso (L1 LogReg),ACS_PCT_HH_SMARTPHONE,0.0
Heart Failure Patients,Lasso (L1 LogReg),ACS_PCT_HH_SMARTPHONE_ONLY,0.0
Heart Failure Patients,Lasso (L1 LogReg),ACS_PCT_HH_TABLET,0.0
Heart Failure Patients,Lasso (L1 LogReg),ACS_PCT_HH_TABLET_ONLY,0.0
Heart Failure Patients,Lasso (L1 LogReg),ACS_PCT_CHILDREN_GRANDPARENT,0.0
Heart Failure Patients,Lasso (L1 LogReg),ACS_PCT_CHILD_1FAM,0.0
Heart Failure Patients,Lasso (L1 LogReg),ACS_PCT_GRANDP_NO_RESPS,0.0
Heart Failure Patients,Lasso (L1 LogReg),ACS_PCT_VET_BACHELOR,0.0
Heart Failure Patients,Random Forest Importance,Days_Cared_For,0.21263274946813976
Heart Failure Patients,Random Forest Importance,Age,0.11238567573170227
Heart Failure Patients,Random Forest Importance,elix_swiss_ageadj,0.05485419457862436
Heart Failure Patients,Random Forest Importance,elix_quan_ageadj,0.04735428653862137
Heart Failure Patients,Random Forest Importance,elix_swiss_score,0.046330387495941004
Heart Failure Patients,Random Forest Importance,elix_quan_score,0.03394887014598986
Heart Failure Patients,Random Forest Importance,charlson_ageadj,0.03164729461345216
Heart Failure Patients,Random Forest Importance,charlson_survival_10yr,0.027910789372357168
Heart Failure Patients,Random Forest Importance,charlson_score,0.0260636939745753
Heart Failure Patients,Random Forest Importance,chf,0.022441590248660968
Heart Failure Patients,Random Forest Importance,White,0.016781039052324892
Heart Failure Patients,Random Forest Importance,hypc,0.015175483294850517
Heart Failure Patients,Random Forest Importance,Black_or_African_American,0.013705887308106393
Heart Failure Patients,Random Forest Importance,hypunc,0.012333126507905605
Heart Failure Patients,Random Forest Importance,Hispanic_or_Latino,0.012327839896321037
Heart Failure Patients,Random Forest Importance,copd,0.010825910681749802
Heart Failure Patients,Random Forest Importance,carit,0.010450953922533264
Heart Failure Patients,Random Forest Importance,cevd,0.007706562566351656
Heart Failure Patients,Random Forest Importance,rend,0.007619842617107099
Heart Failure Patients,Random Forest Importance,dementia,0.007012632949254891
Heart Failure Patients,Random Forest Importance,depre,0.005237051859673053
Heart Failure Patients,Random Forest Importance,ami,0.004734020077680524
Heart Failure Patients,Random Forest Importance,hypothy,0.004567912326474037
Heart Failure Patients,Random Forest Importance,ACS_PCT_GRANDP_NO_RESPS,0.003986949726743881
Heart Failure Patients,Random Forest Importance,ACS_PCT_HH_SAT_INTERNET,0.003980836818556484
Heart Failure Patients,Random Forest Importance,ACS_PCT_HH_BROADBAND_ONLY,0.003934334469254716
Heart Failure Patients,Random Forest Importance,pcd,0.003900303687484793
Heart Failure Patients,Random Forest Importance,ACS_PCT_INC50_ABOVE65,0.0038508252098956074
Heart Failure Patients,Random Forest Importance,ACS_PCT_POV_HISPANIC,0.003709521662130197
Heart Failure Patients,Random Forest Importance,ACS_PCT_GRANDP_RESPS_P,0.003658885032181463
Heart Failure Patients,Random Forest Importance,ACS_PCT_VET_COLLEGE,0.003656546093163648
Heart Failure Patients,Random Forest Importance,ACS_PCT_GRANDP_RESPS_NO_P,0.0036402498487251834
Heart Failure Patients,Random Forest Importance,ACS_PCT_HH_ABOVE65,0.003618461417864413
Heart Failure Patients,Random Forest Importance,ACS_PCT_HH_OTHER_COMP,0.00361553151599734
Heart Failure Patients,Random Forest Importance,ACS_PCT_POV_MULTI,0.0036125002826117763
Heart Failure Patients,Random Forest Importance,ACS_PCT_COLLEGE_ASSOCIATE_DGR,0.003603792774909622
Heart Failure Patients,Random Forest Importance,valv,0.003594289695309276
Heart Failure Patients,Random Forest Importance,ACS_TOT_POP_POV,0.0035933502637703913
Heart Failure Patients,Random Forest Importance,ACS_PCT_HH_1PERS,0.0035922099504285526
Heart Failure Patients,Random Forest Importance,ACS_PCT_HH_CELLULAR_ONLY,0.003585683905250169
Heart Failure Patients,Random Forest Importance,ACS_PCT_POV_WHITE,0.00357976139241873
Heart Failure Patients,Random Forest Importance,ACS_PCT_HH_INTERNET_NO_SUBS,0.003553771421300577
Heart Failure Patients,Random Forest Importance,ACS_PCT_HH_DIAL_INTERNET_ONLY,0.0035412030155997573
Heart Failure Patients,Random Forest Importance,ACS_PCT_PERSON_INC_125_199,0.0035378361378991777
Heart Failure Patients,Random Forest Importance,ACS_TOT_GRANDCHILDREN_GP,0.0035110866341856567
Heart Failure Patients,Random Forest Importance,Asian,0.0035051838736026362
Heart Failure Patients,Random Forest Importance,ACS_PCT_CHILDREN_GRANDPARENT,0.0034950765873971363
Heart Failure Patients,Random Forest Importance,ACS_PCT_HH_LIMIT_ENGLISH,0.0034901411722117652
Heart Failure Patients,Random Forest Importance,ACS_PCT_HH_NO_FD_STMP_BLW_POV,0.003459525481317636
Heart Failure Patients,Random Forest Importance,ACS_PCT_HH_PC_ONLY,0.0034530429332066885
Heart Failure Patients,Random Forest Importance,ACS_PCT_VET_POV_18_64,0.0034482533628406604
Heart Failure Patients,Random Forest Importance,ACS_PCT_HH_TABLET_ONLY,0.0034388822483785047
Heart Failure Patients,Random Forest Importance,ACS_PCT_NO_WORK_NO_SCHL_16_19,0.0034263554260775347
Heart Failure Patients,Random Forest Importance,ACS_PCT_CHILD_1FAM,0.003425144164308894
Heart Failure Patients,Random Forest Importance,ACS_PCT_HEALTH_INC_200_399,0.0034074893653632176
Heart Failure Patients,Random Forest Importance,ACS_PCT_POV_OTHER,0.0033863971435760393
Heart Failure Patients,Random Forest Importance,ACS_PCT_POV_BLACK,0.003381569305271548
Heart Failure Patients,Random Forest Importance,ACS_PCT_PERSON_INC_100_124,0.003364301251460209
Heart Failure Patients,Random Forest Importance,POP_RUR,0.003331445759224299
Heart Failure Patients,Random Forest Importance,ACS_PCT_HH_ALONE_ABOVE65,0.003316899318755489
Heart Failure Patients,Random Forest Importance,canc,0.0033105142084012868
Heart Failure Patients,Random Forest Importance,ACS_PCT_HH_CELLULAR,0.00330821500170951
Heart Failure Patients,Random Forest Importance,ACS_PCT_HH_SMARTPHONE_ONLY,0.0033022882509639666
Heart Failure Patients,Random Forest Importance,ACS_PCT_POV_AIAN,0.003297208248187847
Heart Failure Patients,Random Forest Importance,ACS_PCT_HEALTH_INC_138_199,0.003249526959203038
Heart Failure Patients,Random Forest Importance,ACS_PCT_LT_HS,0.0032457680773787024
Heart Failure Patients,Random Forest Importance,ACS_PCT_VET_HS,0.0032260347381278423
Heart Failure Patients,Random Forest Importance,ACS_PCT_GRADUATE_DGR,0.003225256999648858
Heart Failure Patients,Random Forest Importance,ACS_PCT_VET_BACHELOR,0.003203242323397163
Heart Failure Patients,Random Forest Importance,ACS_PCT_HH_BROADBAND,0.003187803746602606
Heart Failure Patients,Random Forest Importance,ACS_PCT_HH_TABLET,0.003152129824882352
Heart Failure Patients,Random Forest Importance,ACS_PCT_HH_NO_COMP_DEV,0.0031456515194178956
Heart Failure Patients,Random Forest Importance,ACS_PCT_INC50,0.0031451397418677737
Heart Failure Patients,Random Forest Importance,ond,0.0031303498301942217
Heart Failure Patients,Random Forest Importance,ACS_PCT_NONVET_POV_18_64,0.00310780488288651
Heart Failure Patients,Random Forest Importance,ACS_PCT_HH_1FAM_FOOD_STMP,0.0030712916462759575
Heart Failure Patients,Random Forest Importance,rheumd,0.0030625568682954734
Heart Failure Patients,Random Forest Importance,ACS_PCT_HH_PUB_ASSIST,0.0030465026019948958
Heart Failure Patients,Random Forest Importance,ACS_PCT_HH_KID_1PRNT,0.003040286813582278
Heart Failure Patients,Random Forest Importance,ACS_PCT_BACHELOR_DGR,0.003026664861090571
Heart Failure Patients,Random Forest Importance,ACS_PCT_HH_SMARTPHONE,0.0030154011201051598
Heart Failure Patients,Random Forest Importance,ACS_PCT_HS_GRADUATE,0.0029933898216440743
Heart Failure Patients,Random Forest Importance,ACS_PCT_POSTHS_ED,0.0029891265301590178
Heart Failure Patients,Random Forest Importance,ACS_PCT_HEALTH_INC_ABOVE400,0.0029502964299885073
Heart Failure Patients,Random Forest Importance,ACS_PCT_HH_INTERNET,0.0029408994399467456
Heart Failure Patients,Random Forest Importance,obes,0.0029053870535876414
Heart Failure Patients,Random Forest Importance,ACS_PCT_HH_PC,0.0028992832881980534
Heart Failure Patients,Random Forest Importance,ACS_PCT_HH_NO_INTERNET,0.0028914202436465092
Heart Failure Patients,Random Forest Importance,ACS_PCT_HH_FOOD_STMP_BLW_POV,0.002870090041606706
Heart Failure Patients,Random Forest Importance,ACS_PCT_HEALTH_INC_BELOW137,0.0028260327152008417
Heart Failure Patients,Random Forest Importance,ACS_PCT_PERSON_INC_BELOW99,0.00278196879076826
Heart Failure Patients,Random Forest Importance,ACS_PCT_POV_ASIAN,0.0027773202836273146
Heart Failure Patients,Random Forest Importance,ACS_PCT_PERSON_INC_ABOVE200,0.0027545885839282236
Heart Failure Patients,Random Forest Importance,POP_URB,0.0027496739311508034
Heart Failure Patients,Random Forest Importance,POPPCT_RUR,0.0026001284633079525
Heart Failure Patients,Random Forest Importance,POPPCT_URB,0.0025250215597132897
Heart Failure Patients,Random Forest Importance,pvd,0.0018194102395134117
Heart Failure Patients,Random Forest Importance,ACS_PCT_HH_OTHER_COMP_ONLY,0.0017407441416030659
Heart Failure Patients,Random Forest Importance,ACS_PCT_POV_NHPI,0.001730203126332003
Heart Failure Patients,Random Forest Importance,fed,0.0014947541308413487
Heart Failure Patients,Random Forest Importance,ld,0.001237303794595335
Heart Failure Patients,Random Forest Importance,dane,0.0010296083446277244
Heart Failure Patients,Random Forest Importance,lymph,0.0008819592816076368
Heart Failure Patients,Random Forest Importance,American_Indian_or_Alaska_Native,0.0008795802826591822
Heart Failure Patients,Random Forest Importance,Native_Hawiian_or_Pacific_Islander,0.0007039558910794496
Heart Failure Patients,Random Forest Importance,alcohol,0.0006757622598176457
Heart Failure Patients,Random Forest Importance,wloss,0.0006614855468822269
Heart Failure Patients,Random Forest Importance,psycho,0.0006078124639673618
Heart Failure Patients,Random Forest Importance,hp,0.0005227473660719718
Heart Failure Patients,Random Forest Importance,metacanc,0.0003871702529128938
Heart Failure Patients,Random Forest Importance,coag,0.00032429655741635934
Heart Failure Patients,Random Forest Importance,drug,0.00011350730231397975
Heart Failure Patients,Random Forest Importance,aids,0.0
Heart Failure Patients,Permutation Importance (RF),Days_Cared_For,0.05842341154758768
Heart Failure Patients,Permutation Importance (RF),chf,0.02657527023464279
Heart Failure Patients,Permutation Importance (RF),hypunc,0.0008963880833113835
Heart Failure Patients,Permutation Importance (RF),ami,0.0008436593725283492
Heart Failure Patients,Permutation Importance (RF),ond,0.0006854732401793129
Heart Failure Patients,Permutation Importance (RF),depre,0.0006854732401792907
Heart Failure Patients,Permutation Importance (RF),dane,0.0006327445293962564
Heart Failure Patients,Permutation Importance (RF),cevd,0.0004218296862641857
Heart Failure Patients,Permutation Importance (RF),pvd,0.0003691009754811958
Heart Failure Patients,Permutation Importance (RF),wloss,0.0003163722646981837
Heart Failure Patients,Permutation Importance (RF),obes,0.0002636435539151272
Heart Failure Patients,Permutation Importance (RF),dementia,0.00026364355391510496
Heart Failure Patients,Permutation Importance (RF),ACS_PCT_HH_PC_ONLY,0.00021091484313211505
Heart Failure Patients,Permutation Importance (RF),rheumd,0.00015818613234910294
Heart Failure Patients,Permutation Importance (RF),fed,0.00015818613234910294
Heart Failure Patients,Permutation Importance (RF),American_Indian_or_Alaska_Native,5.272871078303432e-05
Heart Failure Patients,Permutation Importance (RF),Native_Hawiian_or_Pacific_Islander,5.272871078303432e-05
Heart Failure Patients,Permutation Importance (RF),ACS_PCT_HEALTH_INC_200_399,2.2204460492503132e-17
Heart Failure Patients,Permutation Importance (RF),Asian,2.2204460492503132e-17
Heart Failure Patients,Permutation Importance (RF),aids,0.0
Heart Failure Patients,Permutation Importance (RF),coag,0.0
Heart Failure Patients,Permutation Importance (RF),hp,0.0
Heart Failure Patients,Permutation Importance (RF),POPPCT_URB,0.0
Heart Failure Patients,Permutation Importance (RF),psycho,0.0
Heart Failure Patients,Permutation Importance (RF),metacanc,0.0
Heart Failure Patients,Permutation Importance (RF),drug,0.0
Heart Failure Patients,Permutation Importance (RF),ACS_PCT_POV_ASIAN,0.0
Heart Failure Patients,Permutation Importance (RF),lymph,-5.272871078301211e-05
Heart Failure Patients,Permutation Importance (RF),valv,-0.00021091484313207065
Heart Failure Patients,Permutation Importance (RF),ACS_PCT_NONVET_POV_18_64,-0.00021091484313209285
Heart Failure Patients,Permutation Importance (RF),ACS_PCT_HH_BROADBAND,-0.00021091484313209285
Heart Failure Patients,Permutation Importance (RF),alcohol,-0.0002636435539150828
Heart Failure Patients,Permutation Importance (RF),ACS_PCT_HH_BROADBAND_ONLY,-0.0003163722646981171
Heart Failure Patients,Permutation Importance (RF),pcd,-0.0003163722646981171
Heart Failure Patients,Permutation Importance (RF),ld,-0.00036910097548112917
Heart Failure Patients,Permutation Importance (RF),ACS_PCT_HH_KID_1PRNT,-0.0004745583970471756
Heart Failure Patients,Permutation Importance (RF),ACS_PCT_HS_GRADUATE,-0.000580015818613222
Heart Failure Patients,Permutation Importance (RF),ACS_PCT_PERSON_INC_ABOVE200,-0.0006327445293962342
Heart Failure Patients,Permutation Importance (RF),ACS_PCT_HH_OTHER_COMP,-0.0007382019509622806
Heart Failure Patients,Permutation Importance (RF),ACS_PCT_HH_OTHER_COMP_ONLY,-0.0007382019509622806
Heart Failure Patients,Permutation Importance (RF),ACS_PCT_HH_TABLET_ONLY,-0.0007382019509622806
Heart Failure Patients,Permutation Importance (RF),ACS_PCT_LT_HS,-0.0007382019509623028
Heart Failure Patients,Permutation Importance (RF),ACS_PCT_POSTHS_ED,-0.0007382019509623028
Heart Failure Patients,Permutation Importance (RF),ACS_PCT_POV_OTHER,-0.0007909306617452927
Heart Failure Patients,Permutation Importance (RF),ACS_PCT_HH_CELLULAR,-0.0007909306617453149
Heart Failure Patients,Permutation Importance (RF),hypothy,-0.0008436593725283271
Heart Failure Patients,Permutation Importance (RF),ACS_PCT_HEALTH_INC_BELOW137,-0.0008963880833113835
Heart Failure Patients,Permutation Importance (RF),ACS_PCT_POV_BLACK,-0.0009491167940943734
Heart Failure Patients,Permutation Importance (RF),ACS_PCT_VET_COLLEGE,-0.0009491167940943734
Heart Failure Patients,Permutation Importance (RF),ACS_PCT_INC50_ABOVE65,-0.0010018455048773855
Heart Failure Patients,Permutation Importance (RF),ACS_PCT_HH_PC,-0.0010018455048773855
Heart Failure Patients,Permutation Importance (RF),POP_URB,-0.0012654890587924905
Heart Failure Patients,Permutation Importance (RF),Age,-0.0013182177695755027
Heart Failure Patients,Permutation Importance (RF),ACS_PCT_POV_NHPI,-0.001423675191141549
Heart Failure Patients,Permutation Importance (RF),ACS_PCT_HH_DIAL_INTERNET_ONLY,-0.0014764039019245835
Heart Failure Patients,Permutation Importance (RF),ACS_PCT_PERSON_INC_BELOW99,-0.0015291326127075955
Heart Failure Patients,Permutation Importance (RF),ACS_PCT_CHILD_1FAM,-0.0016345900342736642
Heart Failure Patients,Permutation Importance (RF),ACS_PCT_PERSON_INC_100_124,-0.0016873187450566541
Heart Failure Patients,Permutation Importance (RF),POPPCT_RUR,-0.0016873187450566762
Heart Failure Patients,Permutation Importance (RF),White,-0.0017400474558396661
Heart Failure Patients,Permutation Importance (RF),canc,-0.0017400474558396661
Heart Failure Patients,Permutation Importance (RF),ACS_PCT_HEALTH_INC_ABOVE400,-0.0018455048774057125
Heart Failure Patients,Permutation Importance (RF),ACS_PCT_INC50,-0.0019509622989717812
Heart Failure Patients,Permutation Importance (RF),Hispanic_or_Latino,-0.0019509622989717812
Heart Failure Patients,Permutation Importance (RF),ACS_PCT_HH_SMARTPHONE,-0.0019509622989717812
Heart Failure Patients,Permutation Importance (RF),ACS_PCT_BACHELOR_DGR,-0.0019509622989717812
Heart Failure Patients,Permutation Importance (RF),ACS_PCT_HH_NO_COMP_DEV,-0.0020036910097547935
Heart Failure Patients,Permutation Importance (RF),ACS_PCT_HH_SMARTPHONE_ONLY,-0.0020036910097548156
Heart Failure Patients,Permutation Importance (RF),ACS_PCT_GRADUATE_DGR,-0.0021618771421038742
Heart Failure Patients,Permutation Importance (RF),ACS_PCT_GRANDP_RESPS_P,-0.002214605852886864
Heart Failure Patients,Permutation Importance (RF),ACS_PCT_HH_ALONE_ABOVE65,-0.0022673345636699204
Heart Failure Patients,Permutation Importance (RF),rend,-0.0023200632744529103
Heart Failure Patients,Permutation Importance (RF),hypc,-0.0023200632744529324
Heart Failure Patients,Permutation Importance (RF),ACS_PCT_HH_PUB_ASSIST,-0.0023200632744529324
Heart Failure Patients,Permutation Importance (RF),ACS_PCT_COLLEGE_ASSOCIATE_DGR,-0.0024255206960189348
Heart Failure Patients,Permutation Importance (RF),ACS_PCT_HH_ABOVE65,-0.002425520696018979
Heart Failure Patients,Permutation Importance (RF),ACS_PCT_VET_HS,-0.002478249406801969
Heart Failure Patients,Permutation Importance (RF),ACS_PCT_POV_MULTI,-0.002478249406802013
Heart Failure Patients,Permutation Importance (RF),ACS_PCT_HH_NO_INTERNET,-0.002530978117585003
Heart Failure Patients,Permutation Importance (RF),Black_or_African_American,-0.002530978117585003
Heart Failure Patients,Permutation Importance (RF),ACS_PCT_HH_1PERS,-0.0025309781175850256
Heart Failure Patients,Permutation Importance (RF),ACS_PCT_PERSON_INC_125_199,-0.0025837068283680376
Heart Failure Patients,Permutation Importance (RF),ACS_PCT_HH_CELLULAR_ONLY,-0.0026364355391510497
Heart Failure Patients,Permutation Importance (RF),ACS_PCT_POV_AIAN,-0.0026891642499340396
Heart Failure Patients,Permutation Importance (RF),ACS_PCT_VET_BACHELOR,-0.0027418929607170737
Heart Failure Patients,Permutation Importance (RF),ACS_PCT_HH_INTERNET_NO_SUBS,-0.0027418929607170737
Heart Failure Patients,Permutation Importance (RF),ACS_PCT_HH_NO_FD_STMP_BLW_POV,-0.002794621671500086
Heart Failure Patients,Permutation Importance (RF),ACS_PCT_HH_1FAM_FOOD_STMP,-0.0029000790930661545
Heart Failure Patients,Permutation Importance (RF),ACS_PCT_HH_FOOD_STMP_BLW_POV,-0.002952807803849167
Heart Failure Patients,Permutation Importance (RF),POP_RUR,-0.003005536514632179
Heart Failure Patients,Permutation Importance (RF),ACS_PCT_NO_WORK_NO_SCHL_16_19,-0.003005536514632223
Heart Failure Patients,Permutation Importance (RF),ACS_PCT_HH_LIMIT_ENGLISH,-0.003058265225415235
Heart Failure Patients,Permutation Importance (RF),ACS_PCT_HH_SAT_INTERNET,-0.003163722646981304
Heart Failure Patients,Permutation Importance (RF),ACS_PCT_POV_WHITE,-0.003269180068547306
Heart Failure Patients,Permutation Importance (RF),ACS_PCT_GRANDP_NO_RESPS,-0.0033746374901133303
Heart Failure Patients,Permutation Importance (RF),ACS_PCT_HH_INTERNET,-0.0034273662008963866
Heart Failure Patients,Permutation Importance (RF),ACS_PCT_GRANDP_RESPS_NO_P,-0.0034273662008963866
Heart Failure Patients,Permutation Importance (RF),ACS_PCT_POV_HISPANIC,-0.0036382810440284572
Heart Failure Patients,Permutation Importance (RF),ACS_PCT_HH_TABLET,-0.0036382810440284572
Heart Failure Patients,Permutation Importance (RF),ACS_TOT_GRANDCHILDREN_GP,-0.0038491958871605505
Heart Failure Patients,Permutation Importance (RF),ACS_PCT_CHILDREN_GRANDPARENT,-0.004060110730292621
Heart Failure Patients,Permutation Importance (RF),carit,-0.004218296862641702
Heart Failure Patients,Permutation Importance (RF),ACS_PCT_HEALTH_INC_138_199,-0.004323754284207726
Heart Failure Patients,Permutation Importance (RF),copd,-0.004481940416556807
Heart Failure Patients,Permutation Importance (RF),ACS_PCT_VET_POV_18_64,-0.005167413656736053
Heart Failure Patients,Permutation Importance (RF),ACS_TOT_POP_POV,-0.0054310572106511575
Heart Failure Patients,Permutation Importance (RF),charlson_score,-0.006538360137094612
Heart Failure Patients,Permutation Importance (RF),elix_swiss_score,-0.006696546269443715
Heart Failure Patients,Permutation Importance (RF),elix_quan_score,-0.0067492749802267275
Heart Failure Patients,Permutation Importance (RF),elix_quan_ageadj,-0.007698391774321123
Heart Failure Patients,Permutation Importance (RF),charlson_survival_10yr,-0.007909306617453194
Heart Failure Patients,Permutation Importance (RF),charlson_ageadj,-0.0089111521223306
Heart Failure Patients,Permutation Importance (RF),elix_swiss_ageadj,-0.010071183759557067
Heart Failure Patients,Permutation Importance (Ridge/LogReg),Days_Cared_For,0.09480622198787243
Heart Failure Patients,Permutation Importance (Ridge/LogReg),chf,0.07925125230688115
Heart Failure Patients,Permutation Importance (Ridge/LogReg),rend,0.02657527023464279
Heart Failure Patients,Permutation Importance (Ridge/LogReg),ACS_PCT_PERSON_INC_BELOW99,0.02272607434748226
Heart Failure Patients,Permutation Importance (Ridge/LogReg),elix_quan_ageadj,0.020564197205378342
Heart Failure Patients,Permutation Importance (Ridge/LogReg),elix_quan_score,0.019615080411283993
Heart Failure Patients,Permutation Importance (Ridge/LogReg),ACS_PCT_NONVET_POV_18_64,0.01608225678882156
Heart Failure Patients,Permutation Importance (Ridge/LogReg),carit,0.012707619298708183
Heart Failure Patients,Permutation Importance (Ridge/LogReg),ACS_PCT_HEALTH_INC_ABOVE400,0.011969417347745903
Heart Failure Patients,Permutation Importance (Ridge/LogReg),Age,0.006802003691009783
Heart Failure Patients,Permutation Importance (Ridge/LogReg),ACS_PCT_HH_1FAM_FOOD_STMP,0.006591088847877713
Heart Failure Patients,Permutation Importance (Ridge/LogReg),copd,0.00585288689691541
Heart Failure Patients,Permutation Importance (Ridge/LogReg),ACS_PCT_HH_ALONE_ABOVE65,0.005378328499868213
Heart Failure Patients,Permutation Importance (Ridge/LogReg),ACS_PCT_HEALTH_INC_BELOW137,0.0051674136567361195
Heart Failure Patients,Permutation Importance (Ridge/LogReg),ACS_PCT_HS_GRADUATE,0.005114684945953107
Heart Failure Patients,Permutation Importance (Ridge/LogReg),charlson_score,0.005061956235170073
Heart Failure Patients,Permutation Importance (Ridge/LogReg),ACS_PCT_VET_HS,0.004903770102821015
Heart Failure Patients,Permutation Importance (Ridge/LogReg),ACS_PCT_HH_KID_1PRNT,0.003691009754811514
Heart Failure Patients,Permutation Importance (Ridge/LogReg),ld,0.003585552333245512
Heart Failure Patients,Permutation Importance (Ridge/LogReg),ACS_TOT_GRANDCHILDREN_GP,0.0033746374901133967
Heart Failure Patients,Permutation Importance (Ridge/LogReg),POPPCT_RUR,0.003005536514632268
Heart Failure Patients,Permutation Importance (Ridge/LogReg),POPPCT_URB,0.003005536514632268
Heart Failure Patients,Permutation Importance (Ridge/LogReg),charlson_ageadj,0.0029528078038492333
Heart Failure Patients,Permutation Importance (Ridge/LogReg),ACS_PCT_HH_PUB_ASSIST,0.002847350382283187
Heart Failure Patients,Permutation Importance (Ridge/LogReg),pcd,0.0026364355391511165
Heart Failure Patients,Permutation Importance (Ridge/LogReg),ACS_PCT_POV_MULTI,0.0025309781175850477
Heart Failure Patients,Permutation Importance (Ridge/LogReg),ACS_PCT_HH_TABLET_ONLY,0.002478249406802058
Heart Failure Patients,Permutation Importance (Ridge/LogReg),rheumd,0.0021091484313208843
Heart Failure Patients,Permutation Importance (Ridge/LogReg),canc,0.0019509622989718478
Heart Failure Patients,Permutation Importance (Ridge/LogReg),ACS_PCT_HEALTH_INC_200_399,0.0019509622989718257
Heart Failure Patients,Permutation Importance (Ridge/LogReg),ACS_PCT_HH_1PERS,0.0018455048774058014
Heart Failure Patients,Permutation Importance (Ridge/LogReg),elix_swiss_score,0.001845504877405779
Heart Failure Patients,Permutation Importance (Ridge/LogReg),ACS_PCT_HH_NO_INTERNET,0.0017400474558397327
Heart Failure Patients,Permutation Importance (Ridge/LogReg),ACS_PCT_INC50,0.0016345900342736863
Heart Failure Patients,Permutation Importance (Ridge/LogReg),wloss,0.0015818613234906743
Heart Failure Patients,Permutation Importance (Ridge/LogReg),ond,0.0014764039019246056
Heart Failure Patients,Permutation Importance (Ridge/LogReg),ACS_PCT_PERSON_INC_100_124,0.0012654890587925128
Heart Failure Patients,Permutation Importance (Ridge/LogReg),depre,0.001212760348009545
Heart Failure Patients,Permutation Importance (Ridge/LogReg),ACS_PCT_GRANDP_RESPS_NO_P,0.0011600316372265107
Heart Failure Patients,Permutation Importance (Ridge/LogReg),ACS_PCT_POV_BLACK,0.0011073029264434763
Heart Failure Patients,Permutation Importance (Ridge/LogReg),Hispanic_or_Latino,0.0010545742156604643
Heart Failure Patients,Permutation Importance (Ridge/LogReg),ACS_PCT_VET_COLLEGE,0.0010545742156604643
Heart Failure Patients,Permutation Importance (Ridge/LogReg),ACS_PCT_VET_POV_18_64,0.0010545742156604422
Heart Failure Patients,Permutation Importance (Ridge/LogReg),hypc,0.0010018455048774523
Heart Failure Patients,Permutation Importance (Ridge/LogReg),ACS_PCT_HH_PC,0.0010018455048774523
Heart Failure Patients,Permutation Importance (Ridge/LogReg),ACS_PCT_POV_OTHER,0.000896388083311428
Heart Failure Patients,Permutation Importance (Ridge/LogReg),ACS_TOT_POP_POV,0.0008436593725283936
Heart Failure Patients,Permutation Importance (Ridge/LogReg),White,0.0008436593725283714
Heart Failure Patients,Permutation Importance (Ridge/LogReg),metacanc,0.0008436593725283714
Heart Failure Patients,Permutation Importance (Ridge/LogReg),elix_swiss_ageadj,0.0007909306617453593
Heart Failure Patients,Permutation Importance (Ridge/LogReg),charlson_survival_10yr,0.0007382019509623472
Heart Failure Patients,Permutation Importance (Ridge/LogReg),dementia,0.000738201950962325
Heart Failure Patients,Permutation Importance (Ridge/LogReg),ACS_PCT_PERSON_INC_125_199,0.0006854732401793129
Heart Failure Patients,Permutation Importance (Ridge/LogReg),ACS_PCT_HH_CELLULAR_ONLY,0.0006327445293962785
Heart Failure Patients,Permutation Importance (Ridge/LogReg),ACS_PCT_POV_WHITE,0.0005800158186132665
Heart Failure Patients,Permutation Importance (Ridge/LogReg),ACS_PCT_CHILD_1FAM,0.0005800158186132443
Heart Failure Patients,Permutation Importance (Ridge/LogReg),ACS_PCT_POV_NHPI,0.0005272871078302766
Heart Failure Patients,Permutation Importance (Ridge/LogReg),valv,0.0005272871078302544
Heart Failure Patients,Permutation Importance (Ridge/LogReg),fed,0.0005272871078302544
Heart Failure Patients,Permutation Importance (Ridge/LogReg),ACS_PCT_HH_BROADBAND_ONLY,0.0005272871078302321
Heart Failure Patients,Permutation Importance (Ridge/LogReg),cevd,0.00047455839704724223
Heart Failure Patients,Permutation Importance (Ridge/LogReg),pvd,0.00047455839704722
Heart Failure Patients,Permutation Importance (Ridge/LogReg),ACS_PCT_HH_PC_ONLY,0.0004218296862641857
Heart Failure Patients,Permutation Importance (Ridge/LogReg),ACS_PCT_CHILDREN_GRANDPARENT,0.0003691009754811736
Heart Failure Patients,Permutation Importance (Ridge/LogReg),POP_RUR,0.0003163722646981837
Heart Failure Patients,Permutation Importance (Ridge/LogReg),ACS_PCT_LT_HS,0.0003163722646981837
Heart Failure Patients,Permutation Importance (Ridge/LogReg),ACS_PCT_VET_BACHELOR,0.0003163722646981615
Heart Failure Patients,Permutation Importance (Ridge/LogReg),ACS_PCT_GRADUATE_DGR,0.00031637226469813926
Heart Failure Patients,Permutation Importance (Ridge/LogReg),Black_or_African_American,0.0002636435539151272
Heart Failure Patients,Permutation Importance (Ridge/LogReg),POP_URB,0.00021091484313211505
Heart Failure Patients,Permutation Importance (Ridge/LogReg),lymph,0.00021091484313211505
Heart Failure Patients,Permutation Importance (Ridge/LogReg),ACS_PCT_POSTHS_ED,0.00021091484313211505
Heart Failure Patients,Permutation Importance (Ridge/LogReg),ACS_PCT_HH_OTHER_COMP,0.00015818613234912514
Heart Failure Patients,Permutation Importance (Ridge/LogReg),hypunc,0.00015818613234910294
Heart Failure Patients,Permutation Importance (Ridge/LogReg),ACS_PCT_INC50_ABOVE65,0.00015818613234908074
Heart Failure Patients,Permutation Importance (Ridge/LogReg),ACS_PCT_POV_HISPANIC,0.00010545742156606864
Heart Failure Patients,Permutation Importance (Ridge/LogReg),ACS_PCT_COLLEGE_ASSOCIATE_DGR,0.00010545742156606864
Heart Failure Patients,Permutation Importance (Ridge/LogReg),ACS_PCT_HH_SMARTPHONE,5.272871078305652e-05
Heart Failure Patients,Permutation Importance (Ridge/LogReg),ACS_PCT_HH_OTHER_COMP_ONLY,5.272871078305652e-05
Heart Failure Patients,Permutation Importance (Ridge/LogReg),ACS_PCT_GRANDP_RESPS_P,5.272871078305652e-05
Heart Failure Patients,Permutation Importance (Ridge/LogReg),ACS_PCT_HH_INTERNET_NO_SUBS,5.272871078303432e-05
Heart Failure Patients,Permutation Importance (Ridge/LogReg),hp,5.272871078303432e-05
Heart Failure Patients,Permutation Importance (Ridge/LogReg),ACS_PCT_HH_NO_FD_STMP_BLW_POV,4.4408920985006264e-17
Heart Failure Patients,Permutation Importance (Ridge/LogReg),hypothy,2.2204460492503132e-17
Heart Failure Patients,Permutation Importance (Ridge/LogReg),Native_Hawiian_or_Pacific_Islander,0.0
Heart Failure Patients,Permutation Importance (Ridge/LogReg),aids,0.0
Heart Failure Patients,Permutation Importance (Ridge/LogReg),coag,-5.272871078298991e-05
Heart Failure Patients,Permutation Importance (Ridge/LogReg),psycho,-5.272871078301211e-05
Heart Failure Patients,Permutation Importance (Ridge/LogReg),drug,-0.00010545742156600201
Heart Failure Patients,Permutation Importance (Ridge/LogReg),ACS_PCT_POV_ASIAN,-0.00010545742156602423
Heart Failure Patients,Permutation Importance (Ridge/LogReg),American_Indian_or_Alaska_Native,-0.00010545742156602423
Heart Failure Patients,Permutation Importance (Ridge/LogReg),ACS_PCT_HH_TABLET,-0.00010545742156602423
Heart Failure Patients,Permutation Importance (Ridge/LogReg),ami,-0.00010545742156602423
Heart Failure Patients,Permutation Importance (Ridge/LogReg),ACS_PCT_HH_SMARTPHONE_ONLY,-0.00010545742156602423
Heart Failure Patients,Permutation Importance (Ridge/LogReg),ACS_PCT_HH_ABOVE65,-0.00015818613234903635
Heart Failure Patients,Permutation Importance (Ridge/LogReg),alcohol,-0.00015818613234903635
Heart Failure Patients,Permutation Importance (Ridge/LogReg),ACS_PCT_HH_INTERNET,-0.0003163722646981171
Heart Failure Patients,Permutation Importance (Ridge/LogReg),Asian,-0.0003163722646981171
Heart Failure Patients,Permutation Importance (Ridge/LogReg),ACS_PCT_HH_LIMIT_ENGLISH,-0.000369100975481107
Heart Failure Patients,Permutation Importance (Ridge/LogReg),ACS_PCT_PERSON_INC_ABOVE200,-0.00036910097548112917
Heart Failure Patients,Permutation Importance (Ridge/LogReg),ACS_PCT_HH_BROADBAND,-0.0004218296862641191
Heart Failure Patients,Permutation Importance (Ridge/LogReg),ACS_PCT_NO_WORK_NO_SCHL_16_19,-0.0004218296862641413
Heart Failure Patients,Permutation Importance (Ridge/LogReg),ACS_PCT_POV_AIAN,-0.00047455839704719783
Heart Failure Patients,Permutation Importance (Ridge/LogReg),ACS_PCT_GRANDP_NO_RESPS,-0.0006327445293962342
Heart Failure Patients,Permutation Importance (Ridge/LogReg),dane,-0.0006854732401792684
Heart Failure Patients,Permutation Importance (Ridge/LogReg),obes,-0.0007382019509622583
Heart Failure Patients,Permutation Importance (Ridge/LogReg),ACS_PCT_HH_CELLULAR,-0.0007909306617452927
Heart Failure Patients,Permutation Importance (Ridge/LogReg),ACS_PCT_HH_DIAL_INTERNET_ONLY,-0.0008963880833113391
Heart Failure Patients,Permutation Importance (Ridge/LogReg),ACS_PCT_BACHELOR_DGR,-0.0010545742156603977
Heart Failure Patients,Permutation Importance (Ridge/LogReg),ACS_PCT_HH_SAT_INTERNET,-0.0014236751911415268
Heart Failure Patients,Permutation Importance (Ridge/LogReg),ACS_PCT_HEALTH_INC_138_199,-0.0016345900342736198
Heart Failure Patients,Permutation Importance (Ridge/LogReg),ACS_PCT_HH_FOOD_STMP_BLW_POV,-0.0023727919852359223
Heart Failure Patients,Permutation Importance (Ridge/LogReg),ACS_PCT_HH_NO_COMP_DEV,-0.0026891642499340617
Heart Failure Patients,LightGBM Importance,Days_Cared_For,463.0
Heart Failure Patients,LightGBM Importance,Age,295.0
Heart Failure Patients,LightGBM Importance,elix_quan_ageadj,86.0
Heart Failure Patients,LightGBM Importance,elix_swiss_score,83.0
Heart Failure Patients,LightGBM Importance,elix_swiss_ageadj,81.0
Heart Failure Patients,LightGBM Importance,chf,61.0
Heart Failure Patients,LightGBM Importance,elix_quan_score,60.0
Heart Failure Patients,LightGBM Importance,charlson_score,52.0
Heart Failure Patients,LightGBM Importance,charlson_ageadj,49.0
Heart Failure Patients,LightGBM Importance,hypc,42.0
Heart Failure Patients,LightGBM Importance,ACS_PCT_HH_SAT_INTERNET,40.0
Heart Failure Patients,LightGBM Importance,ACS_PCT_HH_1PERS,39.0
Heart Failure Patients,LightGBM Importance,ACS_PCT_POV_MULTI,37.0
Heart Failure Patients,LightGBM Importance,ACS_PCT_LT_HS,36.0
Heart Failure Patients,LightGBM Importance,ACS_PCT_HH_BROADBAND_ONLY,36.0
Heart Failure Patients,LightGBM Importance,ACS_PCT_HH_INTERNET_NO_SUBS,35.0
Heart Failure Patients,LightGBM Importance,ACS_PCT_COLLEGE_ASSOCIATE_DGR,34.0
Heart Failure Patients,LightGBM Importance,ACS_PCT_HH_CELLULAR_ONLY,34.0
Heart Failure Patients,LightGBM Importance,ACS_TOT_GRANDCHILDREN_GP,34.0
Heart Failure Patients,LightGBM Importance,ACS_PCT_VET_COLLEGE,33.0
Heart Failure Patients,LightGBM Importance,ACS_PCT_POV_HISPANIC,32.0
Heart Failure Patients,LightGBM Importance,ACS_PCT_GRANDP_RESPS_P,32.0
Heart Failure Patients,LightGBM Importance,ACS_PCT_POV_AIAN,32.0
Heart Failure Patients,LightGBM Importance,ACS_PCT_NO_WORK_NO_SCHL_16_19,32.0
Heart Failure Patients,LightGBM Importance,ACS_PCT_HH_NO_FD_STMP_BLW_POV,32.0
Heart Failure Patients,LightGBM Importance,ACS_PCT_HH_TABLET_ONLY,31.0
Heart Failure Patients,LightGBM Importance,ACS_PCT_INC50_ABOVE65,31.0
Heart Failure Patients,LightGBM Importance,ACS_PCT_POV_OTHER,31.0
Heart Failure Patients,LightGBM Importance,ACS_PCT_HEALTH_INC_200_399,30.0
Heart Failure Patients,LightGBM Importance,ACS_PCT_GRANDP_RESPS_NO_P,28.0
Heart Failure Patients,LightGBM Importance,ACS_PCT_GRANDP_NO_RESPS,28.0
Heart Failure Patients,LightGBM Importance,ACS_PCT_HH_LIMIT_ENGLISH,27.0
Heart Failure Patients,LightGBM Importance,White,27.0
Heart Failure Patients,LightGBM Importance,ACS_PCT_HH_OTHER_COMP,27.0
Heart Failure Patients,LightGBM Importance,ACS_PCT_HH_DIAL_INTERNET_ONLY,26.0
Heart Failure Patients,LightGBM Importance,ACS_PCT_VET_BACHELOR,25.0
Heart Failure Patients,LightGBM Importance,ACS_PCT_CHILDREN_GRANDPARENT,25.0
Heart Failure Patients,LightGBM Importance,ACS_PCT_POV_ASIAN,25.0
Heart Failure Patients,LightGBM Importance,rend,24.0
Heart Failure Patients,LightGBM Importance,ACS_PCT_CHILD_1FAM,24.0
Heart Failure Patients,LightGBM Importance,POP_RUR,23.0
Heart Failure Patients,LightGBM Importance,hypunc,23.0
Heart Failure Patients,LightGBM Importance,Black_or_African_American,22.0
Heart Failure Patients,LightGBM Importance,ACS_PCT_HEALTH_INC_138_199,22.0
Heart Failure Patients,LightGBM Importance,copd,22.0
Heart Failure Patients,LightGBM Importance,ACS_PCT_HH_1FAM_FOOD_STMP,22.0
Heart Failure Patients,LightGBM Importance,ACS_PCT_HH_CELLULAR,22.0
Heart Failure Patients,LightGBM Importance,ACS_PCT_HH_ABOVE65,21.0
Heart Failure Patients,LightGBM Importance,ACS_PCT_HH_KID_1PRNT,21.0
Heart Failure Patients,LightGBM Importance,ACS_PCT_VET_POV_18_64,21.0
Heart Failure Patients,LightGBM Importance,ACS_PCT_HH_SMARTPHONE_ONLY,21.0
Heart Failure Patients,LightGBM Importance,ACS_PCT_PERSON_INC_100_124,21.0
Heart Failure Patients,LightGBM Importance,ACS_PCT_HH_TABLET,20.0
Heart Failure Patients,LightGBM Importance,ACS_PCT_VET_HS,19.0
Heart Failure Patients,LightGBM Importance,cevd,18.0
Heart Failure Patients,LightGBM Importance,carit,18.0
Heart Failure Patients,LightGBM Importance,ACS_PCT_GRADUATE_DGR,18.0
Heart Failure Patients,LightGBM Importance,ACS_TOT_POP_POV,18.0
Heart Failure Patients,LightGBM Importance,ACS_PCT_POV_WHITE,17.0
Heart Failure Patients,LightGBM Importance,ACS_PCT_HH_PC_ONLY,17.0
Heart Failure Patients,LightGBM Importance,pcd,16.0
Heart Failure Patients,LightGBM Importance,POPPCT_URB,16.0
Heart Failure Patients,LightGBM Importance,ACS_PCT_PERSON_INC_125_199,16.0
Heart Failure Patients,LightGBM Importance,ACS_PCT_HS_GRADUATE,15.0
Heart Failure Patients,LightGBM Importance,charlson_survival_10yr,15.0
Heart Failure Patients,LightGBM Importance,ACS_PCT_HH_BROADBAND,15.0
Heart Failure Patients,LightGBM Importance,ACS_PCT_HH_INTERNET,14.0
Heart Failure Patients,LightGBM Importance,ACS_PCT_HH_OTHER_COMP_ONLY,14.0
Heart Failure Patients,LightGBM Importance,ACS_PCT_POV_BLACK,13.0
Heart Failure Patients,LightGBM Importance,alcohol,13.0
Heart Failure Patients,LightGBM Importance,ACS_PCT_INC50,13.0
Heart Failure Patients,LightGBM Importance,ACS_PCT_HEALTH_INC_BELOW137,12.0
Heart Failure Patients,LightGBM Importance,hypothy,12.0
Heart Failure Patients,LightGBM Importance,Hispanic_or_Latino,11.0
Heart Failure Patients,LightGBM Importance,ACS_PCT_HH_NO_COMP_DEV,11.0
Heart Failure Patients,LightGBM Importance,ACS_PCT_NONVET_POV_18_64,10.0
Heart Failure Patients,LightGBM Importance,ACS_PCT_HH_ALONE_ABOVE65,10.0
Heart Failure Patients,LightGBM Importance,ond,10.0
Heart Failure Patients,LightGBM Importance,depre,9.0
Heart Failure Patients,LightGBM Importance,ACS_PCT_POSTHS_ED,9.0
Heart Failure Patients,LightGBM Importance,ACS_PCT_HEALTH_INC_ABOVE400,9.0
Heart Failure Patients,LightGBM Importance,ACS_PCT_HH_PUB_ASSIST,9.0
Heart Failure Patients,LightGBM Importance,ACS_PCT_PERSON_INC_ABOVE200,8.0
Heart Failure Patients,LightGBM Importance,ami,8.0
Heart Failure Patients,LightGBM Importance,dementia,8.0
Heart Failure Patients,LightGBM Importance,ACS_PCT_HH_SMARTPHONE,7.0
Heart Failure Patients,LightGBM Importance,ACS_PCT_BACHELOR_DGR,7.0
Heart Failure Patients,LightGBM Importance,pvd,7.0
Heart Failure Patients,LightGBM Importance,ACS_PCT_HH_NO_INTERNET,7.0
Heart Failure Patients,LightGBM Importance,dane,7.0
Heart Failure Patients,LightGBM Importance,ACS_PCT_HH_FOOD_STMP_BLW_POV,7.0
Heart Failure Patients,LightGBM Importance,American_Indian_or_Alaska_Native,7.0
Heart Failure Patients,LightGBM Importance,ACS_PCT_HH_PC,6.0
Heart Failure Patients,LightGBM Importance,rheumd,5.0
Heart Failure Patients,LightGBM Importance,lymph,5.0
Heart Failure Patients,LightGBM Importance,ACS_PCT_POV_NHPI,5.0
Heart Failure Patients,LightGBM Importance,POP_URB,5.0
Heart Failure Patients,LightGBM Importance,obes,4.0
Heart Failure Patients,LightGBM Importance,canc,4.0
Heart Failure Patients,LightGBM Importance,ACS_PCT_PERSON_INC_BELOW99,4.0
Heart Failure Patients,LightGBM Importance,valv,3.0
Heart Failure Patients,LightGBM Importance,POPPCT_RUR,2.0
Heart Failure Patients,LightGBM Importance,fed,2.0
Heart Failure Patients,LightGBM Importance,Asian,2.0
Heart Failure Patients,LightGBM Importance,ld,1.0
Heart Failure Patients,LightGBM Importance,psycho,1.0
Heart Failure Patients,LightGBM Importance,hp,1.0
Heart Failure Patients,LightGBM Importance,wloss,0.0
Heart Failure Patients,LightGBM Importance,aids,0.0
Heart Failure Patients,LightGBM Importance,Native_Hawiian_or_Pacific_Islander,0.0
Heart Failure Patients,LightGBM Importance,coag,0.0
Heart Failure Patients,LightGBM Importance,metacanc,0.0
Heart Failure Patients,LightGBM Importance,drug,0.0
Heart Failure Patients,XGBoost Importance,chf,0.09989550709724426
Heart Failure Patients,XGBoost Importance,Days_Cared_For,0.024128055199980736
Heart Failure Patients,XGBoost Importance,ACS_PCT_POV_ASIAN,0.012940159067511559
Heart Failure Patients,XGBoost Importance,ACS_PCT_VET_POV_18_64,0.010905146598815918
Heart Failure Patients,XGBoost Importance,ACS_PCT_VET_BACHELOR,0.010632447898387909
Heart Failure Patients,XGBoost Importance,ACS_PCT_POV_HISPANIC,0.01062015537172556
Heart Failure Patients,XGBoost Importance,hypothy,0.010534032247960567
Heart Failure Patients,XGBoost Importance,ACS_PCT_GRANDP_NO_RESPS,0.010516214184463024
Heart Failure Patients,XGBoost Importance,ACS_PCT_HH_DIAL_INTERNET_ONLY,0.010510439053177834
Heart Failure Patients,XGBoost Importance,lymph,0.010501844808459282
Heart Failure Patients,XGBoost Importance,ACS_PCT_HH_NO_INTERNET,0.01042954158037901
Heart Failure Patients,XGBoost Importance,ACS_PCT_VET_HS,0.01034792885184288
Heart Failure Patients,XGBoost Importance,ACS_PCT_PERSON_INC_BELOW99,0.010327022522687912
Heart Failure Patients,XGBoost Importance,valv,0.010190422646701336
Heart Failure Patients,XGBoost Importance,ACS_TOT_POP_POV,0.010025612078607082
Heart Failure Patients,XGBoost Importance,hypunc,0.009923353791236877
Heart Failure Patients,XGBoost Importance,ACS_PCT_INC50_ABOVE65,0.009863694198429585
Heart Failure Patients,XGBoost Importance,ACS_PCT_POV_OTHER,0.009859136305749416
Heart Failure Patients,XGBoost Importance,hypc,0.009854610078036785
Heart Failure Patients,XGBoost Importance,ACS_PCT_HEALTH_INC_BELOW137,0.00984671339392662
Heart Failure Patients,XGBoost Importance,ACS_PCT_HH_INTERNET,0.009802248328924179
Heart Failure Patients,XGBoost Importance,POPPCT_URB,0.009786255657672882
Heart Failure Patients,XGBoost Importance,ACS_PCT_HH_FOOD_STMP_BLW_POV,0.009717421606183052
Heart Failure Patients,XGBoost Importance,ACS_PCT_HH_CELLULAR_ONLY,0.009531875140964985
Heart Failure Patients,XGBoost Importance,pcd,0.009403849951922894
Heart Failure Patients,XGBoost Importance,ACS_PCT_HEALTH_INC_138_199,0.009397386573255062
Heart Failure Patients,XGBoost Importance,ACS_PCT_CHILDREN_GRANDPARENT,0.009313883259892464
Heart Failure Patients,XGBoost Importance,ACS_PCT_HH_SMARTPHONE_ONLY,0.009293491020798683
Heart Failure Patients,XGBoost Importance,ACS_PCT_GRANDP_RESPS_P,0.009257437661290169
Heart Failure Patients,XGBoost Importance,ACS_TOT_GRANDCHILDREN_GP,0.009255222044885159
Heart Failure Patients,XGBoost Importance,ACS_PCT_HH_1PERS,0.009179753251373768
Heart Failure Patients,XGBoost Importance,ACS_PCT_HH_BROADBAND_ONLY,0.009153060615062714
Heart Failure Patients,XGBoost Importance,ACS_PCT_HH_INTERNET_NO_SUBS,0.009120330214500427
Heart Failure Patients,XGBoost Importance,ACS_PCT_PERSON_INC_100_124,0.008983398787677288
Heart Failure Patients,XGBoost Importance,rend,0.008964397013187408
Heart Failure Patients,XGBoost Importance,ACS_PCT_HH_SMARTPHONE,0.008963599801063538
Heart Failure Patients,XGBoost Importance,obes,0.008912153542041779
Heart Failure Patients,XGBoost Importance,ACS_PCT_POV_AIAN,0.0088309021666646
Heart Failure Patients,XGBoost Importance,ACS_PCT_HH_PUB_ASSIST,0.00882217101752758
Heart Failure Patients,XGBoost Importance,ACS_PCT_HH_ALONE_ABOVE65,0.008798394352197647
Heart Failure Patients,XGBoost Importance,ACS_PCT_HH_OTHER_COMP,0.008758723735809326
Heart Failure Patients,XGBoost Importance,alcohol,0.008738338015973568
Heart Failure Patients,XGBoost Importance,ACS_PCT_HEALTH_INC_ABOVE400,0.008708092384040356
Heart Failure Patients,XGBoost Importance,ACS_PCT_POV_MULTI,0.008676142431795597
Heart Failure Patients,XGBoost Importance,ACS_PCT_NONVET_POV_18_64,0.008665083907544613
Heart Failure Patients,XGBoost Importance,ACS_PCT_HH_NO_FD_STMP_BLW_POV,0.008627922274172306
Heart Failure Patients,XGBoost Importance,ACS_PCT_HH_BROADBAND,0.008587359450757504
Heart Failure Patients,XGBoost Importance,ACS_PCT_POV_BLACK,0.008503633551299572
Heart Failure Patients,XGBoost Importance,ami,0.00847660843282938
Heart Failure Patients,XGBoost Importance,POP_RUR,0.008475206792354584
Heart Failure Patients,XGBoost Importance,charlson_score,0.008462137542665005
Heart Failure Patients,XGBoost Importance,ACS_PCT_GRANDP_RESPS_NO_P,0.008426837623119354
Heart Failure Patients,XGBoost Importance,ACS_PCT_COLLEGE_ASSOCIATE_DGR,0.008361848071217537
Heart Failure Patients,XGBoost Importance,ACS_PCT_HH_PC_ONLY,0.008321834728121758
Heart Failure Patients,XGBoost Importance,ACS_PCT_POV_NHPI,0.008318820968270302
Heart Failure Patients,XGBoost Importance,ACS_PCT_HH_SAT_INTERNET,0.008298143744468689
Heart Failure Patients,XGBoost Importance,ACS_PCT_HH_NO_COMP_DEV,0.008268209174275398
Heart Failure Patients,XGBoost Importance,ACS_PCT_HH_TABLET,0.008261156268417835
Heart Failure Patients,XGBoost Importance,ACS_PCT_VET_COLLEGE,0.008207188919186592
Heart Failure Patients,XGBoost Importance,copd,0.008202731609344482
Heart Failure Patients,XGBoost Importance,cevd,0.008176099509000778
Heart Failure Patients,XGBoost Importance,ACS_PCT_HH_PC,0.008165991865098476
Heart Failure Patients,XGBoost Importance,ACS_PCT_HH_TABLET_ONLY,0.008059334009885788
Heart Failure Patients,XGBoost Importance,ACS_PCT_POV_WHITE,0.008031950332224369
Heart Failure Patients,XGBoost Importance,ACS_PCT_BACHELOR_DGR,0.00799193698912859
Heart Failure Patients,XGBoost Importance,depre,0.007990370504558086
Heart Failure Patients,XGBoost Importance,ACS_PCT_PERSON_INC_125_199,0.007975971326231956
Heart Failure Patients,XGBoost Importance,ACS_PCT_NO_WORK_NO_SCHL_16_19,0.00796045083552599
Heart Failure Patients,XGBoost Importance,ACS_PCT_CHILD_1FAM,0.007947145029902458
Heart Failure Patients,XGBoost Importance,ACS_PCT_LT_HS,0.007870289497077465
Heart Failure Patients,XGBoost Importance,ACS_PCT_HH_KID_1PRNT,0.007857347838580608
Heart Failure Patients,XGBoost Importance,dementia,0.007825282402336597
Heart Failure Patients,XGBoost Importance,ACS_PCT_INC50,0.007804978173226118
Heart Failure Patients,XGBoost Importance,ACS_PCT_HEALTH_INC_200_399,0.007699758745729923
Heart Failure Patients,XGBoost Importance,pvd,0.007657750975340605
Heart Failure Patients,XGBoost Importance,Hispanic_or_Latino,0.0075939674861729145
Heart Failure Patients,XGBoost Importance,ACS_PCT_HH_1FAM_FOOD_STMP,0.007586188148707151
Heart Failure Patients,XGBoost Importance,ACS_PCT_POSTHS_ED,0.007557718548923731
Heart Failure Patients,XGBoost Importance,ond,0.007524932734668255
Heart Failure Patients,XGBoost Importance,ACS_PCT_GRADUATE_DGR,0.007519777398556471
Heart Failure Patients,XGBoost Importance,elix_swiss_score,0.007445577532052994
Heart Failure Patients,XGBoost Importance,ACS_PCT_HH_OTHER_COMP_ONLY,0.0074364980682730675
Heart Failure Patients,XGBoost Importance,ACS_PCT_HH_ABOVE65,0.007417119108140469
Heart Failure Patients,XGBoost Importance,elix_quan_ageadj,0.00739921722561121
Heart Failure Patients,XGBoost Importance,ACS_PCT_HS_GRADUATE,0.007373129948973656
Heart Failure Patients,XGBoost Importance,Black_or_African_American,0.007367558777332306
Heart Failure Patients,XGBoost Importance,Age,0.0073630367405712605
Heart Failure Patients,XGBoost Importance,carit,0.007288760971277952
Heart Failure Patients,XGBoost Importance,hp,0.007256252691149712
Heart Failure Patients,XGBoost Importance,ACS_PCT_HH_CELLULAR,0.00722417002543807
Heart Failure Patients,XGBoost Importance,POP_URB,0.007222681771963835
Heart Failure Patients,XGBoost Importance,elix_swiss_ageadj,0.007190094329416752
Heart Failure Patients,XGBoost Importance,White,0.0070045157335698605
Heart Failure Patients,XGBoost Importance,ACS_PCT_PERSON_INC_ABOVE200,0.006992763374000788
Heart Failure Patients,XGBoost Importance,ACS_PCT_HH_LIMIT_ENGLISH,0.0069707403890788555
Heart Failure Patients,XGBoost Importance,canc,0.006872058846056461
Heart Failure Patients,XGBoost Importance,Asian,0.006758866831660271
Heart Failure Patients,XGBoost Importance,elix_quan_score,0.006674533244222403
Heart Failure Patients,XGBoost Importance,charlson_ageadj,0.006089759990572929
Heart Failure Patients,XGBoost Importance,fed,0.005586370825767517
Heart Failure Patients,XGBoost Importance,rheumd,0.0054865628480911255
Heart Failure Patients,XGBoost Importance,psycho,0.005138156935572624
Heart Failure Patients,XGBoost Importance,American_Indian_or_Alaska_Native,0.005114950239658356
Heart Failure Patients,XGBoost Importance,Native_Hawiian_or_Pacific_Islander,0.005021935328841209
Heart Failure Patients,XGBoost Importance,ld,0.004270290490239859
Heart Failure Patients,XGBoost Importance,coag,0.0041692000813782215
Heart Failure Patients,XGBoost Importance,wloss,0.004157007671892643
Heart Failure Patients,XGBoost Importance,dane,0.0032256569247692823
Heart Failure Patients,XGBoost Importance,drug,0.0
Heart Failure Patients,XGBoost Importance,charlson_survival_10yr,0.0
Heart Failure Patients,XGBoost Importance,aids,0.0
Heart Failure Patients,XGBoost Importance,metacanc,0.0
Heart Failure Patients,XGBoost Importance,POPPCT_RUR,0.0
Hypertensive Patients,Variance Threshold,wloss,1.0000000000000007
Hypertensive Patients,Variance Threshold,obes,1.0000000000000007
Hypertensive Patients,Variance Threshold,coag,1.0000000000000007
Hypertensive Patients,Variance Threshold,fed,1.0000000000000004
Hypertensive Patients,Variance Threshold,ACS_PCT_HH_DIAL_INTERNET_ONLY,1.0000000000000004
Hypertensive Patients,Variance Threshold,valv,1.0000000000000004
Hypertensive Patients,Variance Threshold,rend,1.0000000000000004
Hypertensive Patients,Variance Threshold,ACS_PCT_BACHELOR_DGR,1.0000000000000004
Hypertensive Patients,Variance Threshold,ACS_PCT_POV_NHPI,1.0000000000000004
Hypertensive Patients,Variance Threshold,ACS_PCT_GRANDP_NO_RESPS,1.0000000000000002
Hypertensive Patients,Variance Threshold,ACS_PCT_CHILD_1FAM,1.0000000000000002
Hypertensive Patients,Variance Threshold,elix_swiss_score,1.0000000000000002
Hypertensive Patients,Variance Threshold,charlson_score,1.0000000000000002
Hypertensive Patients,Variance Threshold,ACS_PCT_HH_LIMIT_ENGLISH,1.0000000000000002
Hypertensive Patients,Variance Threshold,ACS_PCT_POSTHS_ED,1.0000000000000002
Hypertensive Patients,Variance Threshold,ACS_PCT_NO_WORK_NO_SCHL_16_19,1.0000000000000002
Hypertensive Patients,Variance Threshold,ACS_PCT_HH_BROADBAND,1.0000000000000002
Hypertensive Patients,Variance Threshold,ACS_PCT_HH_ALONE_ABOVE65,1.0000000000000002
Hypertensive Patients,Variance Threshold,ACS_TOT_GRANDCHILDREN_GP,1.0000000000000002
Hypertensive Patients,Variance Threshold,ACS_PCT_GRADUATE_DGR,1.0000000000000002
Hypertensive Patients,Variance Threshold,carit,1.0000000000000002
Hypertensive Patients,Variance Threshold,ACS_PCT_GRANDP_RESPS_NO_P,1.0000000000000002
Hypertensive Patients,Variance Threshold,ACS_PCT_HH_CELLULAR,1.0000000000000002
Hypertensive Patients,Variance Threshold,POPPCT_RUR,1.0000000000000002
Hypertensive Patients,Variance Threshold,ACS_PCT_HH_FOOD_STMP_BLW_POV,1.0000000000000002
Hypertensive Patients,Variance Threshold,ACS_PCT_HH_PUB_ASSIST,1.0000000000000002
Hypertensive Patients,Variance Threshold,ACS_PCT_INC50,1.0000000000000002
Hypertensive Patients,Variance Threshold,POPPCT_URB,1.0000000000000002
Hypertensive Patients,Variance Threshold,POP_URB,1.0000000000000002
Hypertensive Patients,Variance Threshold,hypc,1.0000000000000002
Hypertensive Patients,Variance Threshold,psycho,1.0000000000000002
Hypertensive Patients,Variance Threshold,pcd,1.0000000000000002
Hypertensive Patients,Variance Threshold,ACS_PCT_POV_MULTI,1.0000000000000002
Hypertensive Patients,Variance Threshold,ACS_PCT_POV_WHITE,1.0000000000000002
Hypertensive Patients,Variance Threshold,ACS_PCT_VET_HS,1.0
Hypertensive Patients,Variance Threshold,ACS_PCT_HH_BROADBAND_ONLY,1.0
Hypertensive Patients,Variance Threshold,Age,1.0
Hypertensive Patients,Variance Threshold,ACS_PCT_COLLEGE_ASSOCIATE_DGR,1.0
Hypertensive Patients,Variance Threshold,ACS_PCT_VET_POV_18_64,1.0
Hypertensive Patients,Variance Threshold,ACS_PCT_LT_HS,1.0
Hypertensive Patients,Variance Threshold,ACS_PCT_HS_GRADUATE,1.0
Hypertensive Patients,Variance Threshold,ACS_PCT_HH_INTERNET_NO_SUBS,1.0
Hypertensive Patients,Variance Threshold,POP_RUR,1.0
Hypertensive Patients,Variance Threshold,hypothy,1.0
Hypertensive Patients,Variance Threshold,hypunc,1.0
Hypertensive Patients,Variance Threshold,ACS_PCT_HH_INTERNET,1.0
Hypertensive Patients,Variance Threshold,metacanc,1.0
Hypertensive Patients,Variance Threshold,charlson_ageadj,1.0
Hypertensive Patients,Variance Threshold,ACS_PCT_PERSON_INC_BELOW99,1.0
Hypertensive Patients,Variance Threshold,ACS_PCT_POV_AIAN,1.0
Hypertensive Patients,Variance Threshold,White,1.0
Hypertensive Patients,Variance Threshold,ACS_PCT_NONVET_POV_18_64,1.0
Hypertensive Patients,Variance Threshold,ACS_PCT_POV_ASIAN,1.0
Hypertensive Patients,Variance Threshold,ACS_PCT_HH_NO_FD_STMP_BLW_POV,1.0
Hypertensive Patients,Variance Threshold,ACS_PCT_HH_1FAM_FOOD_STMP,1.0
Hypertensive Patients,Variance Threshold,ACS_PCT_HEALTH_INC_BELOW137,1.0
Hypertensive Patients,Variance Threshold,chf,1.0
Hypertensive Patients,Variance Threshold,charlson_survival_10yr,1.0
Hypertensive Patients,Variance Threshold,elix_quan_score,1.0
Hypertensive Patients,Variance Threshold,ACS_PCT_HH_ABOVE65,1.0
Hypertensive Patients,Variance Threshold,Asian,1.0
Hypertensive Patients,Variance Threshold,ACS_PCT_GRANDP_RESPS_P,1.0
Hypertensive Patients,Variance Threshold,elix_swiss_ageadj,1.0
Hypertensive Patients,Variance Threshold,ACS_PCT_HH_TABLET,1.0
Hypertensive Patients,Variance Threshold,aids,1.0
Hypertensive Patients,Variance Threshold,ld,1.0
Hypertensive Patients,Variance Threshold,ACS_PCT_HH_PC_ONLY,1.0
Hypertensive Patients,Variance Threshold,cevd,1.0
Hypertensive Patients,Variance Threshold,ACS_PCT_POV_OTHER,1.0
Hypertensive Patients,Variance Threshold,ACS_PCT_PERSON_INC_ABOVE200,1.0
Hypertensive Patients,Variance Threshold,American_Indian_or_Alaska_Native,0.9999999999999998
Hypertensive Patients,Variance Threshold,copd,0.9999999999999998
Hypertensive Patients,Variance Threshold,Hispanic_or_Latino,0.9999999999999998
Hypertensive Patients,Variance Threshold,Days_Cared_For,0.9999999999999998
Hypertensive Patients,Variance Threshold,elix_quan_ageadj,0.9999999999999998
Hypertensive Patients,Variance Threshold,ami,0.9999999999999998
Hypertensive Patients,Variance Threshold,drug,0.9999999999999998
Hypertensive Patients,Variance Threshold,canc,0.9999999999999998
Hypertensive Patients,Variance Threshold,ACS_TOT_POP_POV,0.9999999999999998
Hypertensive Patients,Variance Threshold,ACS_PCT_VET_BACHELOR,0.9999999999999998
Hypertensive Patients,Variance Threshold,ACS_PCT_HEALTH_INC_200_399,0.9999999999999998
Hypertensive Patients,Variance Threshold,ACS_PCT_HH_KID_1PRNT,0.9999999999999998
Hypertensive Patients,Variance Threshold,ACS_PCT_HH_1PERS,0.9999999999999998
Hypertensive Patients,Variance Threshold,ACS_PCT_CHILDREN_GRANDPARENT,0.9999999999999998
Hypertensive Patients,Variance Threshold,ACS_PCT_HH_TABLET_ONLY,0.9999999999999998
Hypertensive Patients,Variance Threshold,ACS_PCT_HEALTH_INC_ABOVE400,0.9999999999999998
Hypertensive Patients,Variance Threshold,ACS_PCT_INC50_ABOVE65,0.9999999999999998
Hypertensive Patients,Variance Threshold,ACS_PCT_HH_SMARTPHONE,0.9999999999999998
Hypertensive Patients,Variance Threshold,ACS_PCT_HH_SAT_INTERNET,0.9999999999999998
Hypertensive Patients,Variance Threshold,ACS_PCT_HH_PC,0.9999999999999998
Hypertensive Patients,Variance Threshold,ACS_PCT_HH_OTHER_COMP_ONLY,0.9999999999999998
Hypertensive Patients,Variance Threshold,ACS_PCT_HH_OTHER_COMP,0.9999999999999998
Hypertensive Patients,Variance Threshold,ACS_PCT_HH_NO_INTERNET,0.9999999999999998
Hypertensive Patients,Variance Threshold,ACS_PCT_HH_NO_COMP_DEV,0.9999999999999998
Hypertensive Patients,Variance Threshold,ACS_PCT_PERSON_INC_125_199,0.9999999999999998
Hypertensive Patients,Variance Threshold,ACS_PCT_HH_CELLULAR_ONLY,0.9999999999999998
Hypertensive Patients,Variance Threshold,ACS_PCT_VET_COLLEGE,0.9999999999999998
Hypertensive Patients,Variance Threshold,ACS_PCT_POV_BLACK,0.9999999999999998
Hypertensive Patients,Variance Threshold,pvd,0.9999999999999998
Hypertensive Patients,Variance Threshold,ACS_PCT_HEALTH_INC_138_199,0.9999999999999998
Hypertensive Patients,Variance Threshold,ACS_PCT_PERSON_INC_100_124,0.9999999999999997
Hypertensive Patients,Variance Threshold,Black_or_African_American,0.9999999999999997
Hypertensive Patients,Variance Threshold,ACS_PCT_POV_HISPANIC,0.9999999999999997
Hypertensive Patients,Variance Threshold,alcohol,0.9999999999999997
Hypertensive Patients,Variance Threshold,ACS_PCT_HH_SMARTPHONE_ONLY,0.9999999999999997
Hypertensive Patients,Variance Threshold,ond,0.9999999999999997
Hypertensive Patients,Variance Threshold,depre,0.9999999999999997
Hypertensive Patients,Variance Threshold,dane,0.9999999999999994
Hypertensive Patients,Variance Threshold,Native_Hawiian_or_Pacific_Islander,0.9999999999999994
Hypertensive Patients,Variance Threshold,dementia,0.9999999999999994
Hypertensive Patients,Variance Threshold,hp,0.9999999999999994
Hypertensive Patients,Variance Threshold,rheumd,0.9999999999999994
Hypertensive Patients,Variance Threshold,lymph,0.999999999999999
Hypertensive Patients,Lasso (L1 LogReg),Days_Cared_For,0.6691666615900425
Hypertensive Patients,Lasso (L1 LogReg),hypunc,-0.3776329279267502
Hypertensive Patients,Lasso (L1 LogReg),hypc,-0.2664066668997424
Hypertensive Patients,Lasso (L1 LogReg),elix_quan_score,0.17323021644152736
Hypertensive Patients,Lasso (L1 LogReg),Age,-0.1545998731399362
Hypertensive Patients,Lasso (L1 LogReg),Black_or_African_American,-0.06459631847200335
Hypertensive Patients,Lasso (L1 LogReg),charlson_score,0.06089522776102884
Hypertensive Patients,Lasso (L1 LogReg),dementia,-0.057154391720877044
Hypertensive Patients,Lasso (L1 LogReg),Asian,-0.0483583019361742
Hypertensive Patients,Lasso (L1 LogReg),copd,0.0456500034173156
Hypertensive Patients,Lasso (L1 LogReg),psycho,-0.03864812695554445
Hypertensive Patients,Lasso (L1 LogReg),charlson_survival_10yr,-0.03295097702575451
Hypertensive Patients,Lasso (L1 LogReg),ACS_PCT_HH_TABLET_ONLY,0.032726646653528174
Hypertensive Patients,Lasso (L1 LogReg),canc,0.029240854499697985
Hypertensive Patients,Lasso (L1 LogReg),ACS_PCT_HH_TABLET,0.028275582407685962
Hypertensive Patients,Lasso (L1 LogReg),ACS_PCT_HH_DIAL_INTERNET_ONLY,-0.027229511592961005
Hypertensive Patients,Lasso (L1 LogReg),hypothy,-0.025852190582292524
Hypertensive Patients,Lasso (L1 LogReg),ACS_PCT_HH_OTHER_COMP,-0.025441428472361128
Hypertensive Patients,Lasso (L1 LogReg),White,0.02488381045987843
Hypertensive Patients,Lasso (L1 LogReg),ACS_PCT_HH_1FAM_FOOD_STMP,-0.02437608526764167
Hypertensive Patients,Lasso (L1 LogReg),ACS_PCT_POV_HISPANIC,0.021574882308009045
Hypertensive Patients,Lasso (L1 LogReg),hp,-0.018630223449279594
Hypertensive Patients,Lasso (L1 LogReg),ACS_PCT_HH_SMARTPHONE,0.018031324220268888
Hypertensive Patients,Lasso (L1 LogReg),ld,0.017799730419620272
Hypertensive Patients,Lasso (L1 LogReg),pvd,0.01681943235256884
Hypertensive Patients,Lasso (L1 LogReg),ACS_PCT_HH_NO_COMP_DEV,-0.015616127437555569
Hypertensive Patients,Lasso (L1 LogReg),depre,-0.01560960396815745
Hypertensive Patients,Lasso (L1 LogReg),alcohol,-0.015530917879652582
Hypertensive Patients,Lasso (L1 LogReg),ACS_PCT_POV_AIAN,-0.015451400050776784
Hypertensive Patients,Lasso (L1 LogReg),ACS_PCT_LT_HS,0.015043679044879096
Hypertensive Patients,Lasso (L1 LogReg),ACS_PCT_POV_MULTI,0.01502955623674284
Hypertensive Patients,Lasso (L1 LogReg),obes,-0.015024894220623536
Hypertensive Patients,Lasso (L1 LogReg),drug,0.014688560852491565
Hypertensive Patients,Lasso (L1 LogReg),ACS_PCT_INC50_ABOVE65,0.0145613832318183
Hypertensive Patients,Lasso (L1 LogReg),ACS_TOT_GRANDCHILDREN_GP,-0.013363283824324059
Hypertensive Patients,Lasso (L1 LogReg),rend,0.01327497868935908
Hypertensive Patients,Lasso (L1 LogReg),ACS_PCT_HH_INTERNET_NO_SUBS,0.01096906064915736
Hypertensive Patients,Lasso (L1 LogReg),POPPCT_RUR,-0.01072827708936877
Hypertensive Patients,Lasso (L1 LogReg),valv,0.010034831818110776
Hypertensive Patients,Lasso (L1 LogReg),ACS_PCT_HH_PC_ONLY,-0.009834910122290109
Hypertensive Patients,Lasso (L1 LogReg),ami,0.007286115089744277
Hypertensive Patients,Lasso (L1 LogReg),ACS_PCT_PERSON_INC_100_124,-0.005419630742168012
Hypertensive Patients,Lasso (L1 LogReg),ond,-0.004132596582669707
Hypertensive Patients,Lasso (L1 LogReg),ACS_PCT_BACHELOR_DGR,-0.004122148015420946
Hypertensive Patients,Lasso (L1 LogReg),ACS_PCT_NO_WORK_NO_SCHL_16_19,-0.0038045456471757118
Hypertensive Patients,Lasso (L1 LogReg),ACS_PCT_HH_OTHER_COMP_ONLY,0.003102661618907853
Hypertensive Patients,Lasso (L1 LogReg),ACS_PCT_HH_SAT_INTERNET,-0.0021233439295990884
Hypertensive Patients,Lasso (L1 LogReg),wloss,-0.0016004771154214763
Hypertensive Patients,Lasso (L1 LogReg),ACS_TOT_POP_POV,-0.0013682252628404521
Hypertensive Patients,Lasso (L1 LogReg),aids,-0.000525766298739685
Hypertensive Patients,Lasso (L1 LogReg),ACS_PCT_HH_CELLULAR,0.0
Hypertensive Patients,Lasso (L1 LogReg),ACS_PCT_HEALTH_INC_ABOVE400,0.0
Hypertensive Patients,Lasso (L1 LogReg),fed,0.0
Hypertensive Patients,Lasso (L1 LogReg),ACS_PCT_HEALTH_INC_BELOW137,0.0
Hypertensive Patients,Lasso (L1 LogReg),ACS_PCT_HH_FOOD_STMP_BLW_POV,0.0
Hypertensive Patients,Lasso (L1 LogReg),ACS_PCT_HH_NO_FD_STMP_BLW_POV,0.0
Hypertensive Patients,Lasso (L1 LogReg),dane,0.0
Hypertensive Patients,Lasso (L1 LogReg),ACS_PCT_HH_PUB_ASSIST,0.0
Hypertensive Patients,Lasso (L1 LogReg),coag,0.0
Hypertensive Patients,Lasso (L1 LogReg),chf,0.0
Hypertensive Patients,Lasso (L1 LogReg),cevd,0.0
Hypertensive Patients,Lasso (L1 LogReg),carit,0.0
Hypertensive Patients,Lasso (L1 LogReg),ACS_PCT_INC50,0.0
Hypertensive Patients,Lasso (L1 LogReg),ACS_PCT_NONVET_POV_18_64,0.0
Hypertensive Patients,Lasso (L1 LogReg),ACS_PCT_PERSON_INC_125_199,0.0
Hypertensive Patients,Lasso (L1 LogReg),ACS_PCT_HH_CELLULAR_ONLY,0.0
Hypertensive Patients,Lasso (L1 LogReg),elix_swiss_ageadj,0.0
Hypertensive Patients,Lasso (L1 LogReg),elix_swiss_score,0.0
Hypertensive Patients,Lasso (L1 LogReg),elix_quan_ageadj,0.0
Hypertensive Patients,Lasso (L1 LogReg),ACS_PCT_PERSON_INC_ABOVE200,0.0
Hypertensive Patients,Lasso (L1 LogReg),ACS_PCT_PERSON_INC_BELOW99,0.0
Hypertensive Patients,Lasso (L1 LogReg),charlson_ageadj,0.0
Hypertensive Patients,Lasso (L1 LogReg),ACS_PCT_POV_ASIAN,0.0
Hypertensive Patients,Lasso (L1 LogReg),ACS_PCT_POV_BLACK,0.0
Hypertensive Patients,Lasso (L1 LogReg),ACS_PCT_POV_NHPI,0.0
Hypertensive Patients,Lasso (L1 LogReg),Native_Hawiian_or_Pacific_Islander,0.0
Hypertensive Patients,Lasso (L1 LogReg),Hispanic_or_Latino,0.0
Hypertensive Patients,Lasso (L1 LogReg),ACS_PCT_POV_OTHER,0.0
Hypertensive Patients,Lasso (L1 LogReg),ACS_PCT_POV_WHITE,0.0
Hypertensive Patients,Lasso (L1 LogReg),American_Indian_or_Alaska_Native,0.0
Hypertensive Patients,Lasso (L1 LogReg),ACS_PCT_HEALTH_INC_200_399,0.0
Hypertensive Patients,Lasso (L1 LogReg),ACS_PCT_HEALTH_INC_138_199,0.0
Hypertensive Patients,Lasso (L1 LogReg),ACS_PCT_HH_KID_1PRNT,0.0
Hypertensive Patients,Lasso (L1 LogReg),ACS_PCT_HH_SMARTPHONE_ONLY,0.0
Hypertensive Patients,Lasso (L1 LogReg),ACS_PCT_HH_BROADBAND_ONLY,0.0
Hypertensive Patients,Lasso (L1 LogReg),ACS_PCT_HH_BROADBAND,0.0
Hypertensive Patients,Lasso (L1 LogReg),ACS_PCT_HH_LIMIT_ENGLISH,0.0
Hypertensive Patients,Lasso (L1 LogReg),ACS_PCT_VET_HS,0.0
Hypertensive Patients,Lasso (L1 LogReg),ACS_PCT_VET_COLLEGE,0.0
Hypertensive Patients,Lasso (L1 LogReg),ACS_PCT_VET_POV_18_64,0.0
Hypertensive Patients,Lasso (L1 LogReg),ACS_PCT_POSTHS_ED,0.0
Hypertensive Patients,Lasso (L1 LogReg),ACS_PCT_HH_INTERNET,0.0
Hypertensive Patients,Lasso (L1 LogReg),ACS_PCT_HH_NO_INTERNET,0.0
Hypertensive Patients,Lasso (L1 LogReg),ACS_PCT_HS_GRADUATE,0.0
Hypertensive Patients,Lasso (L1 LogReg),ACS_PCT_GRADUATE_DGR,0.0
Hypertensive Patients,Lasso (L1 LogReg),ACS_PCT_COLLEGE_ASSOCIATE_DGR,0.0
Hypertensive Patients,Lasso (L1 LogReg),ACS_PCT_HH_PC,0.0
Hypertensive Patients,Lasso (L1 LogReg),POP_RUR,0.0
Hypertensive Patients,Lasso (L1 LogReg),ACS_PCT_HH_ALONE_ABOVE65,0.0
Hypertensive Patients,Lasso (L1 LogReg),POPPCT_URB,0.0
Hypertensive Patients,Lasso (L1 LogReg),POP_URB,0.0
Hypertensive Patients,Lasso (L1 LogReg),ACS_PCT_CHILDREN_GRANDPARENT,0.0
Hypertensive Patients,Lasso (L1 LogReg),ACS_PCT_CHILD_1FAM,0.0
Hypertensive Patients,Lasso (L1 LogReg),rheumd,0.0
Hypertensive Patients,Lasso (L1 LogReg),ACS_PCT_GRANDP_NO_RESPS,0.0
Hypertensive Patients,Lasso (L1 LogReg),ACS_PCT_GRANDP_RESPS_NO_P,0.0
Hypertensive Patients,Lasso (L1 LogReg),ACS_PCT_GRANDP_RESPS_P,0.0
Hypertensive Patients,Lasso (L1 LogReg),pcd,0.0
Hypertensive Patients,Lasso (L1 LogReg),ACS_PCT_HH_1PERS,0.0
Hypertensive Patients,Lasso (L1 LogReg),ACS_PCT_HH_ABOVE65,0.0
Hypertensive Patients,Lasso (L1 LogReg),metacanc,0.0
Hypertensive Patients,Lasso (L1 LogReg),lymph,0.0
Hypertensive Patients,Lasso (L1 LogReg),ACS_PCT_VET_BACHELOR,0.0
Hypertensive Patients,Random Forest Importance,Days_Cared_For,0.25464468196853834
Hypertensive Patients,Random Forest Importance,Age,0.14945978934033635
Hypertensive Patients,Random Forest Importance,elix_swiss_ageadj,0.0407998232076285
Hypertensive Patients,Random Forest Importance,elix_quan_ageadj,0.03819268056221925
Hypertensive Patients,Random Forest Importance,charlson_ageadj,0.029270893372064174
Hypertensive Patients,Random Forest Importance,elix_swiss_score,0.028669301939585147
Hypertensive Patients,Random Forest Importance,charlson_survival_10yr,0.027431709871023696
Hypertensive Patients,Random Forest Importance,elix_quan_score,0.024502990488770533
Hypertensive Patients,Random Forest Importance,charlson_score,0.02232705651343923
Hypertensive Patients,Random Forest Importance,hypunc,0.017392135057511738
Hypertensive Patients,Random Forest Importance,White,0.017087974068330906
Hypertensive Patients,Random Forest Importance,Black_or_African_American,0.013514887773497014
Hypertensive Patients,Random Forest Importance,Hispanic_or_Latino,0.01249393628945462
Hypertensive Patients,Random Forest Importance,depre,0.011756575913647182
Hypertensive Patients,Random Forest Importance,cevd,0.010473639658431289
Hypertensive Patients,Random Forest Importance,hypc,0.010376624546745913
Hypertensive Patients,Random Forest Importance,dementia,0.009915498046002067
Hypertensive Patients,Random Forest Importance,hypothy,0.008836865416288735
Hypertensive Patients,Random Forest Importance,copd,0.008490816836362398
Hypertensive Patients,Random Forest Importance,carit,0.007393741990122066
Hypertensive Patients,Random Forest Importance,rend,0.005695554741178277
Hypertensive Patients,Random Forest Importance,chf,0.005442947606823083
Hypertensive Patients,Random Forest Importance,rheumd,0.0051078412841969205
Hypertensive Patients,Random Forest Importance,obes,0.004162068691270489
Hypertensive Patients,Random Forest Importance,Asian,0.0038535500439587016
Hypertensive Patients,Random Forest Importance,ond,0.003778437761640099
Hypertensive Patients,Random Forest Importance,ACS_PCT_GRANDP_NO_RESPS,0.0035821624689368237
Hypertensive Patients,Random Forest Importance,ACS_PCT_HH_BROADBAND_ONLY,0.003516577055510252
Hypertensive Patients,Random Forest Importance,ACS_PCT_VET_COLLEGE,0.003514630029690078
Hypertensive Patients,Random Forest Importance,ACS_PCT_HH_SAT_INTERNET,0.0034715939914950855
Hypertensive Patients,Random Forest Importance,canc,0.0034516781831977423
Hypertensive Patients,Random Forest Importance,ACS_PCT_CHILDREN_GRANDPARENT,0.0034052894222181777
Hypertensive Patients,Random Forest Importance,ACS_PCT_POV_HISPANIC,0.0034022842529765184
Hypertensive Patients,Random Forest Importance,ACS_TOT_GRANDCHILDREN_GP,0.0033933072590471795
Hypertensive Patients,Random Forest Importance,ami,0.0033720324298604264
Hypertensive Patients,Random Forest Importance,ACS_PCT_GRANDP_RESPS_P,0.00335278825413168
Hypertensive Patients,Random Forest Importance,ACS_PCT_HH_CELLULAR_ONLY,0.003328000643091934
Hypertensive Patients,Random Forest Importance,ACS_PCT_HH_INTERNET_NO_SUBS,0.003320828385360963
Hypertensive Patients,Random Forest Importance,ACS_PCT_GRANDP_RESPS_NO_P,0.0033206742520368875
Hypertensive Patients,Random Forest Importance,ACS_PCT_VET_POV_18_64,0.0033142433717082624
Hypertensive Patients,Random Forest Importance,ACS_PCT_HH_OTHER_COMP,0.003308221638984945
Hypertensive Patients,Random Forest Importance,ACS_PCT_HH_ABOVE65,0.0033076869337606936
Hypertensive Patients,Random Forest Importance,ACS_PCT_INC50_ABOVE65,0.0033055493506507897
Hypertensive Patients,Random Forest Importance,ACS_PCT_POV_MULTI,0.0033019339971358673
Hypertensive Patients,Random Forest Importance,ACS_PCT_NO_WORK_NO_SCHL_16_19,0.003287942312407655
Hypertensive Patients,Random Forest Importance,ACS_PCT_COLLEGE_ASSOCIATE_DGR,0.0032714360388627394
Hypertensive Patients,Random Forest Importance,ACS_PCT_HH_1PERS,0.003240615137041947
Hypertensive Patients,Random Forest Importance,POP_RUR,0.003238682582120511
Hypertensive Patients,Random Forest Importance,ACS_PCT_HH_DIAL_INTERNET_ONLY,0.0032373315752962754
Hypertensive Patients,Random Forest Importance,ACS_PCT_HH_TABLET_ONLY,0.0031832932596931774
Hypertensive Patients,Random Forest Importance,ACS_PCT_HH_ALONE_ABOVE65,0.003145620128048997
Hypertensive Patients,Random Forest Importance,ACS_PCT_INC50,0.0031391423922006445
Hypertensive Patients,Random Forest Importance,ACS_PCT_HH_1FAM_FOOD_STMP,0.0031263695981622146
Hypertensive Patients,Random Forest Importance,ACS_PCT_LT_HS,0.0031222403833708373
Hypertensive Patients,Random Forest Importance,ACS_PCT_HH_NO_FD_STMP_BLW_POV,0.003105070554114993
Hypertensive Patients,Random Forest Importance,ACS_PCT_HH_PC_ONLY,0.003098955939369713
Hypertensive Patients,Random Forest Importance,ACS_PCT_POV_OTHER,0.0030985879888617914
Hypertensive Patients,Random Forest Importance,ACS_TOT_POP_POV,0.0030846917122156012
Hypertensive Patients,Random Forest Importance,ACS_PCT_HEALTH_INC_138_199,0.0030531909759735315
Hypertensive Patients,Random Forest Importance,ACS_PCT_POV_WHITE,0.0030478204934516213
Hypertensive Patients,Random Forest Importance,ACS_PCT_HEALTH_INC_200_399,0.003042416106619778
Hypertensive Patients,Random Forest Importance,ACS_PCT_PERSON_INC_100_124,0.003033546571655065
Hypertensive Patients,Random Forest Importance,ACS_PCT_VET_HS,0.0030325115445309853
Hypertensive Patients,Random Forest Importance,ACS_PCT_CHILD_1FAM,0.003024506478578383
Hypertensive Patients,Random Forest Importance,ACS_PCT_HH_KID_1PRNT,0.0030149119286100316
Hypertensive Patients,Random Forest Importance,ACS_PCT_VET_BACHELOR,0.003008375181622528
Hypertensive Patients,Random Forest Importance,ACS_PCT_HH_PUB_ASSIST,0.0029770150975150095
Hypertensive Patients,Random Forest Importance,ACS_PCT_GRADUATE_DGR,0.0029599992576825104
Hypertensive Patients,Random Forest Importance,ACS_PCT_POV_BLACK,0.0029597743706903184
Hypertensive Patients,Random Forest Importance,valv,0.002952661622887492
Hypertensive Patients,Random Forest Importance,ACS_PCT_HH_LIMIT_ENGLISH,0.002944069313406695
Hypertensive Patients,Random Forest Importance,ACS_PCT_HH_BROADBAND,0.0029183318639811524
Hypertensive Patients,Random Forest Importance,ACS_PCT_PERSON_INC_125_199,0.0029044598222145016
Hypertensive Patients,Random Forest Importance,ACS_PCT_HH_SMARTPHONE_ONLY,0.002870150365220267
Hypertensive Patients,Random Forest Importance,ACS_PCT_HH_TABLET,0.0028607055417843286
Hypertensive Patients,Random Forest Importance,ACS_PCT_HH_CELLULAR,0.002842601242335192
Hypertensive Patients,Random Forest Importance,ACS_PCT_POV_AIAN,0.0028338019174364076
Hypertensive Patients,Random Forest Importance,ACS_PCT_HH_FOOD_STMP_BLW_POV,0.0028210341643504716
Hypertensive Patients,Random Forest Importance,ACS_PCT_BACHELOR_DGR,0.002783143857380863
Hypertensive Patients,Random Forest Importance,ACS_PCT_HH_NO_INTERNET,0.002771506487521415
Hypertensive Patients,Random Forest Importance,ACS_PCT_HH_NO_COMP_DEV,0.0027576033534509065
Hypertensive Patients,Random Forest Importance,ACS_PCT_HS_GRADUATE,0.0027533515436510138
Hypertensive Patients,Random Forest Importance,ACS_PCT_POSTHS_ED,0.0026861444288823195
Hypertensive Patients,Random Forest Importance,ACS_PCT_HH_PC,0.002666426001530595
Hypertensive Patients,Random Forest Importance,ACS_PCT_HEALTH_INC_ABOVE400,0.0026651650179858066
Hypertensive Patients,Random Forest Importance,ACS_PCT_HH_INTERNET,0.0026531193997536198
Hypertensive Patients,Random Forest Importance,ACS_PCT_HH_SMARTPHONE,0.00265007895674832
Hypertensive Patients,Random Forest Importance,ACS_PCT_PERSON_INC_BELOW99,0.00264643843967014
Hypertensive Patients,Random Forest Importance,ACS_PCT_PERSON_INC_ABOVE200,0.002623591578611387
Hypertensive Patients,Random Forest Importance,ACS_PCT_NONVET_POV_18_64,0.002610274223391813
Hypertensive Patients,Random Forest Importance,ACS_PCT_POV_ASIAN,0.0025882946715820566
Hypertensive Patients,Random Forest Importance,ACS_PCT_HEALTH_INC_BELOW137,0.0024559406737568127
Hypertensive Patients,Random Forest Importance,POPPCT_URB,0.0023416609791620225
Hypertensive Patients,Random Forest Importance,POP_URB,0.0023272534552608135
Hypertensive Patients,Random Forest Importance,POPPCT_RUR,0.002308953398708225
Hypertensive Patients,Random Forest Importance,pcd,0.0021826816910575273
Hypertensive Patients,Random Forest Importance,pvd,0.0020410691675289286
Hypertensive Patients,Random Forest Importance,fed,0.002039666038853958
Hypertensive Patients,Random Forest Importance,dane,0.0018635751621131596
Hypertensive Patients,Random Forest Importance,psycho,0.0017397588206599834
Hypertensive Patients,Random Forest Importance,ACS_PCT_POV_NHPI,0.0016212025178578943
Hypertensive Patients,Random Forest Importance,ACS_PCT_HH_OTHER_COMP_ONLY,0.0015731420368542694
Hypertensive Patients,Random Forest Importance,ld,0.0011957844098605124
Hypertensive Patients,Random Forest Importance,alcohol,0.001041225817566969
Hypertensive Patients,Random Forest Importance,wloss,0.000983195133139718
Hypertensive Patients,Random Forest Importance,hp,0.0009267999845480134
Hypertensive Patients,Random Forest Importance,American_Indian_or_Alaska_Native,0.0007979781210226129
Hypertensive Patients,Random Forest Importance,Native_Hawiian_or_Pacific_Islander,0.0006009978087954033
Hypertensive Patients,Random Forest Importance,lymph,0.0005522045688463275
Hypertensive Patients,Random Forest Importance,metacanc,0.0004078953910728909
Hypertensive Patients,Random Forest Importance,drug,0.000339767017627015
Hypertensive Patients,Random Forest Importance,coag,0.00028024605429205203
Hypertensive Patients,Random Forest Importance,aids,4.954200801957262e-07
Hypertensive Patients,Permutation Importance (RF),Days_Cared_For,0.032052200206891125
Hypertensive Patients,Permutation Importance (RF),hypunc,0.008036922097557131
Hypertensive Patients,Permutation Importance (RF),rheumd,0.0008912230444815706
Hypertensive Patients,Permutation Importance (RF),hypc,0.0008593936500358446
Hypertensive Patients,Permutation Importance (RF),Asian,0.0005888437972467519
Hypertensive Patients,Permutation Importance (RF),pcd,0.00020689106389750744
Hypertensive Patients,Permutation Importance (RF),alcohol,0.00020689106389750744
Hypertensive Patients,Permutation Importance (RF),obes,0.00019097636667462226
Hypertensive Patients,Permutation Importance (RF),valv,0.00019097636667462226
Hypertensive Patients,Permutation Importance (RF),American_Indian_or_Alaska_Native,0.0001273175777830815
Hypertensive Patients,Permutation Importance (RF),hp,9.548818333731113e-05
Hypertensive Patients,Permutation Importance (RF),ld,9.548818333731113e-05
Hypertensive Patients,Permutation Importance (RF),dane,7.957348611442594e-05
Hypertensive Patients,Permutation Importance (RF),hypothy,4.7744091668655565e-05
Hypertensive Patients,Permutation Importance (RF),coag,1.5914697222885187e-05
Hypertensive Patients,Permutation Importance (RF),aids,0.0
Hypertensive Patients,Permutation Importance (RF),drug,0.0
Hypertensive Patients,Permutation Importance (RF),Native_Hawiian_or_Pacific_Islander,0.0
Hypertensive Patients,Permutation Importance (RF),pvd,-1.5914697222885187e-05
Hypertensive Patients,Permutation Importance (RF),wloss,-3.1829394445770375e-05
Hypertensive Patients,Permutation Importance (RF),metacanc,-4.7744091668655565e-05
Hypertensive Patients,Permutation Importance (RF),ACS_PCT_HH_OTHER_COMP_ONLY,-4.7744091668655565e-05
Hypertensive Patients,Permutation Importance (RF),lymph,-7.957348611442594e-05
Hypertensive Patients,Permutation Importance (RF),depre,-9.548818333731113e-05
Hypertensive Patients,Permutation Importance (RF),fed,-0.00011140288056019632
Hypertensive Patients,Permutation Importance (RF),psycho,-0.00015914697222885188
Hypertensive Patients,Permutation Importance (RF),ond,-0.00031829394445770376
Hypertensive Patients,Permutation Importance (RF),ami,-0.00031829394445770376
Hypertensive Patients,Permutation Importance (RF),canc,-0.0006365878889154075
Hypertensive Patients,Permutation Importance (RF),ACS_PCT_HH_BROADBAND,-0.0007002466778069482
Hypertensive Patients,Permutation Importance (RF),ACS_PCT_POV_NHPI,-0.0007320760722527187
Hypertensive Patients,Permutation Importance (RF),carit,-0.0008275642555900298
Hypertensive Patients,Permutation Importance (RF),ACS_PCT_GRADUATE_DGR,-0.0008753083472586853
Hypertensive Patients,Permutation Importance (RF),POPPCT_URB,-0.0009230524389273409
Hypertensive Patients,Permutation Importance (RF),dementia,-0.000938967136150226
Hypertensive Patients,Permutation Importance (RF),ACS_PCT_GRANDP_NO_RESPS,-0.0009548818333731113
Hypertensive Patients,Permutation Importance (RF),ACS_PCT_INC50_ABOVE65,-0.0011617728972706186
Hypertensive Patients,Permutation Importance (RF),cevd,-0.0013368345667223557
Hypertensive Patients,Permutation Importance (RF),ACS_PCT_POV_AIAN,-0.001352749263945241
Hypertensive Patients,Permutation Importance (RF),ACS_PCT_POSTHS_ED,-0.0013845786583910114
Hypertensive Patients,Permutation Importance (RF),ACS_PCT_POV_OTHER,-0.0014164080528367817
Hypertensive Patients,Permutation Importance (RF),ACS_PCT_POV_WHITE,-0.001432322750059667
Hypertensive Patients,Permutation Importance (RF),ACS_PCT_POV_ASIAN,-0.0014800668417283224
Hypertensive Patients,Permutation Importance (RF),ACS_PCT_HH_CELLULAR,-0.0014800668417283224
Hypertensive Patients,Permutation Importance (RF),ACS_PCT_PERSON_INC_100_124,-0.0015437256306198633
Hypertensive Patients,Permutation Importance (RF),ACS_PCT_PERSON_INC_125_199,-0.0015596403278427483
Hypertensive Patients,Permutation Importance (RF),rend,-0.0015914697222885188
Hypertensive Patients,Permutation Importance (RF),ACS_PCT_POV_BLACK,-0.0016392138139571743
Hypertensive Patients,Permutation Importance (RF),ACS_PCT_HH_PC_ONLY,-0.0016392138139571743
Hypertensive Patients,Permutation Importance (RF),ACS_PCT_GRANDP_RESPS_P,-0.0017187873000716002
Hypertensive Patients,Permutation Importance (RF),ACS_PCT_HEALTH_INC_ABOVE400,-0.0017187873000716002
Hypertensive Patients,Permutation Importance (RF),ACS_PCT_BACHELOR_DGR,-0.0017347019972944854
Hypertensive Patients,Permutation Importance (RF),ACS_PCT_GRANDP_RESPS_NO_P,-0.0017347019972944854
Hypertensive Patients,Permutation Importance (RF),POPPCT_RUR,-0.0017506166945173707
Hypertensive Patients,Permutation Importance (RF),ACS_PCT_HH_KID_1PRNT,-0.0017506166945173707
Hypertensive Patients,Permutation Importance (RF),ACS_PCT_HEALTH_INC_138_199,-0.001766531391740256
Hypertensive Patients,Permutation Importance (RF),POP_URB,-0.001766531391740256
Hypertensive Patients,Permutation Importance (RF),ACS_PCT_HH_SAT_INTERNET,-0.0017824460889631411
Hypertensive Patients,Permutation Importance (RF),ACS_PCT_HH_NO_FD_STMP_BLW_POV,-0.0017824460889631411
Hypertensive Patients,Permutation Importance (RF),ACS_PCT_HH_ALONE_ABOVE65,-0.001862019575077567
Hypertensive Patients,Permutation Importance (RF),ACS_PCT_PERSON_INC_ABOVE200,-0.0019256783639691078
Hypertensive Patients,Permutation Importance (RF),ACS_PCT_INC50,-0.001941593061191993
Hypertensive Patients,Permutation Importance (RF),ACS_PCT_HH_INTERNET,-0.001941593061191993
Hypertensive Patients,Permutation Importance (RF),ACS_TOT_GRANDCHILDREN_GP,-0.001957507758414878
Hypertensive Patients,Permutation Importance (RF),ACS_PCT_LT_HS,-0.0020052518500835335
Hypertensive Patients,Permutation Importance (RF),ACS_PCT_NO_WORK_NO_SCHL_16_19,-0.002021166547306419
Hypertensive Patients,Permutation Importance (RF),ACS_PCT_POV_MULTI,-0.0020689106389750744
Hypertensive Patients,Permutation Importance (RF),ACS_PCT_HH_NO_INTERNET,-0.0020848253361979594
Hypertensive Patients,Permutation Importance (RF),ACS_PCT_PERSON_INC_BELOW99,-0.0020848253361979594
Hypertensive Patients,Permutation Importance (RF),ACS_PCT_HEALTH_INC_BELOW137,-0.00211665473064373
Hypertensive Patients,Permutation Importance (RF),ACS_PCT_HS_GRADUATE,-0.00211665473064373
Hypertensive Patients,Permutation Importance (RF),ACS_PCT_CHILDREN_GRANDPARENT,-0.0021643988223123854
Hypertensive Patients,Permutation Importance (RF),ACS_PCT_HH_TABLET_ONLY,-0.002180313519535271
Hypertensive Patients,Permutation Importance (RF),ACS_PCT_HEALTH_INC_200_399,-0.0022121429139810413
Hypertensive Patients,Permutation Importance (RF),ACS_PCT_HH_PC,-0.0023076310973183523
Hypertensive Patients,Permutation Importance (RF),ACS_PCT_HH_LIMIT_ENGLISH,-0.002371289886209893
Hypertensive Patients,Permutation Importance (RF),ACS_PCT_HH_CELLULAR_ONLY,-0.002403119280655663
Hypertensive Patients,Permutation Importance (RF),ACS_PCT_HH_INTERNET_NO_SUBS,-0.002450863372324319
Hypertensive Patients,Permutation Importance (RF),ACS_PCT_HH_ABOVE65,-0.002466778069547204
Hypertensive Patients,Permutation Importance (RF),POP_RUR,-0.002482692766770089
Hypertensive Patients,Permutation Importance (RF),ACS_PCT_HH_PUB_ASSIST,-0.002482692766770089
Hypertensive Patients,Permutation Importance (RF),ACS_PCT_CHILD_1FAM,-0.002482692766770089
Hypertensive Patients,Permutation Importance (RF),ACS_PCT_HH_FOOD_STMP_BLW_POV,-0.0025145221612158596
Hypertensive Patients,Permutation Importance (RF),ACS_PCT_HH_SMARTPHONE,-0.002562266252884515
Hypertensive Patients,Permutation Importance (RF),ACS_PCT_HH_SMARTPHONE_ONLY,-0.002562266252884515
Hypertensive Patients,Permutation Importance (RF),ACS_PCT_NONVET_POV_18_64,-0.0025940956473302855
Hypertensive Patients,Permutation Importance (RF),ACS_PCT_HH_DIAL_INTERNET_ONLY,-0.002625925041776056
Hypertensive Patients,Permutation Importance (RF),ACS_PCT_VET_HS,-0.002769157316782023
Hypertensive Patients,Permutation Importance (RF),ACS_PCT_HH_BROADBAND_ONLY,-0.002848730802896449
Hypertensive Patients,Permutation Importance (RF),ACS_PCT_HH_1PERS,-0.003055621866793956
Hypertensive Patients,Permutation Importance (RF),ACS_PCT_HH_1FAM_FOOD_STMP,-0.0031192806556854967
Hypertensive Patients,Permutation Importance (RF),ACS_PCT_VET_BACHELOR,-0.003135195352908382
Hypertensive Patients,Permutation Importance (RF),ACS_PCT_COLLEGE_ASSOCIATE_DGR,-0.003135195352908382
Hypertensive Patients,Permutation Importance (RF),ACS_PCT_HH_NO_COMP_DEV,-0.003135195352908382
Hypertensive Patients,Permutation Importance (RF),ACS_PCT_VET_POV_18_64,-0.0031988541417999226
Hypertensive Patients,Permutation Importance (RF),ACS_PCT_HH_OTHER_COMP,-0.0032625129306914635
Hypertensive Patients,Permutation Importance (RF),Black_or_African_American,-0.003294342325137234
Hypertensive Patients,Permutation Importance (RF),ACS_PCT_HH_TABLET,-0.003310257022360119
Hypertensive Patients,Permutation Importance (RF),chf,-0.0034057452056974304
Hypertensive Patients,Permutation Importance (RF),ACS_TOT_POP_POV,-0.003739953847378019
Hypertensive Patients,Permutation Importance (RF),ACS_PCT_VET_COLLEGE,-0.0037717832418237896
Hypertensive Patients,Permutation Importance (RF),Hispanic_or_Latino,-0.0037876979390466746
Hypertensive Patients,Permutation Importance (RF),ACS_PCT_POV_HISPANIC,-0.004312882947401886
Hypertensive Patients,Permutation Importance (RF),White,-0.004344712341847657
Hypertensive Patients,Permutation Importance (RF),copd,-0.0047107503779740155
Hypertensive Patients,Permutation Importance (RF),Age,-0.005586058725232701
Hypertensive Patients,Permutation Importance (RF),charlson_ageadj,-0.008912230444815705
Hypertensive Patients,Permutation Importance (RF),charlson_survival_10yr,-0.009119121508713213
Hypertensive Patients,Permutation Importance (RF),charlson_score,-0.013113710511657505
Hypertensive Patients,Permutation Importance (RF),elix_swiss_score,-0.01352749263945252
Hypertensive Patients,Permutation Importance (RF),elix_swiss_ageadj,-0.013718469006127143
Hypertensive Patients,Permutation Importance (RF),elix_quan_score,-0.015469085700644513
Hypertensive Patients,Permutation Importance (RF),elix_quan_ageadj,-0.0167740908729211
Hypertensive Patients,Permutation Importance (Ridge/LogReg),Days_Cared_For,0.07113869658629739
Hypertensive Patients,Permutation Importance (Ridge/LogReg),ACS_PCT_HH_INTERNET,0.06065091111641596
Hypertensive Patients,Permutation Importance (Ridge/LogReg),ACS_PCT_HH_NO_INTERNET,0.05262990371608176
Hypertensive Patients,Permutation Importance (Ridge/LogReg),hypc,0.04403596721572367
Hypertensive Patients,Permutation Importance (Ridge/LogReg),hypunc,0.038895520012731735
Hypertensive Patients,Permutation Importance (Ridge/LogReg),ACS_PCT_HH_NO_COMP_DEV,0.021755391103684206
Hypertensive Patients,Permutation Importance (Ridge/LogReg),ACS_PCT_PERSON_INC_125_199,0.018572451659107127
Hypertensive Patients,Permutation Importance (Ridge/LogReg),ACS_PCT_HEALTH_INC_ABOVE400,0.015755550250656447
Hypertensive Patients,Permutation Importance (Ridge/LogReg),ACS_PCT_VET_HS,0.01567597676454202
Hypertensive Patients,Permutation Importance (Ridge/LogReg),ACS_PCT_VET_BACHELOR,0.012779501869976872
Hypertensive Patients,Permutation Importance (Ridge/LogReg),ACS_PCT_HH_PC,0.012684013686639562
Hypertensive Patients,Permutation Importance (Ridge/LogReg),ACS_PCT_PERSON_INC_BELOW99,0.012413463833850513
Hypertensive Patients,Permutation Importance (Ridge/LogReg),elix_swiss_score,0.01193602291716398
Hypertensive Patients,Permutation Importance (Ridge/LogReg),elix_swiss_ageadj,0.011824620036603761
Hypertensive Patients,Permutation Importance (Ridge/LogReg),ACS_PCT_HH_FOOD_STMP_BLW_POV,0.00797326330866548
Hypertensive Patients,Permutation Importance (Ridge/LogReg),ACS_PCT_HEALTH_INC_BELOW137,0.007384419511418727
Hypertensive Patients,Permutation Importance (Ridge/LogReg),ACS_PCT_VET_COLLEGE,0.0072093578419669905
Hypertensive Patients,Permutation Importance (Ridge/LogReg),Age,0.006811490411394861
Hypertensive Patients,Permutation Importance (Ridge/LogReg),ACS_PCT_HS_GRADUATE,0.006413622980822731
Hypertensive Patients,Permutation Importance (Ridge/LogReg),White,0.00638179358637696
Hypertensive Patients,Permutation Importance (Ridge/LogReg),ACS_PCT_PERSON_INC_100_124,0.005777035091907324
Hypertensive Patients,Permutation Importance (Ridge/LogReg),Hispanic_or_Latino,0.005713376303015783
Hypertensive Patients,Permutation Importance (Ridge/LogReg),ACS_PCT_HEALTH_INC_138_199,0.005681546908570012
Hypertensive Patients,Permutation Importance (Ridge/LogReg),charlson_score,0.00509270311132326
Hypertensive Patients,Permutation Importance (Ridge/LogReg),ACS_PCT_HH_SMARTPHONE_ONLY,0.004806238561311326
Hypertensive Patients,Permutation Importance (Ridge/LogReg),charlson_ageadj,0.0045834328001909345
Hypertensive Patients,Permutation Importance (Ridge/LogReg),ACS_TOT_GRANDCHILDREN_GP,0.0045038593140765085
Hypertensive Patients,Permutation Importance (Ridge/LogReg),ACS_PCT_HH_1FAM_FOOD_STMP,0.004312882947401886
Hypertensive Patients,Permutation Importance (Ridge/LogReg),ACS_PCT_HH_SMARTPHONE,0.004058247791835723
Hypertensive Patients,Permutation Importance (Ridge/LogReg),ACS_PCT_HEALTH_INC_200_399,0.004026418397389953
Hypertensive Patients,Permutation Importance (Ridge/LogReg),ACS_PCT_BACHELOR_DGR,0.0037081244529322487
Hypertensive Patients,Permutation Importance (Ridge/LogReg),rend,0.0031829394445770376
Hypertensive Patients,Permutation Importance (Ridge/LogReg),ACS_PCT_HH_NO_FD_STMP_BLW_POV,0.0031192806556854967
Hypertensive Patients,Permutation Importance (Ridge/LogReg),elix_quan_score,0.003055621866793956
Hypertensive Patients,Permutation Importance (Ridge/LogReg),ACS_PCT_CHILDREN_GRANDPARENT,0.003055621866793956
Hypertensive Patients,Permutation Importance (Ridge/LogReg),ACS_PCT_INC50,0.0029919630779024152
Hypertensive Patients,Permutation Importance (Ridge/LogReg),canc,0.0028169014084506784
Hypertensive Patients,Permutation Importance (Ridge/LogReg),elix_quan_ageadj,0.002800986711227793
Hypertensive Patients,Permutation Importance (Ridge/LogReg),ACS_PCT_POSTHS_ED,0.002769157316782023
Hypertensive Patients,Permutation Importance (Ridge/LogReg),ACS_PCT_HH_INTERNET_NO_SUBS,0.0025781809501074005
Hypertensive Patients,Permutation Importance (Ridge/LogReg),ACS_PCT_HH_PUB_ASSIST,0.0024986074639929746
Hypertensive Patients,Permutation Importance (Ridge/LogReg),ACS_PCT_HH_TABLET_ONLY,0.0013368345667223557
Hypertensive Patients,Permutation Importance (Ridge/LogReg),ACS_PCT_GRANDP_RESPS_P,0.0012890904750537003
Hypertensive Patients,Permutation Importance (Ridge/LogReg),ACS_PCT_POV_OTHER,0.0012254316861621596
Hypertensive Patients,Permutation Importance (Ridge/LogReg),ACS_PCT_GRANDP_NO_RESPS,0.001193602291716389
Hypertensive Patients,Permutation Importance (Ridge/LogReg),POP_URB,0.0010662847139333077
Hypertensive Patients,Permutation Importance (Ridge/LogReg),ACS_PCT_CHILD_1FAM,0.0010344553194875372
Hypertensive Patients,Permutation Importance (Ridge/LogReg),ACS_PCT_NONVET_POV_18_64,0.001018540622264652
Hypertensive Patients,Permutation Importance (Ridge/LogReg),ACS_PCT_INC50_ABOVE65,0.000843478952812915
Hypertensive Patients,Permutation Importance (Ridge/LogReg),cevd,0.0008275642555900298
Hypertensive Patients,Permutation Importance (Ridge/LogReg),charlson_survival_10yr,0.0007957348611442594
Hypertensive Patients,Permutation Importance (Ridge/LogReg),ACS_PCT_GRANDP_RESPS_NO_P,0.0007798201639213742
Hypertensive Patients,Permutation Importance (Ridge/LogReg),ACS_PCT_HH_KID_1PRNT,0.000763905466698489
Hypertensive Patients,Permutation Importance (Ridge/LogReg),ACS_PCT_POV_WHITE,0.0007320760722527187
Hypertensive Patients,Permutation Importance (Ridge/LogReg),ACS_PCT_POV_ASIAN,0.0007161613750298335
Hypertensive Patients,Permutation Importance (Ridge/LogReg),ACS_PCT_GRADUATE_DGR,0.0007002466778069482
Hypertensive Patients,Permutation Importance (Ridge/LogReg),ACS_PCT_COLLEGE_ASSOCIATE_DGR,0.0006684172833611779
Hypertensive Patients,Permutation Importance (Ridge/LogReg),ACS_PCT_HH_LIMIT_ENGLISH,0.0006365878889154075
Hypertensive Patients,Permutation Importance (Ridge/LogReg),ld,0.0006206731916925223
Hypertensive Patients,Permutation Importance (Ridge/LogReg),ACS_PCT_POV_MULTI,0.0006047584944696372
Hypertensive Patients,Permutation Importance (Ridge/LogReg),ACS_PCT_HH_BROADBAND_ONLY,0.0005888437972467519
Hypertensive Patients,Permutation Importance (Ridge/LogReg),ACS_PCT_HH_CELLULAR_ONLY,0.0005570144028009816
Hypertensive Patients,Permutation Importance (Ridge/LogReg),ACS_PCT_NO_WORK_NO_SCHL_16_19,0.0005410997055780963
Hypertensive Patients,Permutation Importance (Ridge/LogReg),alcohol,0.0005410997055780963
Hypertensive Patients,Permutation Importance (Ridge/LogReg),rheumd,0.000509270311132326
Hypertensive Patients,Permutation Importance (Ridge/LogReg),ACS_PCT_POV_BLACK,0.00047744091668655564
Hypertensive Patients,Permutation Importance (Ridge/LogReg),hypothy,0.00046152621946367046
Hypertensive Patients,Permutation Importance (Ridge/LogReg),ACS_PCT_VET_POV_18_64,0.00042969682501790005
Hypertensive Patients,Permutation Importance (Ridge/LogReg),ACS_PCT_HH_ALONE_ABOVE65,0.0004296968250178779
Hypertensive Patients,Permutation Importance (Ridge/LogReg),ACS_PCT_HH_CELLULAR,0.0003978674305721297
Hypertensive Patients,Permutation Importance (Ridge/LogReg),ACS_PCT_HH_ABOVE65,0.0003819527333492445
Hypertensive Patients,Permutation Importance (Ridge/LogReg),metacanc,0.0003819527333492445
Hypertensive Patients,Permutation Importance (Ridge/LogReg),ACS_PCT_HH_PC_ONLY,0.00031829394445770376
Hypertensive Patients,Permutation Importance (Ridge/LogReg),Asian,0.00031829394445770376
Hypertensive Patients,Permutation Importance (Ridge/LogReg),ACS_TOT_POP_POV,0.000254635155566163
Hypertensive Patients,Permutation Importance (Ridge/LogReg),ACS_PCT_HH_1PERS,0.00023872045834327782
Hypertensive Patients,Permutation Importance (Ridge/LogReg),ACS_PCT_HH_SAT_INTERNET,0.00022280576112037042
Hypertensive Patients,Permutation Importance (Ridge/LogReg),coag,0.00017506166945173706
Hypertensive Patients,Permutation Importance (Ridge/LogReg),dane,0.00015914697222885188
Hypertensive Patients,Permutation Importance (Ridge/LogReg),ACS_PCT_POV_HISPANIC,0.0001432322750059667
Hypertensive Patients,Permutation Importance (Ridge/LogReg),chf,0.0001432322750059667
Hypertensive Patients,Permutation Importance (Ridge/LogReg),carit,0.00011140288056019632
Hypertensive Patients,Permutation Importance (Ridge/LogReg),lymph,6.365878889154075e-05
Hypertensive Patients,Permutation Importance (Ridge/LogReg),Native_Hawiian_or_Pacific_Islander,6.365878889154075e-05
Hypertensive Patients,Permutation Importance (Ridge/LogReg),POPPCT_URB,4.7744091668655565e-05
Hypertensive Patients,Permutation Importance (Ridge/LogReg),valv,4.7744091668655565e-05
Hypertensive Patients,Permutation Importance (Ridge/LogReg),POPPCT_RUR,4.7744091668655565e-05
Hypertensive Patients,Permutation Importance (Ridge/LogReg),obes,3.1829394445770375e-05
Hypertensive Patients,Permutation Importance (Ridge/LogReg),ACS_PCT_POV_NHPI,0.0
Hypertensive Patients,Permutation Importance (Ridge/LogReg),aids,0.0
Hypertensive Patients,Permutation Importance (Ridge/LogReg),ond,0.0
Hypertensive Patients,Permutation Importance (Ridge/LogReg),hp,0.0
Hypertensive Patients,Permutation Importance (Ridge/LogReg),ACS_PCT_LT_HS,-3.182939444579258e-05
Hypertensive Patients,Permutation Importance (Ridge/LogReg),wloss,-4.7744091668655565e-05
Hypertensive Patients,Permutation Importance (Ridge/LogReg),fed,-4.7744091668655565e-05
Hypertensive Patients,Permutation Importance (Ridge/LogReg),American_Indian_or_Alaska_Native,-6.365878889154075e-05
Hypertensive Patients,Permutation Importance (Ridge/LogReg),ACS_PCT_HH_OTHER_COMP,-6.365878889158516e-05
Hypertensive Patients,Permutation Importance (Ridge/LogReg),POP_RUR,-7.957348611442594e-05
Hypertensive Patients,Permutation Importance (Ridge/LogReg),ACS_PCT_HH_TABLET,-9.548818333731113e-05
Hypertensive Patients,Permutation Importance (Ridge/LogReg),copd,-0.0001432322750060111
Hypertensive Patients,Permutation Importance (Ridge/LogReg),drug,-0.00015914697222885188
Hypertensive Patients,Permutation Importance (Ridge/LogReg),pvd,-0.00017506166945173706
Hypertensive Patients,Permutation Importance (Ridge/LogReg),ACS_PCT_HH_OTHER_COMP_ONLY,-0.00019097636667462226
Hypertensive Patients,Permutation Importance (Ridge/LogReg),pcd,-0.00020689106389750744
Hypertensive Patients,Permutation Importance (Ridge/LogReg),ACS_PCT_HH_DIAL_INTERNET_ONLY,-0.00020689106389752964
Hypertensive Patients,Permutation Importance (Ridge/LogReg),ACS_PCT_POV_AIAN,-0.00020689106389752964
Hypertensive Patients,Permutation Importance (Ridge/LogReg),ACS_PCT_PERSON_INC_ABOVE200,-0.0002705498527890704
Hypertensive Patients,Permutation Importance (Ridge/LogReg),psycho,-0.0002864645500119334
Hypertensive Patients,Permutation Importance (Ridge/LogReg),depre,-0.0003023792472348186
Hypertensive Patients,Permutation Importance (Ridge/LogReg),Black_or_African_American,-0.00033420864168061116
Hypertensive Patients,Permutation Importance (Ridge/LogReg),ami,-0.0003501233389034741
Hypertensive Patients,Permutation Importance (Ridge/LogReg),ACS_PCT_HH_BROADBAND,-0.0009548818333731557
Hypertensive Patients,Permutation Importance (Ridge/LogReg),dementia,-0.0009548818333731557
Hypertensive Patients,LightGBM Importance,Days_Cared_For,542.0
Hypertensive Patients,LightGBM Importance,Age,327.0
Hypertensive Patients,LightGBM Importance,elix_swiss_score,93.0
Hypertensive Patients,LightGBM Importance,elix_quan_score,73.0
Hypertensive Patients,LightGBM Importance,elix_swiss_ageadj,70.0
Hypertensive Patients,LightGBM Importance,hypunc,64.0
Hypertensive Patients,LightGBM Importance,charlson_score,61.0
Hypertensive Patients,LightGBM Importance,elix_quan_ageadj,60.0
Hypertensive Patients,LightGBM Importance,hypc,49.0
Hypertensive Patients,LightGBM Importance,ACS_PCT_GRANDP_RESPS_P,48.0
Hypertensive Patients,LightGBM Importance,ACS_PCT_HH_SAT_INTERNET,41.0
Hypertensive Patients,LightGBM Importance,ACS_PCT_HH_CELLULAR_ONLY,39.0
Hypertensive Patients,LightGBM Importance,ACS_PCT_HH_DIAL_INTERNET_ONLY,37.0
Hypertensive Patients,LightGBM Importance,ACS_PCT_HH_BROADBAND_ONLY,36.0
Hypertensive Patients,LightGBM Importance,ACS_PCT_POV_OTHER,35.0
Hypertensive Patients,LightGBM Importance,charlson_ageadj,34.0
Hypertensive Patients,LightGBM Importance,ACS_PCT_INC50_ABOVE65,34.0
Hypertensive Patients,LightGBM Importance,ACS_PCT_COLLEGE_ASSOCIATE_DGR,33.0
Hypertensive Patients,LightGBM Importance,ACS_PCT_HH_INTERNET_NO_SUBS,32.0
Hypertensive Patients,LightGBM Importance,Black_or_African_American,31.0
Hypertensive Patients,LightGBM Importance,ACS_PCT_POV_AIAN,31.0
Hypertensive Patients,LightGBM Importance,copd,31.0
Hypertensive Patients,LightGBM Importance,ACS_PCT_NO_WORK_NO_SCHL_16_19,31.0
Hypertensive Patients,LightGBM Importance,ACS_PCT_GRANDP_RESPS_NO_P,30.0
Hypertensive Patients,LightGBM Importance,ACS_PCT_POV_MULTI,29.0
Hypertensive Patients,LightGBM Importance,White,28.0
Hypertensive Patients,LightGBM Importance,ACS_PCT_HH_OTHER_COMP,27.0
Hypertensive Patients,LightGBM Importance,ACS_TOT_GRANDCHILDREN_GP,27.0
Hypertensive Patients,LightGBM Importance,dementia,27.0
Hypertensive Patients,LightGBM Importance,ACS_PCT_HEALTH_INC_138_199,25.0
Hypertensive Patients,LightGBM Importance,ACS_PCT_HH_BROADBAND,24.0
Hypertensive Patients,LightGBM Importance,ACS_PCT_POV_HISPANIC,24.0
Hypertensive Patients,LightGBM Importance,ACS_PCT_HH_LIMIT_ENGLISH,24.0
Hypertensive Patients,LightGBM Importance,ACS_PCT_LT_HS,23.0
Hypertensive Patients,LightGBM Importance,ACS_PCT_PERSON_INC_100_124,23.0
Hypertensive Patients,LightGBM Importance,ACS_PCT_HH_TABLET_ONLY,23.0
Hypertensive Patients,LightGBM Importance,ACS_PCT_HH_PC_ONLY,22.0
Hypertensive Patients,LightGBM Importance,ond,22.0
Hypertensive Patients,LightGBM Importance,ACS_PCT_INC50,22.0
Hypertensive Patients,LightGBM Importance,POP_RUR,21.0
Hypertensive Patients,LightGBM Importance,ACS_PCT_GRANDP_NO_RESPS,21.0
Hypertensive Patients,LightGBM Importance,ACS_PCT_POV_WHITE,21.0
Hypertensive Patients,LightGBM Importance,ACS_PCT_POV_BLACK,20.0
Hypertensive Patients,LightGBM Importance,rend,20.0
Hypertensive Patients,LightGBM Importance,ACS_PCT_HH_TABLET,19.0
Hypertensive Patients,LightGBM Importance,ACS_PCT_VET_POV_18_64,19.0
Hypertensive Patients,LightGBM Importance,ACS_PCT_VET_COLLEGE,19.0
Hypertensive Patients,LightGBM Importance,ACS_PCT_PERSON_INC_125_199,18.0
Hypertensive Patients,LightGBM Importance,ACS_PCT_HH_NO_COMP_DEV,18.0
Hypertensive Patients,LightGBM Importance,ACS_PCT_HH_NO_FD_STMP_BLW_POV,17.0
Hypertensive Patients,LightGBM Importance,depre,16.0
Hypertensive Patients,LightGBM Importance,ACS_TOT_POP_POV,16.0
Hypertensive Patients,LightGBM Importance,ACS_PCT_POV_NHPI,16.0
Hypertensive Patients,LightGBM Importance,ACS_PCT_CHILDREN_GRANDPARENT,15.0
Hypertensive Patients,LightGBM Importance,ACS_PCT_VET_HS,15.0
Hypertensive Patients,LightGBM Importance,Asian,15.0
Hypertensive Patients,LightGBM Importance,ACS_PCT_HH_1FAM_FOOD_STMP,15.0
Hypertensive Patients,LightGBM Importance,ACS_PCT_HH_ABOVE65,15.0
Hypertensive Patients,LightGBM Importance,ACS_PCT_CHILD_1FAM,15.0
Hypertensive Patients,LightGBM Importance,ACS_PCT_GRADUATE_DGR,15.0
Hypertensive Patients,LightGBM Importance,ACS_PCT_HH_SMARTPHONE_ONLY,15.0
Hypertensive Patients,LightGBM Importance,ACS_PCT_HH_ALONE_ABOVE65,14.0
Hypertensive Patients,LightGBM Importance,POPPCT_URB,14.0
Hypertensive Patients,LightGBM Importance,ACS_PCT_VET_BACHELOR,14.0
Hypertensive Patients,LightGBM Importance,ACS_PCT_BACHELOR_DGR,14.0
Hypertensive Patients,LightGBM Importance,ACS_PCT_HH_CELLULAR,13.0
Hypertensive Patients,LightGBM Importance,POP_URB,13.0
Hypertensive Patients,LightGBM Importance,hypothy,13.0
Hypertensive Patients,LightGBM Importance,canc,12.0
Hypertensive Patients,LightGBM Importance,ACS_PCT_HH_OTHER_COMP_ONLY,12.0
Hypertensive Patients,LightGBM Importance,psycho,12.0
Hypertensive Patients,LightGBM Importance,ACS_PCT_HEALTH_INC_200_399,12.0
Hypertensive Patients,LightGBM Importance,ACS_PCT_HH_1PERS,12.0
Hypertensive Patients,LightGBM Importance,ACS_PCT_HH_KID_1PRNT,12.0
Hypertensive Patients,LightGBM Importance,cevd,11.0
Hypertensive Patients,LightGBM Importance,Hispanic_or_Latino,11.0
Hypertensive Patients,LightGBM Importance,ACS_PCT_NONVET_POV_18_64,11.0
Hypertensive Patients,LightGBM Importance,ACS_PCT_HH_PUB_ASSIST,10.0
Hypertensive Patients,LightGBM Importance,ACS_PCT_HH_PC,9.0
Hypertensive Patients,LightGBM Importance,ACS_PCT_PERSON_INC_ABOVE200,9.0
Hypertensive Patients,LightGBM Importance,hp,9.0
Hypertensive Patients,LightGBM Importance,rheumd,9.0
Hypertensive Patients,LightGBM Importance,ACS_PCT_HS_GRADUATE,9.0
Hypertensive Patients,LightGBM Importance,ACS_PCT_POV_ASIAN,8.0
Hypertensive Patients,LightGBM Importance,obes,8.0
Hypertensive Patients,LightGBM Importance,ACS_PCT_HEALTH_INC_BELOW137,8.0
Hypertensive Patients,LightGBM Importance,ACS_PCT_HH_INTERNET,8.0
Hypertensive Patients,LightGBM Importance,carit,8.0
Hypertensive Patients,LightGBM Importance,pcd,7.0
Hypertensive Patients,LightGBM Importance,pvd,7.0
Hypertensive Patients,LightGBM Importance,ACS_PCT_HEALTH_INC_ABOVE400,7.0
Hypertensive Patients,LightGBM Importance,ACS_PCT_HH_NO_INTERNET,7.0
Hypertensive Patients,LightGBM Importance,drug,6.0
Hypertensive Patients,LightGBM Importance,alcohol,5.0
Hypertensive Patients,LightGBM Importance,ACS_PCT_HH_FOOD_STMP_BLW_POV,5.0
Hypertensive Patients,LightGBM Importance,ld,5.0
Hypertensive Patients,LightGBM Importance,ami,5.0
Hypertensive Patients,LightGBM Importance,valv,5.0
Hypertensive Patients,LightGBM Importance,ACS_PCT_PERSON_INC_BELOW99,5.0
Hypertensive Patients,LightGBM Importance,charlson_survival_10yr,5.0
Hypertensive Patients,LightGBM Importance,chf,4.0
Hypertensive Patients,LightGBM Importance,ACS_PCT_POSTHS_ED,4.0
Hypertensive Patients,LightGBM Importance,lymph,4.0
Hypertensive Patients,LightGBM Importance,POPPCT_RUR,3.0
Hypertensive Patients,LightGBM Importance,ACS_PCT_HH_SMARTPHONE,3.0
Hypertensive Patients,LightGBM Importance,dane,2.0
Hypertensive Patients,LightGBM Importance,fed,1.0
Hypertensive Patients,LightGBM Importance,metacanc,1.0
Hypertensive Patients,LightGBM Importance,wloss,1.0
Hypertensive Patients,LightGBM Importance,aids,0.0
Hypertensive Patients,LightGBM Importance,coag,0.0
Hypertensive Patients,LightGBM Importance,Native_Hawiian_or_Pacific_Islander,0.0
Hypertensive Patients,LightGBM Importance,American_Indian_or_Alaska_Native,0.0
Hypertensive Patients,XGBoost Importance,hypunc,0.03706701099872589
Hypertensive Patients,XGBoost Importance,Days_Cared_For,0.027511876076459885
Hypertensive Patients,XGBoost Importance,elix_swiss_score,0.025683946907520294
Hypertensive Patients,XGBoost Importance,metacanc,0.01535309012979269
Hypertensive Patients,XGBoost Importance,hypc,0.01473997998982668
Hypertensive Patients,XGBoost Importance,White,0.013833785429596901
Hypertensive Patients,XGBoost Importance,ACS_PCT_PERSON_INC_BELOW99,0.012951635755598545
Hypertensive Patients,XGBoost Importance,ACS_PCT_GRANDP_RESPS_P,0.01260387059301138
Hypertensive Patients,XGBoost Importance,ACS_PCT_VET_POV_18_64,0.01259232871234417
Hypertensive Patients,XGBoost Importance,ACS_PCT_HH_TABLET,0.012349558994174004
Hypertensive Patients,XGBoost Importance,ACS_PCT_HH_INTERNET,0.012126222252845764
Hypertensive Patients,XGBoost Importance,ACS_PCT_HH_1PERS,0.01186249777674675
Hypertensive Patients,XGBoost Importance,ACS_PCT_HH_NO_INTERNET,0.011843840591609478
Hypertensive Patients,XGBoost Importance,dementia,0.011369750835001469
Hypertensive Patients,XGBoost Importance,ACS_PCT_INC50,0.011104963719844818
Hypertensive Patients,XGBoost Importance,ACS_PCT_POSTHS_ED,0.010820758529007435
Hypertensive Patients,XGBoost Importance,ACS_PCT_POV_NHPI,0.010706988163292408
Hypertensive Patients,XGBoost Importance,ACS_PCT_PERSON_INC_ABOVE200,0.01068634632974863
Hypertensive Patients,XGBoost Importance,ACS_PCT_POV_BLACK,0.010581296868622303
Hypertensive Patients,XGBoost Importance,lymph,0.010454877279698849
Hypertensive Patients,XGBoost Importance,ACS_PCT_HEALTH_INC_138_199,0.010315428487956524
Hypertensive Patients,XGBoost Importance,copd,0.010253147222101688
Hypertensive Patients,XGBoost Importance,ACS_PCT_HH_PC,0.010240635834634304
Hypertensive Patients,XGBoost Importance,ACS_PCT_POV_WHITE,0.010188489221036434
Hypertensive Patients,XGBoost Importance,Asian,0.010170815512537956
Hypertensive Patients,XGBoost Importance,ACS_PCT_HH_SMARTPHONE_ONLY,0.010106457397341728
Hypertensive Patients,XGBoost Importance,ACS_PCT_HH_FOOD_STMP_BLW_POV,0.010080327279865742
Hypertensive Patients,XGBoost Importance,ACS_PCT_GRANDP_RESPS_NO_P,0.009811697527766228
Hypertensive Patients,XGBoost Importance,ACS_PCT_HH_CELLULAR,0.00975674670189619
Hypertensive Patients,XGBoost Importance,ACS_PCT_POV_HISPANIC,0.009614248760044575
Hypertensive Patients,XGBoost Importance,ACS_PCT_POV_AIAN,0.009603678248822689
Hypertensive Patients,XGBoost Importance,elix_quan_score,0.009520991705358028
Hypertensive Patients,XGBoost Importance,ACS_TOT_POP_POV,0.009511122480034828
Hypertensive Patients,XGBoost Importance,ACS_PCT_HH_PC_ONLY,0.009473218582570553
Hypertensive Patients,XGBoost Importance,ACS_PCT_HH_SAT_INTERNET,0.009456343948841095
Hypertensive Patients,XGBoost Importance,ACS_PCT_HH_TABLET_ONLY,0.0093977777287364
Hypertensive Patients,XGBoost Importance,ACS_PCT_NONVET_POV_18_64,0.009331641718745232
Hypertensive Patients,XGBoost Importance,ACS_PCT_HEALTH_INC_ABOVE400,0.009291628375649452
Hypertensive Patients,XGBoost Importance,ACS_PCT_LT_HS,0.009243427775800228
Hypertensive Patients,XGBoost Importance,Black_or_African_American,0.009232793003320694
Hypertensive Patients,XGBoost Importance,ACS_PCT_POV_ASIAN,0.00916233193129301
Hypertensive Patients,XGBoost Importance,ACS_PCT_GRADUATE_DGR,0.009124022908508778
Hypertensive Patients,XGBoost Importance,ACS_PCT_INC50_ABOVE65,0.009111703373491764
Hypertensive Patients,XGBoost Importance,ACS_PCT_POV_OTHER,0.009103771299123764
Hypertensive Patients,XGBoost Importance,pvd,0.009093912318348885
Hypertensive Patients,XGBoost Importance,ACS_PCT_POV_MULTI,0.009091367945075035
Hypertensive Patients,XGBoost Importance,ond,0.00906080100685358
Hypertensive Patients,XGBoost Importance,ACS_PCT_HH_CELLULAR_ONLY,0.009025645442306995
Hypertensive Patients,XGBoost Importance,ACS_TOT_GRANDCHILDREN_GP,0.008865412324666977
Hypertensive Patients,XGBoost Importance,ACS_PCT_HH_ABOVE65,0.008830729871988297
Hypertensive Patients,XGBoost Importance,psycho,0.008768870495259762
Hypertensive Patients,XGBoost Importance,ACS_PCT_HH_BROADBAND,0.008768805302679539
Hypertensive Patients,XGBoost Importance,ACS_PCT_HH_ALONE_ABOVE65,0.0087446179240942
Hypertensive Patients,XGBoost Importance,ACS_PCT_GRANDP_NO_RESPS,0.008723555132746696
Hypertensive Patients,XGBoost Importance,ACS_PCT_HH_SMARTPHONE,0.00871189683675766
Hypertensive Patients,XGBoost Importance,ACS_PCT_NO_WORK_NO_SCHL_16_19,0.008658434264361858
Hypertensive Patients,XGBoost Importance,ACS_PCT_HH_LIMIT_ENGLISH,0.008643537759780884
Hypertensive Patients,XGBoost Importance,ACS_PCT_PERSON_INC_100_124,0.008499708957970142
Hypertensive Patients,XGBoost Importance,ACS_PCT_HH_1FAM_FOOD_STMP,0.00846664234995842
Hypertensive Patients,XGBoost Importance,ACS_PCT_BACHELOR_DGR,0.008418644778430462
Hypertensive Patients,XGBoost Importance,POPPCT_URB,0.00824020430445671
Hypertensive Patients,XGBoost Importance,wloss,0.008123002015054226
Hypertensive Patients,XGBoost Importance,ACS_PCT_HS_GRADUATE,0.00811507273465395
Hypertensive Patients,XGBoost Importance,pcd,0.008055225946009159
Hypertensive Patients,XGBoost Importance,ACS_PCT_HH_OTHER_COMP,0.00799384992569685
Hypertensive Patients,XGBoost Importance,ACS_PCT_HEALTH_INC_BELOW137,0.007927599363029003
Hypertensive Patients,XGBoost Importance,ACS_PCT_HH_BROADBAND_ONLY,0.007916894741356373
Hypertensive Patients,XGBoost Importance,ACS_PCT_HH_NO_FD_STMP_BLW_POV,0.007912812754511833
Hypertensive Patients,XGBoost Importance,elix_swiss_ageadj,0.007904385216534138
Hypertensive Patients,XGBoost Importance,charlson_score,0.007820021361112595
Hypertensive Patients,XGBoost Importance,hp,0.007719879969954491
Hypertensive Patients,XGBoost Importance,canc,0.007688526064157486
Hypertensive Patients,XGBoost Importance,depre,0.007624250836670399
Hypertensive Patients,XGBoost Importance,ACS_PCT_PERSON_INC_125_199,0.007620344869792461
Hypertensive Patients,XGBoost Importance,POP_RUR,0.007592987734824419
Hypertensive Patients,XGBoost Importance,Age,0.007560153491795063
Hypertensive Patients,XGBoost Importance,ACS_PCT_VET_HS,0.0075099896639585495
Hypertensive Patients,XGBoost Importance,obes,0.0074375346302986145
Hypertensive Patients,XGBoost Importance,ACS_PCT_HH_DIAL_INTERNET_ONLY,0.007404510397464037
Hypertensive Patients,XGBoost Importance,ACS_PCT_VET_BACHELOR,0.007384763099253178
Hypertensive Patients,XGBoost Importance,ACS_PCT_CHILD_1FAM,0.0073400684632360935
Hypertensive Patients,XGBoost Importance,rheumd,0.0072501469403505325
Hypertensive Patients,XGBoost Importance,ACS_PCT_COLLEGE_ASSOCIATE_DGR,0.006991850212216377
Hypertensive Patients,XGBoost Importance,ACS_PCT_HH_PUB_ASSIST,0.006943942978978157
Hypertensive Patients,XGBoost Importance,ACS_PCT_CHILDREN_GRANDPARENT,0.006894835736602545
Hypertensive Patients,XGBoost Importance,hypothy,0.006861794274300337
Hypertensive Patients,XGBoost Importance,ACS_PCT_VET_COLLEGE,0.006846519652754068
Hypertensive Patients,XGBoost Importance,elix_quan_ageadj,0.006771755404770374
Hypertensive Patients,XGBoost Importance,rend,0.006540458183735609
Hypertensive Patients,XGBoost Importance,ACS_PCT_HH_KID_1PRNT,0.0064802528358995914
Hypertensive Patients,XGBoost Importance,ACS_PCT_HH_INTERNET_NO_SUBS,0.006447549909353256
Hypertensive Patients,XGBoost Importance,POP_URB,0.006422175094485283
Hypertensive Patients,XGBoost Importance,ami,0.0063681453466415405
Hypertensive Patients,XGBoost Importance,charlson_ageadj,0.00625055655837059
Hypertensive Patients,XGBoost Importance,cevd,0.006230137310922146
Hypertensive Patients,XGBoost Importance,valv,0.006080672610551119
Hypertensive Patients,XGBoost Importance,dane,0.006015966646373272
Hypertensive Patients,XGBoost Importance,ACS_PCT_HH_OTHER_COMP_ONLY,0.005906871519982815
Hypertensive Patients,XGBoost Importance,American_Indian_or_Alaska_Native,0.005755062680691481
Hypertensive Patients,XGBoost Importance,fed,0.005708825774490833
Hypertensive Patients,XGBoost Importance,ACS_PCT_HEALTH_INC_200_399,0.005618274677544832
Hypertensive Patients,XGBoost Importance,coag,0.0055138831958174706
Hypertensive Patients,XGBoost Importance,Native_Hawiian_or_Pacific_Islander,0.005164919421076775
Hypertensive Patients,XGBoost Importance,Hispanic_or_Latino,0.0050757271237671375
Hypertensive Patients,XGBoost Importance,carit,0.004853220656514168
Hypertensive Patients,XGBoost Importance,ld,0.004825274460017681
Hypertensive Patients,XGBoost Importance,ACS_PCT_HH_NO_COMP_DEV,0.004632806405425072
Hypertensive Patients,XGBoost Importance,chf,0.0038211289793252945
Hypertensive Patients,XGBoost Importance,alcohol,0.003766004228964448
Hypertensive Patients,XGBoost Importance,drug,0.0033494834788143635
Hypertensive Patients,XGBoost Importance,charlson_survival_10yr,0.0
Hypertensive Patients,XGBoost Importance,aids,0.0
Hypertensive Patients,XGBoost Importance,POPPCT_RUR,0.0
