Cohort,Subgroup,Cohort Size,Num Features,Model,Metric,Mean,CI_Lower,CI_Upper,Formatted
Nationwide Cohort,Diabetes (d),40643,2075,Random Forest,ROC_AUC,0.6332585347853162,0.6199542576906715,0.6469273376220481,0.6333 (0.6200 - 0.6469)
Nationwide Cohort,Diabetes (d),40643,2075,Random Forest,PR_AUC,0.34303087027134216,0.32512627026461044,0.3645329660573617,0.3430 (0.3251 - 0.3645)
Nationwide Cohort,Diabetes (d),40643,2075,Random Forest,F1_Score,0.41386136056084877,0.3988324653637533,0.42917112374622685,0.4139 (0.3988 - 0.4292)
Nationwide Cohort,Diabetes (d),40643,2075,Random Forest,Accuracy,0.49559293886086847,0.4845491450362898,0.5068304834542995,0.4956 (0.4845 - 0.5068)
Nationwide Cohort,Diabetes (d),40643,2075,Random Forest,Precision,0.28502542164881156,0.27139681217324313,0.29875069911242114,0.2850 (0.2714 - 0.2988)
Nationwide Cohort,Diabetes (d),40643,2075,Random Forest,Recall_Sensitivity,0.7554675395142341,0.735801061088057,0.7749454077804316,0.7555 (0.7358 - 0.7749)
Nationwide Cohort,Diabetes (d),40643,2075,Random Forest,Specificity,0.4154221499533523,0.40288528075945124,0.4259197044629874,0.4154 (0.4029 - 0.4259)
Nationwide Cohort,Diabetes (d),40643,2075,Random Forest,Brier_Score,0.18174946414985388,0.17877061480460804,0.18506609283545095,0.1817 (0.1788 - 0.1851)
Nationwide Cohort,Diabetes (d),40643,2075,LightGBM,ROC_AUC,0.6568208198255511,0.6445487502752802,0.6685895659278289,0.6568 (0.6445 - 0.6686)
Nationwide Cohort,Diabetes (d),40643,2075,LightGBM,PR_AUC,0.38731899729066027,0.3684164512892501,0.41001851580859955,0.3873 (0.3684 - 0.4100)
Nationwide Cohort,Diabetes (d),40643,2075,LightGBM,F1_Score,0.4232397988569423,0.40668768144899675,0.4371224896363644,0.4232 (0.4067 - 0.4371)
Nationwide Cohort,Diabetes (d),40643,2075,LightGBM,Accuracy,0.6005671054250216,0.5910874646327962,0.6109054004182556,0.6006 (0.5911 - 0.6109)
Nationwide Cohort,Diabetes (d),40643,2075,LightGBM,Precision,0.3208634463070871,0.3036557357038228,0.3361092944590518,0.3209 (0.3037 - 0.3361)
Nationwide Cohort,Diabetes (d),40643,2075,LightGBM,Recall_Sensitivity,0.6217656895368888,0.6025494652088758,0.6420129303475767,0.6218 (0.6025 - 0.6420)
Nationwide Cohort,Diabetes (d),40643,2075,LightGBM,Specificity,0.5940271017427757,0.5827197439898105,0.6060291112052402,0.5940 (0.5827 - 0.6060)
Nationwide Cohort,Diabetes (d),40643,2075,LightGBM,Brier_Score,0.19361086384971052,0.18966589696563882,0.19691783283876593,0.1936 (0.1897 - 0.1969)
Nationwide Cohort,Diabetes (d),40643,2075,CatBoost,ROC_AUC,0.6768303247852695,0.663196264152284,0.6881108032733897,0.6768 (0.6632 - 0.6881)
Nationwide Cohort,Diabetes (d),40643,2075,CatBoost,PR_AUC,0.4114059592085351,0.3901041014273516,0.43302336235894606,0.4114 (0.3901 - 0.4330)
Nationwide Cohort,Diabetes (d),40643,2075,CatBoost,F1_Score,0.4321544089524689,0.41819522782907065,0.4478128192346834,0.4322 (0.4182 - 0.4478)
Nationwide Cohort,Diabetes (d),40643,2075,CatBoost,Accuracy,0.5326829868372494,0.5219461188338048,0.5421392545208512,0.5327 (0.5219 - 0.5421)
Nationwide Cohort,Diabetes (d),40643,2075,CatBoost,Precision,0.3028432135526794,0.29017757260166716,0.3159721514029833,0.3028 (0.2902 - 0.3160)
Nationwide Cohort,Diabetes (d),40643,2075,CatBoost,Recall_Sensitivity,0.7544133210693355,0.7340013525794712,0.7721177819310358,0.7544 (0.7340 - 0.7721)
Nationwide Cohort,Diabetes (d),40643,2075,CatBoost,Specificity,0.464287356467613,0.4527453380550832,0.4764443488207537,0.4643 (0.4527 - 0.4764)
Nationwide Cohort,Diabetes (d),40643,2075,CatBoost,Brier_Score,0.2133675063101208,0.21043608427126198,0.21623075420258905,0.2134 (0.2104 - 0.2162)
Nationwide Cohort,Diabetes (d),40643,2075,Gradient Boosting,ROC_AUC,0.6729262942125991,0.6588532993725784,0.6853325064861067,0.6729 (0.6589 - 0.6853)
Nationwide Cohort,Diabetes (d),40643,2075,Gradient Boosting,PR_AUC,0.3930205338581581,0.3685920883707096,0.41590668782472323,0.3930 (0.3686 - 0.4159)
Nationwide Cohort,Diabetes (d),40643,2075,Gradient Boosting,F1_Score,0.4316463244080944,0.4161572204764226,0.4477957376588138,0.4316 (0.4162 - 0.4478)
Nationwide Cohort,Diabetes (d),40643,2075,Gradient Boosting,Accuracy,0.543716324271128,0.5326608438922377,0.5545608315906015,0.5437 (0.5327 - 0.5546)
Nationwide Cohort,Diabetes (d),40643,2075,Gradient Boosting,Precision,0.3055677427911956,0.2924009816175356,0.31964340495321697,0.3056 (0.2924 - 0.3196)
Nationwide Cohort,Diabetes (d),40643,2075,Gradient Boosting,Recall_Sensitivity,0.7350702899751264,0.7150665819148075,0.7516232416879796,0.7351 (0.7151 - 0.7516)
Nationwide Cohort,Diabetes (d),40643,2075,Gradient Boosting,Specificity,0.4846851521736638,0.4722927423625885,0.49615152934288403,0.4847 (0.4723 - 0.4962)
Nationwide Cohort,Diabetes (d),40643,2075,Gradient Boosting,Brier_Score,0.21996059569084747,0.21749474654131473,0.22240303033637268,0.2200 (0.2175 - 0.2224)
Nationwide Cohort,Diabetes (d),40643,2075,Logistic Regression,ROC_AUC,0.6388571482472561,0.6248874989943135,0.6527305086407442,0.6389 (0.6249 - 0.6527)
Nationwide Cohort,Diabetes (d),40643,2075,Logistic Regression,PR_AUC,0.3635185067017575,0.34218218758788677,0.3847773162120531,0.3635 (0.3422 - 0.3848)
Nationwide Cohort,Diabetes (d),40643,2075,Logistic Regression,F1_Score,0.42298871817554684,0.4072514092067431,0.43806708617540624,0.4230 (0.4073 - 0.4381)
Nationwide Cohort,Diabetes (d),40643,2075,Logistic Regression,Accuracy,0.5787876737606102,0.5689322179849919,0.5894944027555665,0.5788 (0.5689 - 0.5895)
Nationwide Cohort,Diabetes (d),40643,2075,Logistic Regression,Precision,0.312397375918747,0.2983469250334318,0.3274470133043291,0.3124 (0.2983 - 0.3274)
Nationwide Cohort,Diabetes (d),40643,2075,Logistic Regression,Recall_Sensitivity,0.6550000463635232,0.6315446633908137,0.6756677470290036,0.6550 (0.6315 - 0.6757)
Nationwide Cohort,Diabetes (d),40643,2075,Logistic Regression,Specificity,0.5552779063593308,0.5446120216184097,0.5667603074446868,0.5553 (0.5446 - 0.5668)
Nationwide Cohort,Diabetes (d),40643,2075,Logistic Regression,Brier_Score,0.2323978075002291,0.22778796167869492,0.23729339190345775,0.2324 (0.2278 - 0.2373)
Nationwide Cohort,Diabetes (d),40643,2075,XGBoost,ROC_AUC,0.6704977076489722,0.6577787662244846,0.682887843668555,0.6705 (0.6578 - 0.6829)
Nationwide Cohort,Diabetes (d),40643,2075,XGBoost,PR_AUC,0.40329032899057515,0.38276949381252606,0.42479634742703287,0.4033 (0.3828 - 0.4248)
Nationwide Cohort,Diabetes (d),40643,2075,XGBoost,F1_Score,0.4331722892109468,0.41588924918385595,0.44769226399264195,0.4332 (0.4159 - 0.4477)
Nationwide Cohort,Diabetes (d),40643,2075,XGBoost,Accuracy,0.5411797269036782,0.5290841431910444,0.5524787796776972,0.5412 (0.5291 - 0.5525)
Nationwide Cohort,Diabetes (d),40643,2075,XGBoost,Precision,0.3056082446939884,0.29152009660169054,0.3191648281116375,0.3056 (0.2915 - 0.3192)
Nationwide Cohort,Diabetes (d),40643,2075,XGBoost,Recall_Sensitivity,0.7437620117231044,0.7237822816651134,0.7624081863634508,0.7438 (0.7238 - 0.7624)
Nationwide Cohort,Diabetes (d),40643,2075,XGBoost,Specificity,0.4786874788949286,0.465702360538234,0.49110848350923675,0.4787 (0.4657 - 0.4911)
Nationwide Cohort,Diabetes (d),40643,2075,XGBoost,Brier_Score,0.204019974788676,0.2008167254367522,0.20734009937980488,0.2040 (0.2008 - 0.2073)
Nationwide Cohort,Diabetes (d),40643,2075,Standard MLP,ROC_AUC,0.6372918645998067,0.6230943931077781,0.6515973415492646,0.6373 (0.6231 - 0.6516)
Nationwide Cohort,Diabetes (d),40643,2075,Standard MLP,PR_AUC,0.3355027768965394,0.31873458986340536,0.3558417515476113,0.3355 (0.3187 - 0.3558)
Nationwide Cohort,Diabetes (d),40643,2075,Standard MLP,F1_Score,0.41692492624890365,0.4015442264955254,0.43090471982760314,0.4169 (0.4015 - 0.4309)
Nationwide Cohort,Diabetes (d),40643,2075,Standard MLP,Accuracy,0.4650289088448764,0.4550375199901587,0.47450485914626644,0.4650 (0.4550 - 0.4745)
Nationwide Cohort,Diabetes (d),40643,2075,Standard MLP,Precision,0.28056462253941783,0.2676870536997099,0.2926640903278152,0.2806 (0.2677 - 0.2927)
Nationwide Cohort,Diabetes (d),40643,2075,Standard MLP,Recall_Sensitivity,0.8114180276995868,0.7909074354365717,0.8280239008627126,0.8114 (0.7909 - 0.8280)
Nationwide Cohort,Diabetes (d),40643,2075,Standard MLP,Specificity,0.3581703471588065,0.34657124199528144,0.36887622081373567,0.3582 (0.3466 - 0.3689)
Nationwide Cohort,Diabetes (d),40643,2075,Standard MLP,Brier_Score,0.245894806357161,0.2434037573943004,0.24802797320675088,0.2459 (0.2434 - 0.2480)
Nationwide Cohort,Diabetes (d),40643,2075,Standard Transformer,ROC_AUC,0.546022268346964,0.5317701988615792,0.5600524248383956,0.5460 (0.5318 - 0.5601)
Nationwide Cohort,Diabetes (d),40643,2075,Standard Transformer,PR_AUC,0.2722848681616867,0.25703913518257127,0.2897299026856996,0.2723 (0.2570 - 0.2897)
Nationwide Cohort,Diabetes (d),40643,2075,Standard Transformer,F1_Score,0.38379413127755585,0.3719687429627565,0.3979765379881752,0.3838 (0.3720 - 0.3980)
Nationwide Cohort,Diabetes (d),40643,2075,Standard Transformer,Accuracy,0.262813384180096,0.25303850412104806,0.2729886824947718,0.2628 (0.2530 - 0.2730)
Nationwide Cohort,Diabetes (d),40643,2075,Standard Transformer,Precision,0.23900715086608934,0.2301095079423158,0.249974438037982,0.2390 (0.2301 - 0.2500)
Nationwide Cohort,Diabetes (d),40643,2075,Standard Transformer,Recall_Sensitivity,0.9739010698502045,0.9673779355143763,0.9813884475453625,0.9739 (0.9674 - 0.9814)
Nationwide Cohort,Diabetes (d),40643,2075,Standard Transformer,Specificity,0.04346520183809483,0.0389539530886382,0.048245978713453895,0.0435 (0.0390 - 0.0482)
Nationwide Cohort,Diabetes (d),40643,2075,Standard Transformer,Brier_Score,0.24800465974412994,0.24729277410212175,0.2485969017144843,0.2480 (0.2473 - 0.2486)
Nationwide Cohort,Diabetes (d),40643,2075,SAINT Transformer,ROC_AUC,0.5564444795385143,0.5414119219232703,0.5719934753542512,0.5564 (0.5414 - 0.5720)
Nationwide Cohort,Diabetes (d),40643,2075,SAINT Transformer,PR_AUC,0.2773393138532818,0.26140555820907463,0.29431451378538903,0.2773 (0.2614 - 0.2943)
Nationwide Cohort,Diabetes (d),40643,2075,SAINT Transformer,F1_Score,0.3811089994078204,0.3690054352779274,0.39468393678735747,0.3811 (0.3690 - 0.3947)
Nationwide Cohort,Diabetes (d),40643,2075,SAINT Transformer,Accuracy,0.24460696272604257,0.2348351580760241,0.255385041210481,0.2446 (0.2348 - 0.2554)
Nationwide Cohort,Diabetes (d),40643,2075,SAINT Transformer,Precision,0.2361839235488129,0.2269543129303636,0.24660579192306845,0.2362 (0.2270 - 0.2466)
Nationwide Cohort,Diabetes (d),40643,2075,SAINT Transformer,Recall_Sensitivity,0.9866722557595119,0.9814319156890321,0.9918193879719973,0.9867 (0.9814 - 0.9918)
Nationwide Cohort,Diabetes (d),40643,2075,SAINT Transformer,Specificity,0.015701960352460936,0.0127063796863488,0.01868690283330704,0.0157 (0.0127 - 0.0187)
Nationwide Cohort,Diabetes (d),40643,2075,SAINT Transformer,Brier_Score,0.2744556409716897,0.2724547480268453,0.27606473365535705,0.2745 (0.2725 - 0.2761)
Nationwide Cohort,Diabetes (d),40643,2075,HIR-M3 Transformer,ROC_AUC,0.533593835022856,0.5213386188625904,0.5460185109749661,0.5336 (0.5213 - 0.5460)
Nationwide Cohort,Diabetes (d),40643,2075,HIR-M3 Transformer,PR_AUC,0.2585340382108699,0.24477939684144415,0.2728256289429623,0.2585 (0.2448 - 0.2728)
Nationwide Cohort,Diabetes (d),40643,2075,HIR-M3 Transformer,F1_Score,0.1438119694236948,0.12514075718510345,0.1641633524107957,0.1438 (0.1251 - 0.1642)
Nationwide Cohort,Diabetes (d),40643,2075,HIR-M3 Transformer,Accuracy,0.729045393037274,0.7182863820888179,0.7371171115758396,0.7290 (0.7183 - 0.7371)
Nationwide Cohort,Diabetes (d),40643,2075,HIR-M3 Transformer,Precision,0.2819607001920821,0.24603175789749704,0.3190428300476788,0.2820 (0.2460 - 0.3190)
Nationwide Cohort,Diabetes (d),40643,2075,HIR-M3 Transformer,Recall_Sensitivity,0.09656592735049817,0.0836550610735578,0.10970185840393641,0.0966 (0.0837 - 0.1097)
Nationwide Cohort,Diabetes (d),40643,2075,HIR-M3 Transformer,Specificity,0.92414582388793,0.9171775557016655,0.9300488362795273,0.9241 (0.9172 - 0.9300)
Nationwide Cohort,Diabetes (d),40643,2075,HIR-M3 Transformer,Brier_Score,0.24964300001719228,0.24921910401909708,0.2500306955203066,0.2496 (0.2492 - 0.2500)
Nationwide Cohort,Heart Failure (hf),31542,2075,Random Forest,ROC_AUC,0.6458504707391255,0.6323110646536515,0.6623669306140518,0.6459 (0.6323 - 0.6624)
Nationwide Cohort,Heart Failure (hf),31542,2075,Random Forest,PR_AUC,0.46672515974574574,0.4390828209958994,0.4902646953374249,0.4667 (0.4391 - 0.4903)
Nationwide Cohort,Heart Failure (hf),31542,2075,Random Forest,F1_Score,0.5019900050084242,0.48736678970709235,0.5193443653650589,0.5020 (0.4874 - 0.5193)
Nationwide Cohort,Heart Failure (hf),31542,2075,Random Forest,Accuracy,0.5156268822317324,0.5033840545252813,0.5290933586939294,0.5156 (0.5034 - 0.5291)
Nationwide Cohort,Heart Failure (hf),31542,2075,Random Forest,Precision,0.37321309899234223,0.3584585953175061,0.3888091392746848,0.3732 (0.3585 - 0.3888)
Nationwide Cohort,Heart Failure (hf),31542,2075,Random Forest,Recall_Sensitivity,0.7666715911054404,0.7493718239432251,0.7855484106328067,0.7667 (0.7494 - 0.7855)
Nationwide Cohort,Heart Failure (hf),31542,2075,Random Forest,Specificity,0.3983196034552378,0.3843943757344561,0.41077908504310295,0.3983 (0.3844 - 0.4108)
Nationwide Cohort,Heart Failure (hf),31542,2075,Random Forest,Brier_Score,0.20735729755973728,0.20403993294725573,0.21050283092992877,0.2074 (0.2040 - 0.2105)
Nationwide Cohort,Heart Failure (hf),31542,2075,LightGBM,ROC_AUC,0.6653146808660659,0.6519468660994489,0.6788733049625003,0.6653 (0.6519 - 0.6789)
Nationwide Cohort,Heart Failure (hf),31542,2075,LightGBM,PR_AUC,0.48044373124668466,0.4563616942515955,0.5026802332485049,0.4804 (0.4564 - 0.5027)
Nationwide Cohort,Heart Failure (hf),31542,2075,LightGBM,F1_Score,0.5137055851554148,0.49810708718071706,0.527785129426769,0.5137 (0.4981 - 0.5278)
Nationwide Cohort,Heart Failure (hf),31542,2075,LightGBM,Accuracy,0.5412070058646379,0.5297075606276748,0.5536614360437471,0.5412 (0.5297 - 0.5537)
Nationwide Cohort,Heart Failure (hf),31542,2075,LightGBM,Precision,0.387755290559618,0.3713800864261316,0.4036139524192621,0.3878 (0.3714 - 0.4036)
Nationwide Cohort,Heart Failure (hf),31542,2075,LightGBM,Recall_Sensitivity,0.7610514931312977,0.7432277582100306,0.7779162271252874,0.7611 (0.7432 - 0.7779)
Nationwide Cohort,Heart Failure (hf),31542,2075,LightGBM,Specificity,0.43848239604470507,0.4241401476392026,0.4517983698183512,0.4385 (0.4241 - 0.4518)
Nationwide Cohort,Heart Failure (hf),31542,2075,LightGBM,Brier_Score,0.21268279016968034,0.20849852018713835,0.2166383885288849,0.2127 (0.2085 - 0.2166)
Nationwide Cohort,Heart Failure (hf),31542,2075,Gradient Boosting,ROC_AUC,0.681469461490609,0.6694870763961672,0.6982553297644868,0.6815 (0.6695 - 0.6983)
Nationwide Cohort,Heart Failure (hf),31542,2075,Gradient Boosting,PR_AUC,0.5074047499576085,0.4843250368659768,0.5340167384432135,0.5074 (0.4843 - 0.5340)
Nationwide Cohort,Heart Failure (hf),31542,2075,Gradient Boosting,F1_Score,0.5200956441697003,0.5028035776513278,0.5367296854985847,0.5201 (0.5028 - 0.5367)
Nationwide Cohort,Heart Failure (hf),31542,2075,Gradient Boosting,Accuracy,0.5921294975431922,0.5807259470597559,0.6046996354414329,0.5921 (0.5807 - 0.6047)
Nationwide Cohort,Heart Failure (hf),31542,2075,Gradient Boosting,Precision,0.41590558574190767,0.398175822956004,0.4326729021501475,0.4159 (0.3982 - 0.4327)
Nationwide Cohort,Heart Failure (hf),31542,2075,Gradient Boosting,Recall_Sensitivity,0.6941305716418427,0.6759680646994455,0.7159245651604779,0.6941 (0.6760 - 0.7159)
Nationwide Cohort,Heart Failure (hf),31542,2075,Gradient Boosting,Specificity,0.5444713323016238,0.5299242104350353,0.5590179314713339,0.5445 (0.5299 - 0.5590)
Nationwide Cohort,Heart Failure (hf),31542,2075,Gradient Boosting,Brier_Score,0.2206654406723137,0.21707246930179158,0.22316921856594174,0.2207 (0.2171 - 0.2232)
Nationwide Cohort,Heart Failure (hf),31542,2075,CatBoost,ROC_AUC,0.6791037863975098,0.6643992043029507,0.6952065348434453,0.6791 (0.6644 - 0.6952)
Nationwide Cohort,Heart Failure (hf),31542,2075,CatBoost,PR_AUC,0.5019290964142368,0.4782494918571942,0.5288986879751343,0.5019 (0.4782 - 0.5289)
Nationwide Cohort,Heart Failure (hf),31542,2075,CatBoost,F1_Score,0.5173233960245741,0.499637145513745,0.5326311430620538,0.5173 (0.4996 - 0.5326)
Nationwide Cohort,Heart Failure (hf),31542,2075,CatBoost,Accuracy,0.5733848470439056,0.5609407196069107,0.5848827072436202,0.5734 (0.5609 - 0.5849)
Nationwide Cohort,Heart Failure (hf),31542,2075,CatBoost,Precision,0.40438141433741154,0.38682222696836416,0.4213235303366688,0.4044 (0.3868 - 0.4213)
Nationwide Cohort,Heart Failure (hf),31542,2075,CatBoost,Recall_Sensitivity,0.7180085455163632,0.69749989765214,0.7391976754940346,0.7180 (0.6975 - 0.7392)
Nationwide Cohort,Heart Failure (hf),31542,2075,CatBoost,Specificity,0.5058074780072942,0.49215176002008354,0.5226094786559615,0.5058 (0.4922 - 0.5226)
Nationwide Cohort,Heart Failure (hf),31542,2075,CatBoost,Brier_Score,0.21850751441410626,0.2144982944042441,0.2217678477116854,0.2185 (0.2145 - 0.2218)
Nationwide Cohort,Heart Failure (hf),31542,2075,Logistic Regression,ROC_AUC,0.6467200739518327,0.6323570039659354,0.6620179879913837,0.6467 (0.6324 - 0.6620)
Nationwide Cohort,Heart Failure (hf),31542,2075,Logistic Regression,PR_AUC,0.4608217685359108,0.43678237374008627,0.48496995219274097,0.4608 (0.4368 - 0.4850)
Nationwide Cohort,Heart Failure (hf),31542,2075,Logistic Regression,F1_Score,0.5018254293515391,0.4849817954900962,0.5188999162903767,0.5018 (0.4850 - 0.5189)
Nationwide Cohort,Heart Failure (hf),31542,2075,Logistic Regression,Accuracy,0.5099167855444603,0.4956173720082422,0.5237002694563323,0.5099 (0.4956 - 0.5237)
Nationwide Cohort,Heart Failure (hf),31542,2075,Logistic Regression,Precision,0.37104620132710975,0.3559101202385937,0.38817173460415827,0.3710 (0.3559 - 0.3882)
Nationwide Cohort,Heart Failure (hf),31542,2075,Logistic Regression,Recall_Sensitivity,0.7751921974095343,0.7586938791655051,0.7938541180390088,0.7752 (0.7587 - 0.7939)
Nationwide Cohort,Heart Failure (hf),31542,2075,Logistic Regression,Specificity,0.3859601901995496,0.37244850808985697,0.3993913105062396,0.3860 (0.3724 - 0.3994)
Nationwide Cohort,Heart Failure (hf),31542,2075,Logistic Regression,Brier_Score,0.24017811780259968,0.23523536096153447,0.2454930328098362,0.2402 (0.2352 - 0.2455)
Nationwide Cohort,Heart Failure (hf),31542,2075,XGBoost,ROC_AUC,0.6748295245115942,0.6612420311467462,0.6910241718150822,0.6748 (0.6612 - 0.6910)
Nationwide Cohort,Heart Failure (hf),31542,2075,XGBoost,PR_AUC,0.5050068450402155,0.4779704148902012,0.5292182344279601,0.5050 (0.4780 - 0.5292)
Nationwide Cohort,Heart Failure (hf),31542,2075,XGBoost,F1_Score,0.518891366980035,0.5024256488131332,0.5358366118953947,0.5189 (0.5024 - 0.5358)
Nationwide Cohort,Heart Failure (hf),31542,2075,XGBoost,Accuracy,0.6024274845458868,0.5907314946901252,0.6153154224124268,0.6024 (0.5907 - 0.6153)
Nationwide Cohort,Heart Failure (hf),31542,2075,XGBoost,Precision,0.4221426524501113,0.40443404009986,0.43872698727123843,0.4221 (0.4044 - 0.4387)
Nationwide Cohort,Heart Failure (hf),31542,2075,XGBoost,Recall_Sensitivity,0.6733499541095174,0.6534384525887428,0.6959358053876948,0.6733 (0.6534 - 0.6959)
Nationwide Cohort,Heart Failure (hf),31542,2075,XGBoost,Specificity,0.5692867737053589,0.5546078710289237,0.5849137999533128,0.5693 (0.5546 - 0.5849)
Nationwide Cohort,Heart Failure (hf),31542,2075,XGBoost,Brier_Score,0.21519103201725176,0.21072337318824957,0.21874877159543724,0.2152 (0.2107 - 0.2187)
Nationwide Cohort,Heart Failure (hf),31542,2075,Standard MLP,ROC_AUC,0.6312755876991689,0.6174528400380698,0.6458272622796862,0.6313 (0.6175 - 0.6458)
Nationwide Cohort,Heart Failure (hf),31542,2075,Standard MLP,PR_AUC,0.4457610391755339,0.41835641814876784,0.470016720629931,0.4458 (0.4184 - 0.4700)
Nationwide Cohort,Heart Failure (hf),31542,2075,Standard MLP,F1_Score,0.49217324267262397,0.4750962282268151,0.5082652859857638,0.4922 (0.4751 - 0.5083)
Nationwide Cohort,Heart Failure (hf),31542,2075,Standard MLP,Accuracy,0.5527143762878428,0.5393604374702806,0.5633816769694088,0.5527 (0.5394 - 0.5634)
Nationwide Cohort,Heart Failure (hf),31542,2075,Standard MLP,Precision,0.38548923181167033,0.3682454353010826,0.4033946831199157,0.3855 (0.3682 - 0.4034)
Nationwide Cohort,Heart Failure (hf),31542,2075,Standard MLP,Recall_Sensitivity,0.6807038980079197,0.66171666731059,0.6988296860879448,0.6807 (0.6617 - 0.6988)
Nationwide Cohort,Heart Failure (hf),31542,2075,Standard MLP,Specificity,0.4929122673160507,0.47696825194471576,0.5064302429452975,0.4929 (0.4770 - 0.5064)
Nationwide Cohort,Heart Failure (hf),31542,2075,Standard MLP,Brier_Score,0.24456398421636155,0.2392296400345403,0.24991503544076138,0.2446 (0.2392 - 0.2499)
Nationwide Cohort,Heart Failure (hf),31542,2075,Standard Transformer,ROC_AUC,0.5402870728951887,0.5268586856342437,0.5552753242303525,0.5403 (0.5269 - 0.5553)
Nationwide Cohort,Heart Failure (hf),31542,2075,Standard Transformer,PR_AUC,0.3509869557101118,0.3340785609563984,0.36917766166499233,0.3510 (0.3341 - 0.3692)
Nationwide Cohort,Heart Failure (hf),31542,2075,Standard Transformer,F1_Score,0.48288363963865294,0.4694565448412608,0.49623974518006975,0.4829 (0.4695 - 0.4962)
Nationwide Cohort,Heart Failure (hf),31542,2075,Standard Transformer,Accuracy,0.3203209700427961,0.30954192423521953,0.33190679980979554,0.3203 (0.3095 - 0.3319)
Nationwide Cohort,Heart Failure (hf),31542,2075,Standard Transformer,Precision,0.3186667830693534,0.30708981612940245,0.3303208491147647,0.3187 (0.3071 - 0.3303)
Nationwide Cohort,Heart Failure (hf),31542,2075,Standard Transformer,Recall_Sensitivity,0.9965840447047504,0.9935061685061686,0.9989813188728316,0.9966 (0.9935 - 0.9990)
Nationwide Cohort,Heart Failure (hf),31542,2075,Standard Transformer,Specificity,0.004307478199552517,0.0020958868912983627,0.006294443261656377,0.0043 (0.0021 - 0.0063)
Nationwide Cohort,Heart Failure (hf),31542,2075,Standard Transformer,Brier_Score,0.24691427571293798,0.24660787673426088,0.24724147492523454,0.2469 (0.2466 - 0.2472)
Nationwide Cohort,Heart Failure (hf),31542,2075,SAINT Transformer,ROC_AUC,0.5310696952442153,0.5159227558754959,0.5449911180971787,0.5311 (0.5159 - 0.5450)
Nationwide Cohort,Heart Failure (hf),31542,2075,SAINT Transformer,PR_AUC,0.33968984758411125,0.3195078179423456,0.35604085634451177,0.3397 (0.3195 - 0.3560)
Nationwide Cohort,Heart Failure (hf),31542,2075,SAINT Transformer,F1_Score,0.4826347928154523,0.46930833328534494,0.4961903960288401,0.4826 (0.4693 - 0.4962)
Nationwide Cohort,Heart Failure (hf),31542,2075,SAINT Transformer,Accuracy,0.31897448090030117,0.307647804723411,0.3307972737359328,0.3190 (0.3076 - 0.3308)
Nationwide Cohort,Heart Failure (hf),31542,2075,SAINT Transformer,Precision,0.3183504931185741,0.30679615506831903,0.33022025637851393,0.3184 (0.3068 - 0.3302)
Nationwide Cohort,Heart Failure (hf),31542,2075,SAINT Transformer,Recall_Sensitivity,0.9975628003482605,0.9951360180271686,0.9994991895483122,0.9976 (0.9951 - 0.9995)
Nationwide Cohort,Heart Failure (hf),31542,2075,SAINT Transformer,Specificity,0.00187568185040338,0.0009183191626208002,0.0030439301547268184,0.0019 (0.0009 - 0.0030)
Nationwide Cohort,Heart Failure (hf),31542,2075,SAINT Transformer,Brier_Score,0.28813492733743046,0.28567872813866907,0.2904352878924242,0.2881 (0.2857 - 0.2904)
Nationwide Cohort,Heart Failure (hf),31542,2075,HIR-M3 Transformer,ROC_AUC,0.5364439395720947,0.5179232399662488,0.5529421672868869,0.5364 (0.5179 - 0.5529)
Nationwide Cohort,Heart Failure (hf),31542,2075,HIR-M3 Transformer,PR_AUC,0.3450802402802003,0.326732087418311,0.36305793185971286,0.3451 (0.3267 - 0.3631)
Nationwide Cohort,Heart Failure (hf),31542,2075,HIR-M3 Transformer,F1_Score,0.4195573625287794,0.403184251695982,0.43798360658665947,0.4196 (0.4032 - 0.4380)
Nationwide Cohort,Heart Failure (hf),31542,2075,HIR-M3 Transformer,Accuracy,0.5283198605167222,0.5143208115390712,0.5414526866381361,0.5283 (0.5143 - 0.5415)
Nationwide Cohort,Heart Failure (hf),31542,2075,HIR-M3 Transformer,Precision,0.3449998078631316,0.3292782181699772,0.36231519493818043,0.3450 (0.3293 - 0.3623)
Nationwide Cohort,Heart Failure (hf),31542,2075,HIR-M3 Transformer,Recall_Sensitivity,0.5353811345334571,0.5133943933301631,0.5592159840355155,0.5354 (0.5134 - 0.5592)
Nationwide Cohort,Heart Failure (hf),31542,2075,HIR-M3 Transformer,Specificity,0.5250155249441458,0.5089108629844521,0.5412043154395179,0.5250 (0.5089 - 0.5412)
Nationwide Cohort,Heart Failure (hf),31542,2075,HIR-M3 Transformer,Brier_Score,0.24811122294450208,0.24746082987345036,0.24884604071943803,0.2481 (0.2475 - 0.2488)
Nationwide Cohort,Hypertension (hyp),65916,2075,Random Forest,ROC_AUC,0.637237327420054,0.6272589573988867,0.6472789821981517,0.6372 (0.6273 - 0.6473)
Nationwide Cohort,Hypertension (hyp),65916,2075,Random Forest,PR_AUC,0.3371081224099852,0.32590840492107254,0.35271896456358404,0.3371 (0.3259 - 0.3527)
Nationwide Cohort,Hypertension (hyp),65916,2075,Random Forest,F1_Score,0.4136424821639316,0.4033326737616423,0.4246147268285709,0.4136 (0.4033 - 0.4246)
Nationwide Cohort,Hypertension (hyp),65916,2075,Random Forest,Accuracy,0.46946260618932045,0.4613736347087378,0.4775030339805825,0.4695 (0.4614 - 0.4775)
Nationwide Cohort,Hypertension (hyp),65916,2075,Random Forest,Precision,0.27875480207456266,0.2697530346325032,0.287880511988622,0.2788 (0.2698 - 0.2879)
Nationwide Cohort,Hypertension (hyp),65916,2075,Random Forest,Recall_Sensitivity,0.8016280663071026,0.7884780792156425,0.8168236641036083,0.8016 (0.7885 - 0.8168)
Nationwide Cohort,Hypertension (hyp),65916,2075,Random Forest,Specificity,0.36829487019817964,0.3584319564237981,0.3766251094780248,0.3683 (0.3584 - 0.3766)
Nationwide Cohort,Hypertension (hyp),65916,2075,Random Forest,Brier_Score,0.18106482101250576,0.17847055127740885,0.18352771075300023,0.1811 (0.1785 - 0.1835)
Nationwide Cohort,Hypertension (hyp),65916,2075,LightGBM,ROC_AUC,0.6721706408374135,0.6619320823511815,0.681033877796618,0.6722 (0.6619 - 0.6810)
Nationwide Cohort,Hypertension (hyp),65916,2075,LightGBM,PR_AUC,0.39826352541578336,0.38228955270855713,0.4180376582851213,0.3983 (0.3823 - 0.4180)
Nationwide Cohort,Hypertension (hyp),65916,2075,LightGBM,F1_Score,0.436333034315685,0.4254541686300242,0.4481859697008975,0.4363 (0.4255 - 0.4482)
Nationwide Cohort,Hypertension (hyp),65916,2075,LightGBM,Accuracy,0.5979547178398058,0.5892559162621359,0.6048297178398058,0.5980 (0.5893 - 0.6048)
Nationwide Cohort,Hypertension (hyp),65916,2075,LightGBM,Precision,0.3243321343329398,0.31368218120966523,0.33506791074255354,0.3243 (0.3137 - 0.3351)
Nationwide Cohort,Hypertension (hyp),65916,2075,LightGBM,Recall_Sensitivity,0.6666176907598982,0.6501376705272688,0.6838490321148801,0.6666 (0.6501 - 0.6838)
Nationwide Cohort,Hypertension (hyp),65916,2075,LightGBM,Specificity,0.5770414918059141,0.5667852273555156,0.5848993781320764,0.5770 (0.5668 - 0.5849)
Nationwide Cohort,Hypertension (hyp),65916,2075,LightGBM,Brier_Score,0.19890044725886813,0.19640354599231302,0.20142409198890213,0.1989 (0.1964 - 0.2014)
Nationwide Cohort,Hypertension (hyp),65916,2075,CatBoost,ROC_AUC,0.6899036641354409,0.6806578161072531,0.6994230320896084,0.6899 (0.6807 - 0.6994)
Nationwide Cohort,Hypertension (hyp),65916,2075,CatBoost,PR_AUC,0.4197147533383493,0.4030115488654936,0.4390531990258704,0.4197 (0.4030 - 0.4391)
Nationwide Cohort,Hypertension (hyp),65916,2075,CatBoost,F1_Score,0.44986148545261506,0.4379054199523685,0.46244049334735865,0.4499 (0.4379 - 0.4624)
Nationwide Cohort,Hypertension (hyp),65916,2075,CatBoost,Accuracy,0.5899931735436893,0.5810072815533981,0.5976979672330097,0.5900 (0.5810 - 0.5977)
Nationwide Cohort,Hypertension (hyp),65916,2075,CatBoost,Precision,0.32754415016536137,0.3164250693407848,0.3384210709630523,0.3275 (0.3164 - 0.3384)
Nationwide Cohort,Hypertension (hyp),65916,2075,CatBoost,Recall_Sensitivity,0.7181199831345001,0.7025495191212652,0.7320956438639803,0.7181 (0.7025 - 0.7321)
Nationwide Cohort,Hypertension (hyp),65916,2075,CatBoost,Specificity,0.550967546110752,0.5410262176542961,0.5604578315307318,0.5510 (0.5410 - 0.5605)
Nationwide Cohort,Hypertension (hyp),65916,2075,CatBoost,Brier_Score,0.2131393202585693,0.21103481901160556,0.2152481955014249,0.2131 (0.2110 - 0.2152)
Nationwide Cohort,Hypertension (hyp),65916,2075,XGBoost,ROC_AUC,0.6832470695299339,0.6716796316470639,0.6926108779366557,0.6832 (0.6717 - 0.6926)
Nationwide Cohort,Hypertension (hyp),65916,2075,XGBoost,PR_AUC,0.4134620706759911,0.39412563841217046,0.43397632862528635,0.4135 (0.3941 - 0.4340)
Nationwide Cohort,Hypertension (hyp),65916,2075,XGBoost,F1_Score,0.4387749803242372,0.42670974225201913,0.4512652690607429,0.4388 (0.4267 - 0.4513)
Nationwide Cohort,Hypertension (hyp),65916,2075,XGBoost,Accuracy,0.6125705400485437,0.6044296116504855,0.6198517141990292,0.6126 (0.6044 - 0.6199)
Nationwide Cohort,Hypertension (hyp),65916,2075,XGBoost,Precision,0.33150740086002384,0.31976171832294736,0.34278667453907546,0.3315 (0.3198 - 0.3428)
Nationwide Cohort,Hypertension (hyp),65916,2075,XGBoost,Recall_Sensitivity,0.6487881736248451,0.6332161018255037,0.6654755559878779,0.6488 (0.6332 - 0.6655)
Nationwide Cohort,Hypertension (hyp),65916,2075,XGBoost,Specificity,0.6015370916660145,0.5912795670584284,0.6105306622986703,0.6015 (0.5913 - 0.6105)
Nationwide Cohort,Hypertension (hyp),65916,2075,XGBoost,Brier_Score,0.20672557072459039,0.20442350961358352,0.20907415722951192,0.2067 (0.2044 - 0.2091)
Nationwide Cohort,Hypertension (hyp),65916,2075,Gradient Boosting,ROC_AUC,0.6811690498603937,0.6723932302038433,0.6904322735321547,0.6812 (0.6724 - 0.6904)
Nationwide Cohort,Hypertension (hyp),65916,2075,Gradient Boosting,PR_AUC,0.39680086017271826,0.3807552395245385,0.4148956888831612,0.3968 (0.3808 - 0.4149)
Nationwide Cohort,Hypertension (hyp),65916,2075,Gradient Boosting,F1_Score,0.4432397163702997,0.43182297122986113,0.45496352926615574,0.4432 (0.4318 - 0.4550)
Nationwide Cohort,Hypertension (hyp),65916,2075,Gradient Boosting,Accuracy,0.5973168234223301,0.5883476183252427,0.6055085709951457,0.5973 (0.5883 - 0.6055)
Nationwide Cohort,Hypertension (hyp),65916,2075,Gradient Boosting,Precision,0.3272704443493333,0.3156800227009892,0.33830313710553855,0.3273 (0.3157 - 0.3383)
Nationwide Cohort,Hypertension (hyp),65916,2075,Gradient Boosting,Recall_Sensitivity,0.6866445276704124,0.6714628225303768,0.7024336333307263,0.6866 (0.6715 - 0.7024)
Nationwide Cohort,Hypertension (hyp),65916,2075,Gradient Boosting,Specificity,0.5701119180187489,0.5595392871833529,0.5802422169453312,0.5701 (0.5595 - 0.5802)
Nationwide Cohort,Hypertension (hyp),65916,2075,Gradient Boosting,Brier_Score,0.21985642242629497,0.217880263982074,0.22186066141066524,0.2199 (0.2179 - 0.2219)
Nationwide Cohort,Hypertension (hyp),65916,2075,Logistic Regression,ROC_AUC,0.6612236998935029,0.6516570750316386,0.6718643410883237,0.6612 (0.6517 - 0.6719)
Nationwide Cohort,Hypertension (hyp),65916,2075,Logistic Regression,PR_AUC,0.37451139541606127,0.3599457534307866,0.3885299646986942,0.3745 (0.3599 - 0.3885)
Nationwide Cohort,Hypertension (hyp),65916,2075,Logistic Regression,F1_Score,0.4322693993970951,0.42190009413098173,0.44518506361269317,0.4323 (0.4219 - 0.4452)
Nationwide Cohort,Hypertension (hyp),65916,2075,Logistic Regression,Accuracy,0.5847375606796116,0.5766686893203884,0.5936058859223301,0.5847 (0.5767 - 0.5936)
Nationwide Cohort,Hypertension (hyp),65916,2075,Logistic Regression,Precision,0.317477139819029,0.3069265923783183,0.3297857987915467,0.3175 (0.3069 - 0.3298)
Nationwide Cohort,Hypertension (hyp),65916,2075,Logistic Regression,Recall_Sensitivity,0.6772271917469936,0.661934212600863,0.6916326935808349,0.6772 (0.6619 - 0.6916)
Nationwide Cohort,Hypertension (hyp),65916,2075,Logistic Regression,Specificity,0.5565667992016003,0.5456127076171433,0.5666000273521936,0.5566 (0.5456 - 0.5666)
Nationwide Cohort,Hypertension (hyp),65916,2075,Logistic Regression,Brier_Score,0.22660129784839825,0.22337529182562244,0.23003037921395011,0.2266 (0.2234 - 0.2300)
Nationwide Cohort,Hypertension (hyp),65916,2075,Standard MLP,ROC_AUC,0.6407873564656363,0.6301813194470616,0.6501044884016773,0.6408 (0.6302 - 0.6501)
Nationwide Cohort,Hypertension (hyp),65916,2075,Standard MLP,PR_AUC,0.3492008307301331,0.3351565768475549,0.3651560147660671,0.3492 (0.3352 - 0.3652)
Nationwide Cohort,Hypertension (hyp),65916,2075,Standard MLP,F1_Score,0.41569180593934085,0.4036234634240157,0.4276461424952506,0.4157 (0.4036 - 0.4276)
Nationwide Cohort,Hypertension (hyp),65916,2075,Standard MLP,Accuracy,0.5689532766990291,0.5614949939320388,0.5760846480582524,0.5690 (0.5615 - 0.5761)
Nationwide Cohort,Hypertension (hyp),65916,2075,Standard MLP,Precision,0.3040884676464022,0.29428134208834833,0.3149281099619244,0.3041 (0.2943 - 0.3149)
Nationwide Cohort,Hypertension (hyp),65916,2075,Standard MLP,Recall_Sensitivity,0.6568389872962124,0.640834009994017,0.672523767343001,0.6568 (0.6408 - 0.6725)
Nationwide Cohort,Hypertension (hyp),65916,2075,Standard MLP,Specificity,0.5421844904830317,0.5337172480474828,0.553477978150257,0.5422 (0.5337 - 0.5535)
Nationwide Cohort,Hypertension (hyp),65916,2075,Standard MLP,Brier_Score,0.22512424807784837,0.22188381525855677,0.22861284672489024,0.2251 (0.2219 - 0.2286)
Nationwide Cohort,Hypertension (hyp),65916,2075,Standard Transformer,ROC_AUC,0.5709738597235271,0.5600765022646449,0.582197816101384,0.5710 (0.5601 - 0.5822)
Nationwide Cohort,Hypertension (hyp),65916,2075,Standard Transformer,PR_AUC,0.28360558444612916,0.2715961659669765,0.29440392544713806,0.2836 (0.2716 - 0.2944)
Nationwide Cohort,Hypertension (hyp),65916,2075,Standard Transformer,F1_Score,0.3803031555237967,0.3697161532247327,0.39174792822433163,0.3803 (0.3697 - 0.3917)
Nationwide Cohort,Hypertension (hyp),65916,2075,Standard Transformer,Accuracy,0.45826152912621354,0.45076987257281553,0.46633608919902914,0.4583 (0.4508 - 0.4663)
Nationwide Cohort,Hypertension (hyp),65916,2075,Standard Transformer,Precision,0.259446817447769,0.24979031055302808,0.269685568521174,0.2594 (0.2498 - 0.2697)
Nationwide Cohort,Hypertension (hyp),65916,2075,Standard Transformer,Recall_Sensitivity,0.712094732328385,0.6947686308445945,0.7296612417708478,0.7121 (0.6948 - 0.7297)
Nationwide Cohort,Hypertension (hyp),65916,2075,Standard Transformer,Specificity,0.3809539168363825,0.37242793566280696,0.3890279243492916,0.3810 (0.3724 - 0.3890)
Nationwide Cohort,Hypertension (hyp),65916,2075,Standard Transformer,Brier_Score,0.2474723304024301,0.2465492613930339,0.24847554703857702,0.2475 (0.2465 - 0.2485)
Nationwide Cohort,Hypertension (hyp),65916,2075,SAINT Transformer,ROC_AUC,0.5694673280076948,0.5591270274843636,0.5788790039391742,0.5695 (0.5591 - 0.5789)
Nationwide Cohort,Hypertension (hyp),65916,2075,SAINT Transformer,PR_AUC,0.2847216961146614,0.27363687167151246,0.29578664703438634,0.2847 (0.2736 - 0.2958)
Nationwide Cohort,Hypertension (hyp),65916,2075,SAINT Transformer,F1_Score,0.3792358430752802,0.37021364221614206,0.38997276905929457,0.3792 (0.3702 - 0.3900)
Nationwide Cohort,Hypertension (hyp),65916,2075,SAINT Transformer,Accuracy,0.23777002427184463,0.23073232706310678,0.24544902912621358,0.2378 (0.2307 - 0.2454)
Nationwide Cohort,Hypertension (hyp),65916,2075,SAINT Transformer,Precision,0.23414301588747385,0.2272588790017156,0.24232590219358863,0.2341 (0.2273 - 0.2423)
Nationwide Cohort,Hypertension (hyp),65916,2075,SAINT Transformer,Recall_Sensitivity,0.9973560300443269,0.995425579263514,0.9990196816527033,0.9974 (0.9954 - 0.9990)
Nationwide Cohort,Hypertension (hyp),65916,2075,SAINT Transformer,Specificity,0.0064234963512841145,0.005042781476533597,0.00798409302498561,0.0064 (0.0050 - 0.0080)
Nationwide Cohort,Hypertension (hyp),65916,2075,SAINT Transformer,Brier_Score,0.38253509737373037,0.3796532337477229,0.3857115408856308,0.3825 (0.3797 - 0.3857)
Nationwide Cohort,Hypertension (hyp),65916,2075,HIR-M3 Transformer,ROC_AUC,0.567481817420877,0.5559338863282857,0.5769282574153582,0.5675 (0.5559 - 0.5769)
Nationwide Cohort,Hypertension (hyp),65916,2075,HIR-M3 Transformer,PR_AUC,0.2797519183798216,0.2666067174843812,0.2921380125861313,0.2798 (0.2666 - 0.2921)
Nationwide Cohort,Hypertension (hyp),65916,2075,HIR-M3 Transformer,F1_Score,0.3839743448974765,0.37351830504971995,0.3943623503964815,0.3840 (0.3735 - 0.3944)
Nationwide Cohort,Hypertension (hyp),65916,2075,HIR-M3 Transformer,Accuracy,0.31747762439320387,0.3100709192961165,0.3251687651699029,0.3175 (0.3101 - 0.3252)
Nationwide Cohort,Hypertension (hyp),65916,2075,HIR-M3 Transformer,Precision,0.24325128699572418,0.23510221820447616,0.2512473811814558,0.2433 (0.2351 - 0.2512)
Nationwide Cohort,Hypertension (hyp),65916,2075,HIR-M3 Transformer,Recall_Sensitivity,0.9111866600620939,0.900640345071467,0.9210726056634196,0.9112 (0.9006 - 0.9211)
Nationwide Cohort,Hypertension (hyp),65916,2075,HIR-M3 Transformer,Specificity,0.13665345816596522,0.12963930995507972,0.14306959446978745,0.1367 (0.1296 - 0.1431)
Nationwide Cohort,Hypertension (hyp),65916,2075,HIR-M3 Transformer,Brier_Score,0.25479006594697295,0.25410816180057416,0.255688180616439,0.2548 (0.2541 - 0.2557)
Nationwide Cohort,Diabetes + Heart Failure (d+hf),14596,2075,Random Forest,ROC_AUC,0.5885118363241253,0.5672075729514092,0.6084988192400345,0.5885 (0.5672 - 0.6085)
Nationwide Cohort,Diabetes + Heart Failure (d+hf),14596,2075,Random Forest,PR_AUC,0.5008753917852592,0.47364053432071185,0.5282924540747576,0.5009 (0.4736 - 0.5283)
Nationwide Cohort,Diabetes + Heart Failure (d+hf),14596,2075,Random Forest,F1_Score,0.5945834891797344,0.5774989767056219,0.6119961233287761,0.5946 (0.5775 - 0.6120)
Nationwide Cohort,Diabetes + Heart Failure (d+hf),14596,2075,Random Forest,Accuracy,0.44798458904109595,0.4324914383561644,0.4636986301369863,0.4480 (0.4325 - 0.4637)
Nationwide Cohort,Diabetes + Heart Failure (d+hf),14596,2075,Random Forest,Precision,0.4290619104377494,0.41189231998104725,0.44618525108854584,0.4291 (0.4119 - 0.4462)
Nationwide Cohort,Diabetes + Heart Failure (d+hf),14596,2075,Random Forest,Recall_Sensitivity,0.9682934708961768,0.957951651423167,0.9773918321575501,0.9683 (0.9580 - 0.9774)
Nationwide Cohort,Diabetes + Heart Failure (d+hf),14596,2075,Random Forest,Specificity,0.07405163877935603,0.06286088420917284,0.08662095041920996,0.0741 (0.0629 - 0.0866)
Nationwide Cohort,Diabetes + Heart Failure (d+hf),14596,2075,Random Forest,Brier_Score,0.23914414943119752,0.2350972461226746,0.24337015837861092,0.2391 (0.2351 - 0.2434)
Nationwide Cohort,Diabetes + Heart Failure (d+hf),14596,2075,LightGBM,ROC_AUC,0.6039792414163349,0.5806554150655815,0.6220765744468613,0.6040 (0.5807 - 0.6221)
Nationwide Cohort,Diabetes + Heart Failure (d+hf),14596,2075,LightGBM,PR_AUC,0.5202423592235881,0.49053051903932515,0.5433617525808665,0.5202 (0.4905 - 0.5434)
Nationwide Cohort,Diabetes + Heart Failure (d+hf),14596,2075,LightGBM,F1_Score,0.5966384085364409,0.5800035030457972,0.6134108572586061,0.5966 (0.5800 - 0.6134)
Nationwide Cohort,Diabetes + Heart Failure (d+hf),14596,2075,LightGBM,Accuracy,0.4722739726027397,0.45476027397260277,0.48940068493150685,0.4723 (0.4548 - 0.4894)
Nationwide Cohort,Diabetes + Heart Failure (d+hf),14596,2075,LightGBM,Precision,0.43846284202516456,0.4212708614201976,0.45537705783518817,0.4385 (0.4213 - 0.4554)
Nationwide Cohort,Diabetes + Heart Failure (d+hf),14596,2075,LightGBM,Recall_Sensitivity,0.9336241412617542,0.916932216062193,0.9466279345989127,0.9336 (0.9169 - 0.9466)
Nationwide Cohort,Diabetes + Heart Failure (d+hf),14596,2075,LightGBM,Specificity,0.1407355557124124,0.12425082636767026,0.15820788177826303,0.1407 (0.1243 - 0.1582)
Nationwide Cohort,Diabetes + Heart Failure (d+hf),14596,2075,LightGBM,Brier_Score,0.2527988329355157,0.24579533929582542,0.26119165309871806,0.2528 (0.2458 - 0.2612)
Nationwide Cohort,Diabetes + Heart Failure (d+hf),14596,2075,Logistic Regression,ROC_AUC,0.588902954806898,0.5681696955039485,0.6098105305100487,0.5889 (0.5682 - 0.6098)
Nationwide Cohort,Diabetes + Heart Failure (d+hf),14596,2075,Logistic Regression,PR_AUC,0.5003668739479237,0.4741903850279716,0.5267423866446653,0.5004 (0.4742 - 0.5267)
Nationwide Cohort,Diabetes + Heart Failure (d+hf),14596,2075,Logistic Regression,F1_Score,0.5890626954053083,0.570463187926886,0.6065019912191957,0.5891 (0.5705 - 0.6065)
Nationwide Cohort,Diabetes + Heart Failure (d+hf),14596,2075,Logistic Regression,Accuracy,0.41813527397260275,0.4002739726027397,0.43596746575342465,0.4181 (0.4003 - 0.4360)
Nationwide Cohort,Diabetes + Heart Failure (d+hf),14596,2075,Logistic Regression,Precision,0.4179739439935617,0.40001035894084797,0.43539221876062495,0.4180 (0.4000 - 0.4354)
Nationwide Cohort,Diabetes + Heart Failure (d+hf),14596,2075,Logistic Regression,Recall_Sensitivity,0.9975761833613547,0.9944484085000287,1.0,0.9976 (0.9944 - 1.0000)
Nationwide Cohort,Diabetes + Heart Failure (d+hf),14596,2075,Logistic Regression,Specificity,0.001727118853084334,0.0,0.00412025282630182,0.0017 (0.0000 - 0.0041)
Nationwide Cohort,Diabetes + Heart Failure (d+hf),14596,2075,Logistic Regression,Brier_Score,0.2813866258506989,0.2702810344721481,0.29170840782256396,0.2814 (0.2703 - 0.2917)
Nationwide Cohort,Diabetes + Heart Failure (d+hf),14596,2075,Gradient Boosting,ROC_AUC,0.6271418881546781,0.6073786308585958,0.6451930114353804,0.6271 (0.6074 - 0.6452)
Nationwide Cohort,Diabetes + Heart Failure (d+hf),14596,2075,Gradient Boosting,PR_AUC,0.5464649918410657,0.5181945315810298,0.5719480315492712,0.5465 (0.5182 - 0.5719)
Nationwide Cohort,Diabetes + Heart Failure (d+hf),14596,2075,Gradient Boosting,F1_Score,0.589207103797044,0.5714940684016818,0.6072682544802861,0.5892 (0.5715 - 0.6073)
Nationwide Cohort,Diabetes + Heart Failure (d+hf),14596,2075,Gradient Boosting,Accuracy,0.5220667808219178,0.5058219178082192,0.5387071917808219,0.5221 (0.5058 - 0.5387)
Nationwide Cohort,Diabetes + Heart Failure (d+hf),14596,2075,Gradient Boosting,Precision,0.45990361540508523,0.4397241759305419,0.4788529721052544,0.4599 (0.4397 - 0.4789)
Nationwide Cohort,Diabetes + Heart Failure (d+hf),14596,2075,Gradient Boosting,Recall_Sensitivity,0.8199015299075225,0.8037599862171061,0.8375182984115886,0.8199 (0.8038 - 0.8375)
Nationwide Cohort,Diabetes + Heart Failure (d+hf),14596,2075,Gradient Boosting,Specificity,0.3080207577251022,0.28545680668082263,0.33121362048894065,0.3080 (0.2855 - 0.3312)
Nationwide Cohort,Diabetes + Heart Failure (d+hf),14596,2075,Gradient Boosting,Brier_Score,0.23579490628173183,0.2319818770415958,0.2401127179140864,0.2358 (0.2320 - 0.2401)
Nationwide Cohort,Diabetes + Heart Failure (d+hf),14596,2075,CatBoost,ROC_AUC,0.6174474762540373,0.6000777177134071,0.6372702112746036,0.6174 (0.6001 - 0.6373)
Nationwide Cohort,Diabetes + Heart Failure (d+hf),14596,2075,CatBoost,PR_AUC,0.5329631911836711,0.5050248095374619,0.5614133864070395,0.5330 (0.5050 - 0.5614)
Nationwide Cohort,Diabetes + Heart Failure (d+hf),14596,2075,CatBoost,F1_Score,0.5935581698552174,0.5740485533270944,0.6115471879327301,0.5936 (0.5740 - 0.6115)
Nationwide Cohort,Diabetes + Heart Failure (d+hf),14596,2075,CatBoost,Accuracy,0.49679109589041104,0.4794434931506849,0.5147602739726027,0.4968 (0.4794 - 0.5148)
Nationwide Cohort,Diabetes + Heart Failure (d+hf),14596,2075,CatBoost,Precision,0.44814566742692646,0.4272643191393839,0.46878303860454884,0.4481 (0.4273 - 0.4688)
Nationwide Cohort,Diabetes + Heart Failure (d+hf),14596,2075,CatBoost,Recall_Sensitivity,0.8789397031313863,0.8623413482108383,0.8962233332638209,0.8789 (0.8623 - 0.8962)
Nationwide Cohort,Diabetes + Heart Failure (d+hf),14596,2075,CatBoost,Specificity,0.22217355870348918,0.20389243820695435,0.24146977990253815,0.2222 (0.2039 - 0.2415)
Nationwide Cohort,Diabetes + Heart Failure (d+hf),14596,2075,CatBoost,Brier_Score,0.23829992230152186,0.234069612477783,0.24302496553037317,0.2383 (0.2341 - 0.2430)
Nationwide Cohort,Diabetes + Heart Failure (d+hf),14596,2075,XGBoost,ROC_AUC,0.6134427563120669,0.593618405222371,0.6322464413361522,0.6134 (0.5936 - 0.6322)
Nationwide Cohort,Diabetes + Heart Failure (d+hf),14596,2075,XGBoost,PR_AUC,0.5225777141846427,0.4925268933514465,0.549189911978155,0.5226 (0.4925 - 0.5492)
Nationwide Cohort,Diabetes + Heart Failure (d+hf),14596,2075,XGBoost,F1_Score,0.5941441645811057,0.5758965036828638,0.6115312560927606,0.5941 (0.5759 - 0.6115)
Nationwide Cohort,Diabetes + Heart Failure (d+hf),14596,2075,XGBoost,Accuracy,0.5137191780821918,0.49690924657534247,0.5287842465753425,0.5137 (0.4969 - 0.5288)
Nationwide Cohort,Diabetes + Heart Failure (d+hf),14596,2075,XGBoost,Precision,0.456329682964568,0.43726140607586017,0.47352588792628647,0.4563 (0.4373 - 0.4735)
Nationwide Cohort,Diabetes + Heart Failure (d+hf),14596,2075,XGBoost,Recall_Sensitivity,0.851462959979832,0.8334614212833135,0.8695723802019912,0.8515 (0.8335 - 0.8696)
Nationwide Cohort,Diabetes + Heart Failure (d+hf),14596,2075,XGBoost,Specificity,0.2709877688372512,0.25025469041882126,0.29086433971485914,0.2710 (0.2503 - 0.2909)
Nationwide Cohort,Diabetes + Heart Failure (d+hf),14596,2075,XGBoost,Brier_Score,0.24263383059495056,0.23724659011558455,0.2482057134839887,0.2426 (0.2372 - 0.2482)
Nationwide Cohort,Diabetes + Heart Failure (d+hf),14596,2075,Standard MLP,ROC_AUC,0.5983176721499288,0.5787991047624022,0.6169816467347199,0.5983 (0.5788 - 0.6170)
Nationwide Cohort,Diabetes + Heart Failure (d+hf),14596,2075,Standard MLP,PR_AUC,0.5059792710127065,0.4773892289104667,0.5347498745221116,0.5060 (0.4774 - 0.5347)
Nationwide Cohort,Diabetes + Heart Failure (d+hf),14596,2075,Standard MLP,F1_Score,0.590886343018471,0.572383706112987,0.6088283472149091,0.5909 (0.5724 - 0.6088)
Nationwide Cohort,Diabetes + Heart Failure (d+hf),14596,2075,Standard MLP,Accuracy,0.4489828767123288,0.43012842465753426,0.4661130136986301,0.4490 (0.4301 - 0.4661)
Nationwide Cohort,Diabetes + Heart Failure (d+hf),14596,2075,Standard MLP,Precision,0.42847956223853023,0.40994424865340373,0.44637625729724534,0.4285 (0.4099 - 0.4464)
Nationwide Cohort,Diabetes + Heart Failure (d+hf),14596,2075,Standard MLP,Recall_Sensitivity,0.9518423102430507,0.9415525383707202,0.9636556529909177,0.9518 (0.9416 - 0.9637)
Nationwide Cohort,Diabetes + Heart Failure (d+hf),14596,2075,Standard MLP,Specificity,0.08760669495718033,0.07396632163084392,0.10249537602949192,0.0876 (0.0740 - 0.1025)
Nationwide Cohort,Diabetes + Heart Failure (d+hf),14596,2075,Standard MLP,Brier_Score,0.2400691376834388,0.23648453143543005,0.24410109392168017,0.2401 (0.2365 - 0.2441)
Nationwide Cohort,Diabetes + Heart Failure (d+hf),14596,2075,Standard Transformer,ROC_AUC,0.5432406179460856,0.5188062202619158,0.5641490383492299,0.5432 (0.5188 - 0.5641)
Nationwide Cohort,Diabetes + Heart Failure (d+hf),14596,2075,Standard Transformer,PR_AUC,0.47546195132489616,0.44338251916583804,0.5020255180133374,0.4755 (0.4434 - 0.5020)
Nationwide Cohort,Diabetes + Heart Failure (d+hf),14596,2075,Standard Transformer,F1_Score,0.5896536741060462,0.5720746954541427,0.606546129383029,0.5897 (0.5721 - 0.6065)
Nationwide Cohort,Diabetes + Heart Failure (d+hf),14596,2075,Standard Transformer,Accuracy,0.41814383561643836,0.4006335616438356,0.4352825342465753,0.4181 (0.4006 - 0.4353)
Nationwide Cohort,Diabetes + Heart Failure (d+hf),14596,2075,Standard Transformer,Precision,0.41814383561643836,0.4006335616438356,0.4352825342465753,0.4181 (0.4006 - 0.4353)
Nationwide Cohort,Diabetes + Heart Failure (d+hf),14596,2075,Standard Transformer,Recall_Sensitivity,1.0,1.0,1.0,1.0000 (1.0000 - 1.0000)
Nationwide Cohort,Diabetes + Heart Failure (d+hf),14596,2075,Standard Transformer,Specificity,0.0,0.0,0.0,0.0000 (0.0000 - 0.0000)
Nationwide Cohort,Diabetes + Heart Failure (d+hf),14596,2075,Standard Transformer,Brier_Score,0.24953829990886164,0.2494287760452397,0.2496620396832947,0.2495 (0.2494 - 0.2497)
Nationwide Cohort,Diabetes + Heart Failure (d+hf),14596,2075,SAINT Transformer,ROC_AUC,0.5782415449534685,0.5542782226026933,0.5969700928131844,0.5782 (0.5543 - 0.5970)
Nationwide Cohort,Diabetes + Heart Failure (d+hf),14596,2075,SAINT Transformer,PR_AUC,0.4985105514577443,0.46835330053225405,0.5239153208809298,0.4985 (0.4684 - 0.5239)
Nationwide Cohort,Diabetes + Heart Failure (d+hf),14596,2075,SAINT Transformer,F1_Score,0.5896536741060462,0.5720746954541427,0.606546129383029,0.5897 (0.5721 - 0.6065)
Nationwide Cohort,Diabetes + Heart Failure (d+hf),14596,2075,SAINT Transformer,Accuracy,0.41814383561643836,0.4006335616438356,0.4352825342465753,0.4181 (0.4006 - 0.4353)
Nationwide Cohort,Diabetes + Heart Failure (d+hf),14596,2075,SAINT Transformer,Precision,0.41814383561643836,0.4006335616438356,0.4352825342465753,0.4181 (0.4006 - 0.4353)
Nationwide Cohort,Diabetes + Heart Failure (d+hf),14596,2075,SAINT Transformer,Recall_Sensitivity,1.0,1.0,1.0,1.0000 (1.0000 - 1.0000)
Nationwide Cohort,Diabetes + Heart Failure (d+hf),14596,2075,SAINT Transformer,Specificity,0.0,0.0,0.0,0.0000 (0.0000 - 0.0000)
Nationwide Cohort,Diabetes + Heart Failure (d+hf),14596,2075,SAINT Transformer,Brier_Score,0.2501922175711572,0.2497548718660664,0.2507024378361485,0.2502 (0.2498 - 0.2507)
Nationwide Cohort,Diabetes + Heart Failure (d+hf),14596,2075,HIR-M3 Transformer,ROC_AUC,0.573252589851349,0.544162032666305,0.5934517229296852,0.5733 (0.5442 - 0.5935)
Nationwide Cohort,Diabetes + Heart Failure (d+hf),14596,2075,HIR-M3 Transformer,PR_AUC,0.48626991187797486,0.4577399155886494,0.5130840738494036,0.4863 (0.4577 - 0.5131)
Nationwide Cohort,Diabetes + Heart Failure (d+hf),14596,2075,HIR-M3 Transformer,F1_Score,0.588191944439415,0.570810639058131,0.6051582376130189,0.5882 (0.5708 - 0.6052)
Nationwide Cohort,Diabetes + Heart Failure (d+hf),14596,2075,HIR-M3 Transformer,Accuracy,0.42364041095890415,0.40684075342465753,0.44008561643835614,0.4236 (0.4068 - 0.4401)
Nationwide Cohort,Diabetes + Heart Failure (d+hf),14596,2075,HIR-M3 Transformer,Precision,0.4194086667872334,0.4018963529492141,0.436694014135239,0.4194 (0.4019 - 0.4367)
Nationwide Cohort,Diabetes + Heart Failure (d+hf),14596,2075,HIR-M3 Transformer,Recall_Sensitivity,0.9845973098534101,0.9761010042236546,0.9911550184850796,0.9846 (0.9761 - 0.9912)
Nationwide Cohort,Diabetes + Heart Failure (d+hf),14596,2075,HIR-M3 Transformer,Specificity,0.020506667240319257,0.013861903244131639,0.027946683103611748,0.0205 (0.0139 - 0.0279)
Nationwide Cohort,Diabetes + Heart Failure (d+hf),14596,2075,HIR-M3 Transformer,Brier_Score,0.24756922437643678,0.24710809658961855,0.2480658447465663,0.2476 (0.2471 - 0.2481)
Nationwide Cohort,Diabetes + Hypertension (d+hyp),30493,2075,Random Forest,ROC_AUC,0.6193634925363591,0.6038343276592982,0.6324680850776868,0.6194 (0.6038 - 0.6325)
Nationwide Cohort,Diabetes + Hypertension (d+hyp),30493,2075,Random Forest,PR_AUC,0.41605687557217425,0.39522941999424976,0.43542389198378323,0.4161 (0.3952 - 0.4354)
Nationwide Cohort,Diabetes + Hypertension (d+hyp),30493,2075,Random Forest,F1_Score,0.4995875537533763,0.48478032857123976,0.513648366147183,0.4996 (0.4848 - 0.5136)
Nationwide Cohort,Diabetes + Hypertension (d+hyp),30493,2075,Random Forest,Accuracy,0.4829340875553369,0.4702287260206591,0.49483521888834237,0.4829 (0.4702 - 0.4948)
Nationwide Cohort,Diabetes + Hypertension (d+hyp),30493,2075,Random Forest,Precision,0.3601907315532015,0.34586613246565684,0.37389081954650544,0.3602 (0.3459 - 0.3739)
Nationwide Cohort,Diabetes + Hypertension (d+hyp),30493,2075,Random Forest,Recall_Sensitivity,0.8152479874826555,0.7972034531314164,0.8328333333333333,0.8152 (0.7972 - 0.8328)
Nationwide Cohort,Diabetes + Hypertension (d+hyp),30493,2075,Random Forest,Specificity,0.32895225730126415,0.3135187970184755,0.34368143078264524,0.3290 (0.3135 - 0.3437)
Nationwide Cohort,Diabetes + Hypertension (d+hyp),30493,2075,Random Forest,Brier_Score,0.2118761323209485,0.20844827390578052,0.2156522698471216,0.2119 (0.2084 - 0.2157)
Nationwide Cohort,Diabetes + Hypertension (d+hyp),30493,2075,LightGBM,ROC_AUC,0.6505876358288581,0.6370281372252281,0.6657757760022678,0.6506 (0.6370 - 0.6658)
Nationwide Cohort,Diabetes + Hypertension (d+hyp),30493,2075,LightGBM,PR_AUC,0.4618716729168292,0.44063873071859216,0.4829456097103659,0.4619 (0.4406 - 0.4829)
Nationwide Cohort,Diabetes + Hypertension (d+hyp),30493,2075,LightGBM,F1_Score,0.5029410086195769,0.48677325120637344,0.5165242556130167,0.5029 (0.4868 - 0.5165)
Nationwide Cohort,Diabetes + Hypertension (d+hyp),30493,2075,LightGBM,Accuracy,0.46238235776356773,0.44906951959337593,0.4720814887686506,0.4624 (0.4491 - 0.4721)
Nationwide Cohort,Diabetes + Hypertension (d+hyp),30493,2075,LightGBM,Precision,0.3555831061154569,0.3413984365382559,0.36737668886513,0.3556 (0.3414 - 0.3674)
Nationwide Cohort,Diabetes + Hypertension (d+hyp),30493,2075,LightGBM,Recall_Sensitivity,0.8590934130774298,0.8450103933418939,0.8734286657223244,0.8591 (0.8450 - 0.8734)
Nationwide Cohort,Diabetes + Hypertension (d+hyp),30493,2075,LightGBM,Specificity,0.27854356363076344,0.2641964501328182,0.28963230383963817,0.2785 (0.2642 - 0.2896)
Nationwide Cohort,Diabetes + Hypertension (d+hyp),30493,2075,LightGBM,Brier_Score,0.2167813479580728,0.21154159708766504,0.22165554066132856,0.2168 (0.2115 - 0.2217)
Nationwide Cohort,Diabetes + Hypertension (d+hyp),30493,2075,Gradient Boosting,ROC_AUC,0.6599498042340017,0.6422348905168669,0.6738044007302402,0.6599 (0.6422 - 0.6738)
Nationwide Cohort,Diabetes + Hypertension (d+hyp),30493,2075,Gradient Boosting,PR_AUC,0.4748422647381747,0.4511509435435356,0.5004779891369746,0.4748 (0.4512 - 0.5005)
Nationwide Cohort,Diabetes + Hypertension (d+hyp),30493,2075,Gradient Boosting,F1_Score,0.5136284234105255,0.4994966557912485,0.5273940363020977,0.5136 (0.4995 - 0.5274)
Nationwide Cohort,Diabetes + Hypertension (d+hyp),30493,2075,Gradient Boosting,Accuracy,0.5075815707493032,0.49433923594031803,0.5181218232497131,0.5076 (0.4943 - 0.5181)
Nationwide Cohort,Diabetes + Hypertension (d+hyp),30493,2075,Gradient Boosting,Precision,0.3737091313206212,0.3609700203738083,0.38652038685235346,0.3737 (0.3610 - 0.3865)
Nationwide Cohort,Diabetes + Hypertension (d+hyp),30493,2075,Gradient Boosting,Recall_Sensitivity,0.8212551953742758,0.8018232414916672,0.8381412572254335,0.8213 (0.8018 - 0.8381)
Nationwide Cohort,Diabetes + Hypertension (d+hyp),30493,2075,Gradient Boosting,Specificity,0.36222581049864366,0.3471736896256761,0.3771373976726369,0.3622 (0.3472 - 0.3771)
Nationwide Cohort,Diabetes + Hypertension (d+hyp),30493,2075,Gradient Boosting,Brier_Score,0.2271195214918057,0.22436178821893432,0.22996575790652443,0.2271 (0.2244 - 0.2300)
Nationwide Cohort,Diabetes + Hypertension (d+hyp),30493,2075,CatBoost,ROC_AUC,0.6710660537660017,0.6552395729422257,0.6841587324861228,0.6711 (0.6552 - 0.6842)
Nationwide Cohort,Diabetes + Hypertension (d+hyp),30493,2075,CatBoost,PR_AUC,0.4909267727522083,0.4690586249605077,0.5117172795591903,0.4909 (0.4691 - 0.5117)
Nationwide Cohort,Diabetes + Hypertension (d+hyp),30493,2075,CatBoost,F1_Score,0.5208693281053028,0.506123259703481,0.5357410351792508,0.5209 (0.5061 - 0.5357)
Nationwide Cohort,Diabetes + Hypertension (d+hyp),30493,2075,CatBoost,Accuracy,0.553459583538285,0.5411993769470405,0.5656910969011314,0.5535 (0.5412 - 0.5657)
Nationwide Cohort,Diabetes + Hypertension (d+hyp),30493,2075,CatBoost,Precision,0.39447716326004056,0.38026086677948345,0.4095763196635121,0.3945 (0.3803 - 0.4096)
Nationwide Cohort,Diabetes + Hypertension (d+hyp),30493,2075,CatBoost,Recall_Sensitivity,0.7666505290549788,0.7493437191861914,0.7827277605173201,0.7667 (0.7493 - 0.7827)
Nationwide Cohort,Diabetes + Hypertension (d+hyp),30493,2075,CatBoost,Specificity,0.4546635404507012,0.4371153274797405,0.46972527833786276,0.4547 (0.4371 - 0.4697)
Nationwide Cohort,Diabetes + Hypertension (d+hyp),30493,2075,CatBoost,Brier_Score,0.2218292228306883,0.21843265186066022,0.22526294706510994,0.2218 (0.2184 - 0.2253)
Nationwide Cohort,Diabetes + Hypertension (d+hyp),30493,2075,XGBoost,ROC_AUC,0.6550628439376956,0.6393806248693243,0.6681312928473664,0.6551 (0.6394 - 0.6681)
Nationwide Cohort,Diabetes + Hypertension (d+hyp),30493,2075,XGBoost,PR_AUC,0.4697539889730886,0.4484950258959336,0.4943908980787095,0.4698 (0.4485 - 0.4944)
Nationwide Cohort,Diabetes + Hypertension (d+hyp),30493,2075,XGBoost,F1_Score,0.5078189155591527,0.49448864113546653,0.5251307417961741,0.5078 (0.4945 - 0.5251)
Nationwide Cohort,Diabetes + Hypertension (d+hyp),30493,2075,XGBoost,Accuracy,0.5218240695195934,0.509231021478931,0.5350262338088211,0.5218 (0.5092 - 0.5350)
Nationwide Cohort,Diabetes + Hypertension (d+hyp),30493,2075,XGBoost,Precision,0.3766988175039991,0.36297654673163304,0.39191509096367927,0.3767 (0.3630 - 0.3919)
Nationwide Cohort,Diabetes + Hypertension (d+hyp),30493,2075,XGBoost,Recall_Sensitivity,0.7791739350632878,0.7600852731964771,0.7975382492798878,0.7792 (0.7601 - 0.7975)
Nationwide Cohort,Diabetes + Hypertension (d+hyp),30493,2075,XGBoost,Specificity,0.4025687833052083,0.3859900809877687,0.41758091336226916,0.4026 (0.3860 - 0.4176)
Nationwide Cohort,Diabetes + Hypertension (d+hyp),30493,2075,XGBoost,Brier_Score,0.22107871765627485,0.21724899552729032,0.22569465502604175,0.2211 (0.2172 - 0.2257)
Nationwide Cohort,Diabetes + Hypertension (d+hyp),30493,2075,Logistic Regression,ROC_AUC,0.6370757390535288,0.6210301252743491,0.6523147918083684,0.6371 (0.6210 - 0.6523)
Nationwide Cohort,Diabetes + Hypertension (d+hyp),30493,2075,Logistic Regression,PR_AUC,0.43561889589521163,0.4153195881548835,0.4581012344384354,0.4356 (0.4153 - 0.4581)
Nationwide Cohort,Diabetes + Hypertension (d+hyp),30493,2075,Logistic Regression,F1_Score,0.5015796423321435,0.4845478862368275,0.517347621659016,0.5016 (0.4845 - 0.5173)
Nationwide Cohort,Diabetes + Hypertension (d+hyp),30493,2075,Logistic Regression,Accuracy,0.5463780947696344,0.5335054927037219,0.5594523692408592,0.5464 (0.5335 - 0.5595)
Nationwide Cohort,Diabetes + Hypertension (d+hyp),30493,2075,Logistic Regression,Precision,0.3846214004380555,0.36805252648299586,0.4003953794169182,0.3846 (0.3681 - 0.4004)
Nationwide Cohort,Diabetes + Hypertension (d+hyp),30493,2075,Logistic Regression,Recall_Sensitivity,0.7209376706800603,0.7019387210453885,0.7401863525447363,0.7209 (0.7019 - 0.7402)
Nationwide Cohort,Diabetes + Hypertension (d+hyp),30493,2075,Logistic Regression,Specificity,0.4654791220377912,0.44792934903316367,0.4807409826703859,0.4655 (0.4479 - 0.4807)
Nationwide Cohort,Diabetes + Hypertension (d+hyp),30493,2075,Logistic Regression,Brier_Score,0.245516505697951,0.23939969990367801,0.2512448179850774,0.2455 (0.2394 - 0.2512)
Nationwide Cohort,Diabetes + Hypertension (d+hyp),30493,2075,Standard MLP,ROC_AUC,0.6276700774662947,0.6104148486021789,0.6441188187816579,0.6277 (0.6104 - 0.6441)
Nationwide Cohort,Diabetes + Hypertension (d+hyp),30493,2075,Standard MLP,PR_AUC,0.43130403435873516,0.408661081659239,0.45273293083287974,0.4313 (0.4087 - 0.4527)
Nationwide Cohort,Diabetes + Hypertension (d+hyp),30493,2075,Standard MLP,F1_Score,0.49506134421391657,0.47842845765515407,0.5113679984290118,0.4951 (0.4784 - 0.5114)
Nationwide Cohort,Diabetes + Hypertension (d+hyp),30493,2075,Standard MLP,Accuracy,0.542883259550746,0.5312100344318741,0.5570134448270209,0.5429 (0.5312 - 0.5570)
Nationwide Cohort,Diabetes + Hypertension (d+hyp),30493,2075,Standard MLP,Precision,0.3807112917804441,0.36395447818279847,0.3976057207552025,0.3807 (0.3640 - 0.3976)
Nationwide Cohort,Diabetes + Hypertension (d+hyp),30493,2075,Standard MLP,Recall_Sensitivity,0.7077974315868971,0.6856530207821683,0.7268398441490296,0.7078 (0.6857 - 0.7268)
Nationwide Cohort,Diabetes + Hypertension (d+hyp),30493,2075,Standard MLP,Specificity,0.4664644715304,0.4518592185653119,0.4836086862669766,0.4665 (0.4519 - 0.4836)
Nationwide Cohort,Diabetes + Hypertension (d+hyp),30493,2075,Standard MLP,Brier_Score,0.2437415210937032,0.23856781797902277,0.24913172229950728,0.2437 (0.2386 - 0.2491)
Nationwide Cohort,Diabetes + Hypertension (d+hyp),30493,2075,Standard Transformer,ROC_AUC,0.5384230578485184,0.5220087187269049,0.5558204398082477,0.5384 (0.5220 - 0.5558)
Nationwide Cohort,Diabetes + Hypertension (d+hyp),30493,2075,Standard Transformer,PR_AUC,0.34322740463495127,0.3230098647385543,0.362118250538684,0.3432 (0.3230 - 0.3621)
Nationwide Cohort,Diabetes + Hypertension (d+hyp),30493,2075,Standard Transformer,F1_Score,0.48096623158377816,0.46776117334731454,0.4935161170804002,0.4810 (0.4678 - 0.4935)
Nationwide Cohort,Diabetes + Hypertension (d+hyp),30493,2075,Standard Transformer,Accuracy,0.31665682898835873,0.30527955402525003,0.32759468765371375,0.3167 (0.3053 - 0.3276)
Nationwide Cohort,Diabetes + Hypertension (d+hyp),30493,2075,Standard Transformer,Precision,0.31665682898835873,0.30527955402525003,0.32759468765371375,0.3167 (0.3053 - 0.3276)
Nationwide Cohort,Diabetes + Hypertension (d+hyp),30493,2075,Standard Transformer,Recall_Sensitivity,1.0,1.0,1.0,1.0000 (1.0000 - 1.0000)
Nationwide Cohort,Diabetes + Hypertension (d+hyp),30493,2075,Standard Transformer,Specificity,0.0,0.0,0.0,0.0000 (0.0000 - 0.0000)
Nationwide Cohort,Diabetes + Hypertension (d+hyp),30493,2075,Standard Transformer,Brier_Score,0.2522731515014955,0.25210102090697045,0.25243348084810496,0.2523 (0.2521 - 0.2524)
Nationwide Cohort,Diabetes + Hypertension (d+hyp),30493,2075,SAINT Transformer,ROC_AUC,0.5571065207648147,0.5386802070215823,0.5733950925261483,0.5571 (0.5387 - 0.5734)
Nationwide Cohort,Diabetes + Hypertension (d+hyp),30493,2075,SAINT Transformer,PR_AUC,0.3581140132845026,0.3361552409632648,0.379104561395956,0.3581 (0.3362 - 0.3791)
Nationwide Cohort,Diabetes + Hypertension (d+hyp),30493,2075,SAINT Transformer,F1_Score,0.48096623158377816,0.46776117334731454,0.4935161170804002,0.4810 (0.4678 - 0.4935)
Nationwide Cohort,Diabetes + Hypertension (d+hyp),30493,2075,SAINT Transformer,Accuracy,0.31665682898835873,0.30527955402525003,0.32759468765371375,0.3167 (0.3053 - 0.3276)
Nationwide Cohort,Diabetes + Hypertension (d+hyp),30493,2075,SAINT Transformer,Precision,0.31665682898835873,0.30527955402525003,0.32759468765371375,0.3167 (0.3053 - 0.3276)
Nationwide Cohort,Diabetes + Hypertension (d+hyp),30493,2075,SAINT Transformer,Recall_Sensitivity,1.0,1.0,1.0,1.0000 (1.0000 - 1.0000)
Nationwide Cohort,Diabetes + Hypertension (d+hyp),30493,2075,SAINT Transformer,Specificity,0.0,0.0,0.0,0.0000 (0.0000 - 0.0000)
Nationwide Cohort,Diabetes + Hypertension (d+hyp),30493,2075,SAINT Transformer,Brier_Score,0.26216069052841645,0.2606338038660541,0.26388570602798467,0.2622 (0.2606 - 0.2639)
Nationwide Cohort,Diabetes + Hypertension (d+hyp),30493,2075,HIR-M3 Transformer,ROC_AUC,0.5421796057080895,0.5279834200646804,0.5559580795833043,0.5422 (0.5280 - 0.5560)
Nationwide Cohort,Diabetes + Hypertension (d+hyp),30493,2075,HIR-M3 Transformer,PR_AUC,0.34902428093598103,0.33145511474602796,0.3640155456806977,0.3490 (0.3315 - 0.3640)
Nationwide Cohort,Diabetes + Hypertension (d+hyp),30493,2075,HIR-M3 Transformer,F1_Score,0.015453569076794484,0.007933981623991419,0.02337729330403,0.0155 (0.0079 - 0.0234)
Nationwide Cohort,Diabetes + Hypertension (d+hyp),30493,2075,HIR-M3 Transformer,Accuracy,0.6813182488932611,0.6701016560091818,0.69308083292343,0.6813 (0.6701 - 0.6931)
Nationwide Cohort,Diabetes + Hypertension (d+hyp),30493,2075,HIR-M3 Transformer,Precision,0.35547696812372237,0.20586349924585218,0.48962765957446813,0.3555 (0.2059 - 0.4896)
Nationwide Cohort,Diabetes + Hypertension (d+hyp),30493,2075,HIR-M3 Transformer,Recall_Sensitivity,0.007902937028240685,0.004045222000080305,0.011974812315372892,0.0079 (0.0040 - 0.0120)
Nationwide Cohort,Diabetes + Hypertension (d+hyp),30493,2075,HIR-M3 Transformer,Specificity,0.9933721656844463,0.9908076001901418,0.9959159136281416,0.9934 (0.9908 - 0.9959)
Nationwide Cohort,Diabetes + Hypertension (d+hyp),30493,2075,HIR-M3 Transformer,Brier_Score,0.24859243852776136,0.24845693286919435,0.2487264172839603,0.2486 (0.2485 - 0.2487)
Nationwide Cohort,Heart Failure + Hypertension (hf+hyp),41550,2075,Random Forest,ROC_AUC,0.6324959326380096,0.6211934880004053,0.6439311651564765,0.6325 (0.6212 - 0.6439)
Nationwide Cohort,Heart Failure + Hypertension (hf+hyp),41550,2075,Random Forest,PR_AUC,0.4800602499659462,0.4618203519335342,0.49817294166286114,0.4801 (0.4618 - 0.4982)
Nationwide Cohort,Heart Failure + Hypertension (hf+hyp),41550,2075,Random Forest,F1_Score,0.525249185509731,0.5126292627393269,0.5385204183032365,0.5252 (0.5126 - 0.5385)
Nationwide Cohort,Heart Failure + Hypertension (hf+hyp),41550,2075,Random Forest,Accuracy,0.542716606498195,0.5332099879663057,0.553083634175692,0.5427 (0.5332 - 0.5531)
Nationwide Cohort,Heart Failure + Hypertension (hf+hyp),41550,2075,Random Forest,Precision,0.41211498017584325,0.3993196111472947,0.42530705064096735,0.4121 (0.3993 - 0.4253)
Nationwide Cohort,Heart Failure + Hypertension (hf+hyp),41550,2075,Random Forest,Recall_Sensitivity,0.7241396178327963,0.7098236168651016,0.739028056022433,0.7241 (0.7098 - 0.7390)
Nationwide Cohort,Heart Failure + Hypertension (hf+hyp),41550,2075,Random Forest,Specificity,0.4453101360525797,0.4333244296166689,0.4557061025471386,0.4453 (0.4333 - 0.4557)
Nationwide Cohort,Heart Failure + Hypertension (hf+hyp),41550,2075,Random Forest,Brier_Score,0.2189758077595883,0.21626452978538294,0.221891166031314,0.2190 (0.2163 - 0.2219)
Nationwide Cohort,Heart Failure + Hypertension (hf+hyp),41550,2075,LightGBM,ROC_AUC,0.6482261316662752,0.6366001113337881,0.6581661540565026,0.6482 (0.6366 - 0.6582)
Nationwide Cohort,Heart Failure + Hypertension (hf+hyp),41550,2075,LightGBM,PR_AUC,0.49842819939793725,0.47674712848451817,0.5170305336527741,0.4984 (0.4767 - 0.5170)
Nationwide Cohort,Heart Failure + Hypertension (hf+hyp),41550,2075,LightGBM,F1_Score,0.5375008086162666,0.5246104480989874,0.5512282333897897,0.5375 (0.5246 - 0.5512)
Nationwide Cohort,Heart Failure + Hypertension (hf+hyp),41550,2075,LightGBM,Accuracy,0.5195968712394705,0.5086582430806258,0.5291365824308063,0.5196 (0.5087 - 0.5291)
Nationwide Cohort,Heart Failure + Hypertension (hf+hyp),41550,2075,LightGBM,Precision,0.40496590667182636,0.3918158198437913,0.4179437467748304,0.4050 (0.3918 - 0.4179)
Nationwide Cohort,Heart Failure + Hypertension (hf+hyp),41550,2075,LightGBM,Recall_Sensitivity,0.7991127318017593,0.7878249757431315,0.8132030485593834,0.7991 (0.7878 - 0.8132)
Nationwide Cohort,Heart Failure + Hypertension (hf+hyp),41550,2075,LightGBM,Specificity,0.3694941399703599,0.35802760421525415,0.38182914809595886,0.3695 (0.3580 - 0.3818)
Nationwide Cohort,Heart Failure + Hypertension (hf+hyp),41550,2075,LightGBM,Brier_Score,0.22490846732674818,0.22186611764663178,0.2284624027259332,0.2249 (0.2219 - 0.2285)
Nationwide Cohort,Heart Failure + Hypertension (hf+hyp),41550,2075,CatBoost,ROC_AUC,0.660835528606074,0.6499810773228557,0.6716622130256074,0.6608 (0.6500 - 0.6717)
Nationwide Cohort,Heart Failure + Hypertension (hf+hyp),41550,2075,CatBoost,PR_AUC,0.510362534300089,0.49093852312021513,0.52929801350115,0.5104 (0.4909 - 0.5293)
Nationwide Cohort,Heart Failure + Hypertension (hf+hyp),41550,2075,CatBoost,F1_Score,0.5399584718162771,0.528416475998882,0.5528660409419214,0.5400 (0.5284 - 0.5529)
Nationwide Cohort,Heart Failure + Hypertension (hf+hyp),41550,2075,CatBoost,Accuracy,0.5448309265944644,0.5350180505415163,0.5560770156438026,0.5448 (0.5350 - 0.5561)
Nationwide Cohort,Heart Failure + Hypertension (hf+hyp),41550,2075,CatBoost,Precision,0.417363874107903,0.40453148109069803,0.43025517717713896,0.4174 (0.4045 - 0.4303)
Nationwide Cohort,Heart Failure + Hypertension (hf+hyp),41550,2075,CatBoost,Recall_Sensitivity,0.764662029829176,0.7498264606693695,0.7788810585873882,0.7647 (0.7498 - 0.7789)
Nationwide Cohort,Heart Failure + Hypertension (hf+hyp),41550,2075,CatBoost,Specificity,0.4267914290867176,0.413238742766029,0.4399273513580997,0.4268 (0.4132 - 0.4399)
Nationwide Cohort,Heart Failure + Hypertension (hf+hyp),41550,2075,CatBoost,Brier_Score,0.22704718020448056,0.22412091089538244,0.23009632656158333,0.2270 (0.2241 - 0.2301)
Nationwide Cohort,Heart Failure + Hypertension (hf+hyp),41550,2075,XGBoost,ROC_AUC,0.6560625162568328,0.64482768073389,0.6675025855917125,0.6561 (0.6448 - 0.6675)
Nationwide Cohort,Heart Failure + Hypertension (hf+hyp),41550,2075,XGBoost,PR_AUC,0.5022096445330146,0.48285793609542593,0.520082598262097,0.5022 (0.4829 - 0.5201)
Nationwide Cohort,Heart Failure + Hypertension (hf+hyp),41550,2075,XGBoost,F1_Score,0.5382178049576849,0.5254085477063353,0.552369712332564,0.5382 (0.5254 - 0.5524)
Nationwide Cohort,Heart Failure + Hypertension (hf+hyp),41550,2075,XGBoost,Accuracy,0.5612430806257521,0.5498194945848376,0.5723285198555956,0.5612 (0.5498 - 0.5723)
Nationwide Cohort,Heart Failure + Hypertension (hf+hyp),41550,2075,XGBoost,Precision,0.42562184392124647,0.4117701530086907,0.4397281461618112,0.4256 (0.4118 - 0.4397)
Nationwide Cohort,Heart Failure + Hypertension (hf+hyp),41550,2075,XGBoost,Recall_Sensitivity,0.7319468897021271,0.7165214617608885,0.7465958018700115,0.7319 (0.7165 - 0.7466)
Nationwide Cohort,Heart Failure + Hypertension (hf+hyp),41550,2075,XGBoost,Specificity,0.46958189806946427,0.4537881645145732,0.48279060604487484,0.4696 (0.4538 - 0.4828)
Nationwide Cohort,Heart Failure + Hypertension (hf+hyp),41550,2075,XGBoost,Brier_Score,0.22546421106846776,0.22235836357978667,0.22876705758625218,0.2255 (0.2224 - 0.2288)
Nationwide Cohort,Heart Failure + Hypertension (hf+hyp),41550,2075,Gradient Boosting,ROC_AUC,0.6577358502684512,0.6455640097766532,0.6690943849327805,0.6577 (0.6456 - 0.6691)
Nationwide Cohort,Heart Failure + Hypertension (hf+hyp),41550,2075,Gradient Boosting,PR_AUC,0.5112365705723656,0.4914485913926853,0.5304751724222069,0.5112 (0.4914 - 0.5305)
Nationwide Cohort,Heart Failure + Hypertension (hf+hyp),41550,2075,Gradient Boosting,F1_Score,0.5403930861558887,0.5283927033073039,0.5525441866139377,0.5404 (0.5284 - 0.5525)
Nationwide Cohort,Heart Failure + Hypertension (hf+hyp),41550,2075,Gradient Boosting,Accuracy,0.517621540312876,0.5070908543922985,0.5265974729241877,0.5176 (0.5071 - 0.5266)
Nationwide Cohort,Heart Failure + Hypertension (hf+hyp),41550,2075,Gradient Boosting,Precision,0.4050296163432891,0.39248108304143764,0.41667918454935626,0.4050 (0.3925 - 0.4167)
Nationwide Cohort,Heart Failure + Hypertension (hf+hyp),41550,2075,Gradient Boosting,Recall_Sensitivity,0.811795137181722,0.7979006050343963,0.8255104906049475,0.8118 (0.7979 - 0.8255)
Nationwide Cohort,Heart Failure + Hypertension (hf+hyp),41550,2075,Gradient Boosting,Specificity,0.3596596574980935,0.34848444533258804,0.3733192387491164,0.3597 (0.3485 - 0.3733)
Nationwide Cohort,Heart Failure + Hypertension (hf+hyp),41550,2075,Gradient Boosting,Brier_Score,0.22843537217641768,0.2255337705486031,0.23096368731390626,0.2284 (0.2255 - 0.2310)
Nationwide Cohort,Heart Failure + Hypertension (hf+hyp),41550,2075,Logistic Regression,ROC_AUC,0.6328629735780417,0.6194489230329927,0.6443607918905118,0.6329 (0.6194 - 0.6444)
Nationwide Cohort,Heart Failure + Hypertension (hf+hyp),41550,2075,Logistic Regression,PR_AUC,0.47597460561488203,0.45625408558419656,0.495609145716337,0.4760 (0.4563 - 0.4956)
Nationwide Cohort,Heart Failure + Hypertension (hf+hyp),41550,2075,Logistic Regression,F1_Score,0.5263971754945576,0.5148423073091181,0.5383336867696717,0.5264 (0.5148 - 0.5383)
Nationwide Cohort,Heart Failure + Hypertension (hf+hyp),41550,2075,Logistic Regression,Accuracy,0.47270096269554757,0.4629332129963899,0.4817298435619735,0.4727 (0.4629 - 0.4817)
Nationwide Cohort,Heart Failure + Hypertension (hf+hyp),41550,2075,Logistic Regression,Precision,0.38356700414716643,0.3724005095360908,0.39445995010725937,0.3836 (0.3724 - 0.3945)
Nationwide Cohort,Heart Failure + Hypertension (hf+hyp),41550,2075,Logistic Regression,Recall_Sensitivity,0.8388559009844064,0.8255017663993607,0.8525603613939934,0.8389 (0.8255 - 0.8526)
Nationwide Cohort,Heart Failure + Hypertension (hf+hyp),41550,2075,Logistic Regression,Specificity,0.27608565101151056,0.26578694218153814,0.2882665800614878,0.2761 (0.2658 - 0.2883)
Nationwide Cohort,Heart Failure + Hypertension (hf+hyp),41550,2075,Logistic Regression,Brier_Score,0.24250727219517793,0.23837713360337917,0.24708455591783454,0.2425 (0.2384 - 0.2471)
Nationwide Cohort,Heart Failure + Hypertension (hf+hyp),41550,2075,Standard MLP,ROC_AUC,0.6359891867888977,0.6231451171052615,0.6479030970239902,0.6360 (0.6231 - 0.6479)
Nationwide Cohort,Heart Failure + Hypertension (hf+hyp),41550,2075,Standard MLP,PR_AUC,0.473133856317781,0.45198478616343996,0.49307511379462243,0.4731 (0.4520 - 0.4931)
Nationwide Cohort,Heart Failure + Hypertension (hf+hyp),41550,2075,Standard MLP,F1_Score,0.5345796796703775,0.523738677506085,0.547051397026458,0.5346 (0.5237 - 0.5471)
Nationwide Cohort,Heart Failure + Hypertension (hf+hyp),41550,2075,Standard MLP,Accuracy,0.46742599277978336,0.457280385078219,0.4772623345367028,0.4674 (0.4573 - 0.4773)
Nationwide Cohort,Heart Failure + Hypertension (hf+hyp),41550,2075,Standard MLP,Precision,0.38477510618862276,0.37402796252167597,0.3961332632273365,0.3848 (0.3740 - 0.3961)
Nationwide Cohort,Heart Failure + Hypertension (hf+hyp),41550,2075,Standard MLP,Recall_Sensitivity,0.8755457491776597,0.8634630346563881,0.8879070298225611,0.8755 (0.8635 - 0.8879)
Nationwide Cohort,Heart Failure + Hypertension (hf+hyp),41550,2075,Standard MLP,Specificity,0.24827329540372603,0.23757861045807246,0.25919140790308925,0.2483 (0.2376 - 0.2592)
Nationwide Cohort,Heart Failure + Hypertension (hf+hyp),41550,2075,Standard MLP,Brier_Score,0.23616735363164218,0.23318068831159683,0.23895635066144447,0.2362 (0.2332 - 0.2390)
Nationwide Cohort,Heart Failure + Hypertension (hf+hyp),41550,2075,Standard Transformer,ROC_AUC,0.5899382212454268,0.5786232297206642,0.601655419660839,0.5899 (0.5786 - 0.6017)
Nationwide Cohort,Heart Failure + Hypertension (hf+hyp),41550,2075,Standard Transformer,PR_AUC,0.41829681097674815,0.4011488690414871,0.436386987594286,0.4183 (0.4011 - 0.4364)
Nationwide Cohort,Heart Failure + Hypertension (hf+hyp),41550,2075,Standard Transformer,F1_Score,0.5178171321645191,0.5064251651121486,0.5288261556446326,0.5178 (0.5064 - 0.5288)
Nationwide Cohort,Heart Failure + Hypertension (hf+hyp),41550,2075,Standard Transformer,Accuracy,0.3542593261131167,0.3441516245487365,0.36439530685920574,0.3543 (0.3442 - 0.3644)
Nationwide Cohort,Heart Failure + Hypertension (hf+hyp),41550,2075,Standard Transformer,Precision,0.35030428715687106,0.3400831714424478,0.36065185064106653,0.3503 (0.3401 - 0.3607)
Nationwide Cohort,Heart Failure + Hypertension (hf+hyp),41550,2075,Standard Transformer,Recall_Sensitivity,0.9925313501876551,0.9894980235217483,0.99515268935278,0.9925 (0.9895 - 0.9952)
Nationwide Cohort,Heart Failure + Hypertension (hf+hyp),41550,2075,Standard Transformer,Specificity,0.011519917203380888,0.00893261989088085,0.01451782392626114,0.0115 (0.0089 - 0.0145)
Nationwide Cohort,Heart Failure + Hypertension (hf+hyp),41550,2075,Standard Transformer,Brier_Score,0.2551798666779897,0.25310816613585946,0.2570877599000747,0.2552 (0.2531 - 0.2571)
Nationwide Cohort,Heart Failure + Hypertension (hf+hyp),41550,2075,SAINT Transformer,ROC_AUC,0.593609630469656,0.5814031220656363,0.6050614215185169,0.5936 (0.5814 - 0.6051)
Nationwide Cohort,Heart Failure + Hypertension (hf+hyp),41550,2075,SAINT Transformer,PR_AUC,0.42563236642448715,0.405849243937488,0.4434944855954027,0.4256 (0.4058 - 0.4435)
Nationwide Cohort,Heart Failure + Hypertension (hf+hyp),41550,2075,SAINT Transformer,F1_Score,0.4576888766389017,0.44103499010685987,0.4753049811151166,0.4577 (0.4410 - 0.4753)
Nationwide Cohort,Heart Failure + Hypertension (hf+hyp),41550,2075,SAINT Transformer,Accuracy,0.6145926594464501,0.6045697954271961,0.6238537906137184,0.6146 (0.6046 - 0.6239)
Nationwide Cohort,Heart Failure + Hypertension (hf+hyp),41550,2075,SAINT Transformer,Precision,0.45015183059135766,0.430724286867341,0.4685403850463816,0.4502 (0.4307 - 0.4685)
Nationwide Cohort,Heart Failure + Hypertension (hf+hyp),41550,2075,SAINT Transformer,Recall_Sensitivity,0.4655756694721502,0.4480644440654071,0.48443103913439434,0.4656 (0.4481 - 0.4844)
Nationwide Cohort,Heart Failure + Hypertension (hf+hyp),41550,2075,SAINT Transformer,Specificity,0.6946175611997956,0.6823144809933772,0.7065112717426009,0.6946 (0.6823 - 0.7065)
Nationwide Cohort,Heart Failure + Hypertension (hf+hyp),41550,2075,SAINT Transformer,Brier_Score,0.22789853505562938,0.22602498395600332,0.22998955518122635,0.2279 (0.2260 - 0.2300)
Nationwide Cohort,Heart Failure + Hypertension (hf+hyp),41550,2075,HIR-M3 Transformer,ROC_AUC,0.5896814550270548,0.5781966209878295,0.6019731492819039,0.5897 (0.5782 - 0.6020)
Nationwide Cohort,Heart Failure + Hypertension (hf+hyp),41550,2075,HIR-M3 Transformer,PR_AUC,0.41693281481365957,0.3994373317795845,0.4344233685635121,0.4169 (0.3994 - 0.4344)
Nationwide Cohort,Heart Failure + Hypertension (hf+hyp),41550,2075,HIR-M3 Transformer,F1_Score,0.5193285620362288,0.5081713490567161,0.5305545565670627,0.5193 (0.5082 - 0.5306)
Nationwide Cohort,Heart Failure + Hypertension (hf+hyp),41550,2075,HIR-M3 Transformer,Accuracy,0.3801353790613719,0.3707430806257521,0.391101083032491,0.3801 (0.3707 - 0.3911)
Nationwide Cohort,Heart Failure + Hypertension (hf+hyp),41550,2075,HIR-M3 Transformer,Precision,0.3561634364205435,0.34609252284131903,0.3665947332430575,0.3562 (0.3461 - 0.3666)
Nationwide Cohort,Heart Failure + Hypertension (hf+hyp),41550,2075,HIR-M3 Transformer,Recall_Sensitivity,0.9585497115719664,0.950721683240359,0.9648231852639169,0.9585 (0.9507 - 0.9648)
Nationwide Cohort,Heart Failure + Hypertension (hf+hyp),41550,2075,HIR-M3 Transformer,Specificity,0.06953659496241428,0.06381010101658943,0.07582526851632337,0.0695 (0.0638 - 0.0758)
Nationwide Cohort,Heart Failure + Hypertension (hf+hyp),41550,2075,HIR-M3 Transformer,Brier_Score,0.244038886133563,0.24287703381452153,0.24527018239883774,0.2440 (0.2429 - 0.2453)
Nationwide Cohort,Diabetes + Heart Failure + Hypertension (d+hf+hyp),11517,2075,Random Forest,ROC_AUC,0.5999609606105631,0.580375585505881,0.6235583263544353,0.6000 (0.5804 - 0.6236)
Nationwide Cohort,Diabetes + Heart Failure + Hypertension (d+hf+hyp),11517,2075,Random Forest,PR_AUC,0.5108573062406604,0.48148296578526656,0.542455649048026,0.5109 (0.4815 - 0.5425)
Nationwide Cohort,Diabetes + Heart Failure + Hypertension (d+hf+hyp),11517,2075,Random Forest,F1_Score,0.6077733203285488,0.5878298202898523,0.6254956550998264,0.6078 (0.5878 - 0.6255)
Nationwide Cohort,Diabetes + Heart Failure + Hypertension (d+hf+hyp),11517,2075,Random Forest,Accuracy,0.5019075520833333,0.4812934027777778,0.5208550347222223,0.5019 (0.4813 - 0.5209)
Nationwide Cohort,Diabetes + Heart Failure + Hypertension (d+hf+hyp),11517,2075,Random Forest,Precision,0.4590771525840491,0.4386181687232663,0.47842018531771446,0.4591 (0.4386 - 0.4784)
Nationwide Cohort,Diabetes + Heart Failure + Hypertension (d+hf+hyp),11517,2075,Random Forest,Recall_Sensitivity,0.8992735233803589,0.8788972359273663,0.9159112164431313,0.8993 (0.8789 - 0.9159)
Nationwide Cohort,Diabetes + Heart Failure + Hypertension (d+hf+hyp),11517,2075,Random Forest,Specificity,0.20299856150490675,0.18198783110328268,0.22321719794978623,0.2030 (0.1820 - 0.2232)
Nationwide Cohort,Diabetes + Heart Failure + Hypertension (d+hf+hyp),11517,2075,Random Forest,Brier_Score,0.24012214407595014,0.23472238803878312,0.24511338382562348,0.2401 (0.2347 - 0.2451)
Nationwide Cohort,Diabetes + Heart Failure + Hypertension (d+hf+hyp),11517,2075,LightGBM,ROC_AUC,0.5960292191243585,0.5693947048780803,0.6188408945979694,0.5960 (0.5694 - 0.6188)
Nationwide Cohort,Diabetes + Heart Failure + Hypertension (d+hf+hyp),11517,2075,LightGBM,PR_AUC,0.5098660965086471,0.47497959965841663,0.5452751473698438,0.5099 (0.4750 - 0.5453)
Nationwide Cohort,Diabetes + Heart Failure + Hypertension (d+hf+hyp),11517,2075,LightGBM,F1_Score,0.605080024368421,0.5860228940208135,0.6261540352505245,0.6051 (0.5860 - 0.6262)
Nationwide Cohort,Diabetes + Heart Failure + Hypertension (d+hf+hyp),11517,2075,LightGBM,Accuracy,0.4482183159722222,0.4296875,0.46878255208333336,0.4482 (0.4297 - 0.4688)
Nationwide Cohort,Diabetes + Heart Failure + Hypertension (d+hf+hyp),11517,2075,LightGBM,Precision,0.43673652003679564,0.41729380079824846,0.4581711334725197,0.4367 (0.4173 - 0.4582)
Nationwide Cohort,Diabetes + Heart Failure + Hypertension (d+hf+hyp),11517,2075,LightGBM,Recall_Sensitivity,0.984996114392848,0.9754767341059443,0.9928267326732674,0.9850 (0.9755 - 0.9928)
Nationwide Cohort,Diabetes + Heart Failure + Hypertension (d+hf+hyp),11517,2075,LightGBM,Specificity,0.04447432060115707,0.03430090659530786,0.055059686160603596,0.0445 (0.0343 - 0.0551)
Nationwide Cohort,Diabetes + Heart Failure + Hypertension (d+hf+hyp),11517,2075,LightGBM,Brier_Score,0.2621133831119252,0.2526434148915705,0.27248315662331835,0.2621 (0.2526 - 0.2725)
Nationwide Cohort,Diabetes + Heart Failure + Hypertension (d+hf+hyp),11517,2075,Logistic Regression,ROC_AUC,0.5805175484316308,0.5561137331530545,0.6030014203076043,0.5805 (0.5561 - 0.6030)
Nationwide Cohort,Diabetes + Heart Failure + Hypertension (d+hf+hyp),11517,2075,Logistic Regression,PR_AUC,0.5029340422504326,0.46993205427946255,0.5345991853603902,0.5029 (0.4699 - 0.5346)
Nationwide Cohort,Diabetes + Heart Failure + Hypertension (d+hf+hyp),11517,2075,Logistic Regression,F1_Score,0.6006217550386796,0.5825790691621514,0.6199667449502264,0.6006 (0.5826 - 0.6200)
Nationwide Cohort,Diabetes + Heart Failure + Hypertension (d+hf+hyp),11517,2075,Logistic Regression,Accuracy,0.42927951388888885,0.4110134548611111,0.4492404513888889,0.4293 (0.4110 - 0.4492)
Nationwide Cohort,Diabetes + Heart Failure + Hypertension (d+hf+hyp),11517,2075,Logistic Regression,Precision,0.42927951388888885,0.4110134548611111,0.4492404513888889,0.4293 (0.4110 - 0.4492)
Nationwide Cohort,Diabetes + Heart Failure + Hypertension (d+hf+hyp),11517,2075,Logistic Regression,Recall_Sensitivity,1.0,1.0,1.0,1.0000 (1.0000 - 1.0000)
Nationwide Cohort,Diabetes + Heart Failure + Hypertension (d+hf+hyp),11517,2075,Logistic Regression,Specificity,0.0,0.0,0.0,0.0000 (0.0000 - 0.0000)
Nationwide Cohort,Diabetes + Heart Failure + Hypertension (d+hf+hyp),11517,2075,Logistic Regression,Brier_Score,0.288734326813969,0.2782393442727087,0.30127044514849893,0.2887 (0.2782 - 0.3013)
Nationwide Cohort,Diabetes + Heart Failure + Hypertension (d+hf+hyp),11517,2075,Gradient Boosting,ROC_AUC,0.6115572892433712,0.5889382461604323,0.6369670825371712,0.6116 (0.5889 - 0.6370)
Nationwide Cohort,Diabetes + Heart Failure + Hypertension (d+hf+hyp),11517,2075,Gradient Boosting,PR_AUC,0.537923755662205,0.501006963123469,0.5715751523034727,0.5379 (0.5010 - 0.5716)
Nationwide Cohort,Diabetes + Heart Failure + Hypertension (d+hf+hyp),11517,2075,Gradient Boosting,F1_Score,0.5989660612163071,0.5778097758582714,0.620829398022182,0.5990 (0.5778 - 0.6208)
Nationwide Cohort,Diabetes + Heart Failure + Hypertension (d+hf+hyp),11517,2075,Gradient Boosting,Accuracy,0.5051171875,0.4830512152777778,0.5286675347222223,0.5051 (0.4831 - 0.5287)
Nationwide Cohort,Diabetes + Heart Failure + Hypertension (d+hf+hyp),11517,2075,Gradient Boosting,Precision,0.45925913672548807,0.43846703488512356,0.4805407100135057,0.4593 (0.4385 - 0.4805)
Nationwide Cohort,Diabetes + Heart Failure + Hypertension (d+hf+hyp),11517,2075,Gradient Boosting,Recall_Sensitivity,0.8611776691839123,0.8397866184641878,0.8825045615592779,0.8612 (0.8398 - 0.8825)
Nationwide Cohort,Diabetes + Heart Failure + Hypertension (d+hf+hyp),11517,2075,Gradient Boosting,Specificity,0.2373050402163094,0.21330004479269005,0.2584405412945115,0.2373 (0.2133 - 0.2584)
Nationwide Cohort,Diabetes + Heart Failure + Hypertension (d+hf+hyp),11517,2075,Gradient Boosting,Brier_Score,0.23996826308891697,0.2344192691548933,0.2453118194095672,0.2400 (0.2344 - 0.2453)
Nationwide Cohort,Diabetes + Heart Failure + Hypertension (d+hf+hyp),11517,2075,CatBoost,ROC_AUC,0.6122922591892263,0.5846699768775402,0.6385969131891802,0.6123 (0.5847 - 0.6386)
Nationwide Cohort,Diabetes + Heart Failure + Hypertension (d+hf+hyp),11517,2075,CatBoost,PR_AUC,0.5334271627514502,0.5003017747618966,0.5694275148726833,0.5334 (0.5003 - 0.5694)
Nationwide Cohort,Diabetes + Heart Failure + Hypertension (d+hf+hyp),11517,2075,CatBoost,F1_Score,0.602218244979107,0.5826932175590804,0.6244867652870407,0.6022 (0.5827 - 0.6245)
Nationwide Cohort,Diabetes + Heart Failure + Hypertension (d+hf+hyp),11517,2075,CatBoost,Accuracy,0.4751649305555556,0.45354817708333334,0.4978841145833333,0.4752 (0.4535 - 0.4979)
Nationwide Cohort,Diabetes + Heart Failure + Hypertension (d+hf+hyp),11517,2075,CatBoost,Precision,0.44634198398503655,0.4269599902397496,0.46783860160605595,0.4463 (0.4270 - 0.4678)
Nationwide Cohort,Diabetes + Heart Failure + Hypertension (d+hf+hyp),11517,2075,CatBoost,Recall_Sensitivity,0.9257582894485124,0.9089850728940698,0.9432602923473397,0.9258 (0.9090 - 0.9433)
Nationwide Cohort,Diabetes + Heart Failure + Hypertension (d+hf+hyp),11517,2075,CatBoost,Specificity,0.13623592946991117,0.11439733211174774,0.1533120067130328,0.1362 (0.1144 - 0.1533)
Nationwide Cohort,Diabetes + Heart Failure + Hypertension (d+hf+hyp),11517,2075,CatBoost,Brier_Score,0.2418192397711703,0.23497234256177957,0.24935475906744217,0.2418 (0.2350 - 0.2494)
Nationwide Cohort,Diabetes + Heart Failure + Hypertension (d+hf+hyp),11517,2075,XGBoost,ROC_AUC,0.6045468281619351,0.5794234636859964,0.6308148404706457,0.6045 (0.5794 - 0.6308)
Nationwide Cohort,Diabetes + Heart Failure + Hypertension (d+hf+hyp),11517,2075,XGBoost,PR_AUC,0.5266164688707851,0.49523255810383215,0.5648761978234182,0.5266 (0.4952 - 0.5649)
Nationwide Cohort,Diabetes + Heart Failure + Hypertension (d+hf+hyp),11517,2075,XGBoost,F1_Score,0.5999472536222855,0.5818920742191231,0.6194499009909535,0.5999 (0.5819 - 0.6194)
Nationwide Cohort,Diabetes + Heart Failure + Hypertension (d+hf+hyp),11517,2075,XGBoost,Accuracy,0.4288433159722223,0.41057942708333334,0.4488064236111111,0.4288 (0.4106 - 0.4488)
Nationwide Cohort,Diabetes + Heart Failure + Hypertension (d+hf+hyp),11517,2075,XGBoost,Precision,0.42896805840264973,0.4105883357768607,0.44928387593212016,0.4290 (0.4106 - 0.4493)
Nationwide Cohort,Diabetes + Heart Failure + Hypertension (d+hf+hyp),11517,2075,XGBoost,Recall_Sensitivity,0.9979551926521352,0.994789414840077,1.0,0.9980 (0.9948 - 1.0000)
Nationwide Cohort,Diabetes + Heart Failure + Hypertension (d+hf+hyp),11517,2075,XGBoost,Specificity,0.0007759390054624527,0.0,0.0029612662034304775,0.0008 (0.0000 - 0.0030)
Nationwide Cohort,Diabetes + Heart Failure + Hypertension (d+hf+hyp),11517,2075,XGBoost,Brier_Score,0.24785934461345605,0.23918069287578353,0.2557475306010402,0.2479 (0.2392 - 0.2557)
Nationwide Cohort,Diabetes + Heart Failure + Hypertension (d+hf+hyp),11517,2075,Standard MLP,ROC_AUC,0.5954832450805274,0.5736480787026815,0.6186690085342615,0.5955 (0.5736 - 0.6187)
Nationwide Cohort,Diabetes + Heart Failure + Hypertension (d+hf+hyp),11517,2075,Standard MLP,PR_AUC,0.5124603206197889,0.47981642395657487,0.5466290157233884,0.5125 (0.4798 - 0.5466)
Nationwide Cohort,Diabetes + Heart Failure + Hypertension (d+hf+hyp),11517,2075,Standard MLP,F1_Score,0.6006217550386796,0.5825790691621514,0.6199667449502264,0.6006 (0.5826 - 0.6200)
Nationwide Cohort,Diabetes + Heart Failure + Hypertension (d+hf+hyp),11517,2075,Standard MLP,Accuracy,0.42927951388888885,0.4110134548611111,0.4492404513888889,0.4293 (0.4110 - 0.4492)
Nationwide Cohort,Diabetes + Heart Failure + Hypertension (d+hf+hyp),11517,2075,Standard MLP,Precision,0.42927951388888885,0.4110134548611111,0.4492404513888889,0.4293 (0.4110 - 0.4492)
Nationwide Cohort,Diabetes + Heart Failure + Hypertension (d+hf+hyp),11517,2075,Standard MLP,Recall_Sensitivity,1.0,1.0,1.0,1.0000 (1.0000 - 1.0000)
Nationwide Cohort,Diabetes + Heart Failure + Hypertension (d+hf+hyp),11517,2075,Standard MLP,Specificity,0.0,0.0,0.0,0.0000 (0.0000 - 0.0000)
Nationwide Cohort,Diabetes + Heart Failure + Hypertension (d+hf+hyp),11517,2075,Standard MLP,Brier_Score,0.24940953154128237,0.24491018964518835,0.2537111989297242,0.2494 (0.2449 - 0.2537)
Nationwide Cohort,Diabetes + Heart Failure + Hypertension (d+hf+hyp),11517,2075,Standard Transformer,ROC_AUC,0.5522582114028968,0.531090305672977,0.5739853142209383,0.5523 (0.5311 - 0.5740)
Nationwide Cohort,Diabetes + Heart Failure + Hypertension (d+hf+hyp),11517,2075,Standard Transformer,PR_AUC,0.4680506479973095,0.44163931893643793,0.4989190563330729,0.4681 (0.4416 - 0.4989)
Nationwide Cohort,Diabetes + Heart Failure + Hypertension (d+hf+hyp),11517,2075,Standard Transformer,F1_Score,0.6006217550386796,0.5825790691621514,0.6199667449502264,0.6006 (0.5826 - 0.6200)
Nationwide Cohort,Diabetes + Heart Failure + Hypertension (d+hf+hyp),11517,2075,Standard Transformer,Accuracy,0.42927951388888885,0.4110134548611111,0.4492404513888889,0.4293 (0.4110 - 0.4492)
Nationwide Cohort,Diabetes + Heart Failure + Hypertension (d+hf+hyp),11517,2075,Standard Transformer,Precision,0.42927951388888885,0.4110134548611111,0.4492404513888889,0.4293 (0.4110 - 0.4492)
Nationwide Cohort,Diabetes + Heart Failure + Hypertension (d+hf+hyp),11517,2075,Standard Transformer,Recall_Sensitivity,1.0,1.0,1.0,1.0000 (1.0000 - 1.0000)
Nationwide Cohort,Diabetes + Heart Failure + Hypertension (d+hf+hyp),11517,2075,Standard Transformer,Specificity,0.0,0.0,0.0,0.0000 (0.0000 - 0.0000)
Nationwide Cohort,Diabetes + Heart Failure + Hypertension (d+hf+hyp),11517,2075,Standard Transformer,Brier_Score,0.25193495864609816,0.25123359712110965,0.2527348082718698,0.2519 (0.2512 - 0.2527)
Nationwide Cohort,Diabetes + Heart Failure + Hypertension (d+hf+hyp),11517,2075,SAINT Transformer,ROC_AUC,0.5008937212844969,0.4757989767111651,0.5226750047895509,0.5009 (0.4758 - 0.5227)
Nationwide Cohort,Diabetes + Heart Failure + Hypertension (d+hf+hyp),11517,2075,SAINT Transformer,PR_AUC,0.4393560235420864,0.41216315859106606,0.46606841652794606,0.4394 (0.4122 - 0.4661)
Nationwide Cohort,Diabetes + Heart Failure + Hypertension (d+hf+hyp),11517,2075,SAINT Transformer,F1_Score,0.11529693169889751,0.08944475378879582,0.14287852865697176,0.1153 (0.0894 - 0.1429)
Nationwide Cohort,Diabetes + Heart Failure + Hypertension (d+hf+hyp),11517,2075,SAINT Transformer,Accuracy,0.5664822048611111,0.5459743923611111,0.5846571180555555,0.5665 (0.5460 - 0.5847)
Nationwide Cohort,Diabetes + Heart Failure + Hypertension (d+hf+hyp),11517,2075,SAINT Transformer,Precision,0.4649124281473703,0.38957861990950227,0.5525974025974025,0.4649 (0.3896 - 0.5526)
Nationwide Cohort,Diabetes + Heart Failure + Hypertension (d+hf+hyp),11517,2075,SAINT Transformer,Recall_Sensitivity,0.06587188480300124,0.050260156861936765,0.08307583210362356,0.0659 (0.0503 - 0.0831)
Nationwide Cohort,Diabetes + Heart Failure + Hypertension (d+hf+hyp),11517,2075,SAINT Transformer,Specificity,0.9430325895118185,0.93082503633513,0.9532018842830463,0.9430 (0.9308 - 0.9532)
Nationwide Cohort,Diabetes + Heart Failure + Hypertension (d+hf+hyp),11517,2075,SAINT Transformer,Brier_Score,0.2483696232400955,0.24371523414044052,0.25290268347182987,0.2484 (0.2437 - 0.2529)
Nationwide Cohort,Diabetes + Heart Failure + Hypertension (d+hf+hyp),11517,2075,HIR-M3 Transformer,ROC_AUC,0.5061917871036826,0.481833023538824,0.5298494178189838,0.5062 (0.4818 - 0.5298)
Nationwide Cohort,Diabetes + Heart Failure + Hypertension (d+hf+hyp),11517,2075,HIR-M3 Transformer,PR_AUC,0.4397776269011884,0.4131844634693608,0.4701806067443649,0.4398 (0.4132 - 0.4702)
Nationwide Cohort,Diabetes + Heart Failure + Hypertension (d+hf+hyp),11517,2075,HIR-M3 Transformer,F1_Score,0.6006217550386796,0.5825790691621514,0.6199667449502264,0.6006 (0.5826 - 0.6200)
Nationwide Cohort,Diabetes + Heart Failure + Hypertension (d+hf+hyp),11517,2075,HIR-M3 Transformer,Accuracy,0.42927951388888885,0.4110134548611111,0.4492404513888889,0.4293 (0.4110 - 0.4492)
Nationwide Cohort,Diabetes + Heart Failure + Hypertension (d+hf+hyp),11517,2075,HIR-M3 Transformer,Precision,0.42927951388888885,0.4110134548611111,0.4492404513888889,0.4293 (0.4110 - 0.4492)
Nationwide Cohort,Diabetes + Heart Failure + Hypertension (d+hf+hyp),11517,2075,HIR-M3 Transformer,Recall_Sensitivity,1.0,1.0,1.0,1.0000 (1.0000 - 1.0000)
Nationwide Cohort,Diabetes + Heart Failure + Hypertension (d+hf+hyp),11517,2075,HIR-M3 Transformer,Specificity,0.0,0.0,0.0,0.0000 (0.0000 - 0.0000)
Nationwide Cohort,Diabetes + Heart Failure + Hypertension (d+hf+hyp),11517,2075,HIR-M3 Transformer,Brier_Score,0.2525254260245461,0.25185031900704236,0.25310115180849,0.2525 (0.2519 - 0.2531)
Texas Cohort,Diabetes (d),10030,756,Random Forest,ROC_AUC,0.6257716796476083,0.5966812858106934,0.6540857606473696,0.6258 (0.5967 - 0.6541)
Texas Cohort,Diabetes (d),10030,756,Random Forest,PR_AUC,0.3533574372599435,0.31401743374707264,0.3958977786345704,0.3534 (0.3140 - 0.3959)
Texas Cohort,Diabetes (d),10030,756,Random Forest,F1_Score,0.41427105237226847,0.3825665627248741,0.4438099737578409,0.4143 (0.3826 - 0.4438)
Texas Cohort,Diabetes (d),10030,756,Random Forest,Accuracy,0.5427642073778665,0.5189431704885344,0.5633599202392822,0.5428 (0.5189 - 0.5634)
Texas Cohort,Diabetes (d),10030,756,Random Forest,Precision,0.30042851203741494,0.27221796657381614,0.327341628818257,0.3004 (0.2722 - 0.3273)
Texas Cohort,Diabetes (d),10030,756,Random Forest,Recall_Sensitivity,0.6678979923424105,0.626664243532773,0.7108556710775048,0.6679 (0.6267 - 0.7109)
Texas Cohort,Diabetes (d),10030,756,Random Forest,Specificity,0.5027925901617687,0.47494183033203574,0.5258725474647696,0.5028 (0.4749 - 0.5259)
Texas Cohort,Diabetes (d),10030,756,Random Forest,Brier_Score,0.20705470355146943,0.20283624123423716,0.21201907633122755,0.2071 (0.2028 - 0.2120)
Texas Cohort,Diabetes (d),10030,756,Logistic Regression,ROC_AUC,0.6326830251177626,0.6020294770683594,0.6612893446317859,0.6327 (0.6020 - 0.6613)
Texas Cohort,Diabetes (d),10030,756,Logistic Regression,PR_AUC,0.36496280094420297,0.3263903662775512,0.4077621796698704,0.3650 (0.3264 - 0.4078)
Texas Cohort,Diabetes (d),10030,756,Logistic Regression,F1_Score,0.42634904688072167,0.39513074291300093,0.454455068619775,0.4263 (0.3951 - 0.4545)
Texas Cohort,Diabetes (d),10030,756,Logistic Regression,Accuracy,0.5647158524426721,0.5438683948155534,0.5867397806580259,0.5647 (0.5439 - 0.5867)
Texas Cohort,Diabetes (d),10030,756,Logistic Regression,Precision,0.31324922926377496,0.2851497146869025,0.34002610190974575,0.3132 (0.2851 - 0.3400)
Texas Cohort,Diabetes (d),10030,756,Logistic Regression,Recall_Sensitivity,0.6681521722608963,0.6267168303852184,0.7103849756785094,0.6682 (0.6267 - 0.7104)
Texas Cohort,Diabetes (d),10030,756,Logistic Regression,Specificity,0.5316781872622042,0.5073503956965862,0.5608975511950144,0.5317 (0.5074 - 0.5609)
Texas Cohort,Diabetes (d),10030,756,Logistic Regression,Brier_Score,0.23786770070349966,0.22794247174413876,0.2480161334275761,0.2379 (0.2279 - 0.2480)
Texas Cohort,Diabetes (d),10030,756,Gradient Boosting,ROC_AUC,0.6662396351573523,0.6378392659396666,0.6950690041808714,0.6662 (0.6378 - 0.6951)
Texas Cohort,Diabetes (d),10030,756,Gradient Boosting,PR_AUC,0.4004760187938963,0.35792805336379047,0.4406805911714364,0.4005 (0.3579 - 0.4407)
Texas Cohort,Diabetes (d),10030,756,Gradient Boosting,F1_Score,0.4236690043835847,0.38814786167351895,0.4540158801163051,0.4237 (0.3881 - 0.4540)
Texas Cohort,Diabetes (d),10030,756,Gradient Boosting,Accuracy,0.6288459621136591,0.608636590229312,0.6505483549351944,0.6288 (0.6086 - 0.6505)
Texas Cohort,Diabetes (d),10030,756,Gradient Boosting,Precision,0.33964657027346873,0.306224185268293,0.3706913588045263,0.3396 (0.3062 - 0.3707)
Texas Cohort,Diabetes (d),10030,756,Gradient Boosting,Recall_Sensitivity,0.5636160504999169,0.5152065888247429,0.6066907197661674,0.5636 (0.5152 - 0.6067)
Texas Cohort,Diabetes (d),10030,756,Gradient Boosting,Specificity,0.6497167749104784,0.6271708509570196,0.6719338822706804,0.6497 (0.6272 - 0.6719)
Texas Cohort,Diabetes (d),10030,756,Gradient Boosting,Brier_Score,0.2062118903314932,0.19968522936119898,0.21307223438114412,0.2062 (0.1997 - 0.2131)
Texas Cohort,Diabetes (d),10030,756,CatBoost,ROC_AUC,0.6536480129498536,0.6260857433236311,0.6857378216508657,0.6536 (0.6261 - 0.6857)
Texas Cohort,Diabetes (d),10030,756,CatBoost,PR_AUC,0.38898581273038313,0.34334032949176246,0.4298185212569799,0.3890 (0.3433 - 0.4298)
Texas Cohort,Diabetes (d),10030,756,CatBoost,F1_Score,0.42943167977354224,0.3993945868945869,0.4604433546588335,0.4294 (0.3994 - 0.4604)
Texas Cohort,Diabetes (d),10030,756,CatBoost,Accuracy,0.6062288135593221,0.582240777666999,0.627617148554337,0.6062 (0.5822 - 0.6276)
Texas Cohort,Diabetes (d),10030,756,CatBoost,Precision,0.330939737428085,0.30283127031073137,0.3583097389899356,0.3309 (0.3028 - 0.3583)
Texas Cohort,Diabetes (d),10030,756,CatBoost,Recall_Sensitivity,0.6121435784966814,0.5702054452146095,0.6543074449819221,0.6121 (0.5702 - 0.6543)
Texas Cohort,Diabetes (d),10030,756,CatBoost,Specificity,0.6043686348162947,0.5789817398897373,0.6276048002414556,0.6044 (0.5790 - 0.6276)
Texas Cohort,Diabetes (d),10030,756,CatBoost,Brier_Score,0.19970742926362398,0.19161453084102129,0.20722853906599636,0.1997 (0.1916 - 0.2072)
Texas Cohort,Diabetes (d),10030,756,LightGBM,ROC_AUC,0.629496887023954,0.5982632095191647,0.6557469744265908,0.6295 (0.5983 - 0.6557)
Texas Cohort,Diabetes (d),10030,756,LightGBM,PR_AUC,0.3468857491022457,0.3060362820546498,0.379265951824842,0.3469 (0.3060 - 0.3793)
Texas Cohort,Diabetes (d),10030,756,LightGBM,F1_Score,0.42970970010820864,0.3999938499384994,0.46146451587899195,0.4297 (0.4000 - 0.4615)
Texas Cohort,Diabetes (d),10030,756,LightGBM,Accuracy,0.5264581256231305,0.5054835493519442,0.5499127617148555,0.5265 (0.5055 - 0.5499)
Texas Cohort,Diabetes (d),10030,756,LightGBM,Precision,0.30343731725414896,0.27849076987855687,0.33143464503914366,0.3034 (0.2785 - 0.3314)
Texas Cohort,Diabetes (d),10030,756,LightGBM,Recall_Sensitivity,0.7368875186651087,0.6915603307578965,0.7738617487163999,0.7369 (0.6916 - 0.7739)
Texas Cohort,Diabetes (d),10030,756,LightGBM,Specificity,0.45920030465757233,0.43183832285639,0.4849410169606787,0.4592 (0.4318 - 0.4849)
Texas Cohort,Diabetes (d),10030,756,LightGBM,Brier_Score,0.19728968453339893,0.18513911176158251,0.20979117148616155,0.1973 (0.1851 - 0.2098)
Texas Cohort,Diabetes (d),10030,756,XGBoost,ROC_AUC,0.6245883582829993,0.5933745068352029,0.6562823799492836,0.6246 (0.5934 - 0.6563)
Texas Cohort,Diabetes (d),10030,756,XGBoost,PR_AUC,0.35350615689432385,0.3102972872548992,0.393025119524205,0.3535 (0.3103 - 0.3930)
Texas Cohort,Diabetes (d),10030,756,XGBoost,F1_Score,0.41038873174604545,0.37930056819488855,0.44251849592440684,0.4104 (0.3793 - 0.4425)
Texas Cohort,Diabetes (d),10030,756,XGBoost,Accuracy,0.5582726819541377,0.5373878364905285,0.5792871385842473,0.5583 (0.5374 - 0.5793)
Texas Cohort,Diabetes (d),10030,756,XGBoost,Precision,0.30332399614507305,0.27685734612939356,0.3291712581821969,0.3033 (0.2769 - 0.3292)
Texas Cohort,Diabetes (d),10030,756,XGBoost,Recall_Sensitivity,0.6350203318479215,0.5907290304928101,0.6826633181276052,0.6350 (0.5907 - 0.6827)
Texas Cohort,Diabetes (d),10030,756,XGBoost,Specificity,0.5337369063884227,0.5080238906059603,0.5557901003075406,0.5337 (0.5080 - 0.5558)
Texas Cohort,Diabetes (d),10030,756,XGBoost,Brier_Score,0.20101079000319405,0.19185431719494422,0.21067006980660954,0.2010 (0.1919 - 0.2107)
Texas Cohort,Diabetes (d),10030,756,Standard MLP,ROC_AUC,0.6356871681258883,0.6042524382479459,0.6629530151569831,0.6357 (0.6043 - 0.6630)
Texas Cohort,Diabetes (d),10030,756,Standard MLP,PR_AUC,0.34877566409065197,0.3132704642179026,0.3908607313601459,0.3488 (0.3133 - 0.3909)
Texas Cohort,Diabetes (d),10030,756,Standard MLP,F1_Score,0.41707640711006355,0.3843049343964749,0.4443382934193044,0.4171 (0.3843 - 0.4443)
Texas Cohort,Diabetes (d),10030,756,Standard MLP,Accuracy,0.4778863409770688,0.4571161515453639,0.5005234297108675,0.4779 (0.4571 - 0.5005)
Texas Cohort,Diabetes (d),10030,756,Standard MLP,Precision,0.2859180662398197,0.2598730145287564,0.30933163631902705,0.2859 (0.2599 - 0.3093)
Texas Cohort,Diabetes (d),10030,756,Standard MLP,Recall_Sensitivity,0.7714870947912117,0.7277577740752015,0.8116299780781878,0.7715 (0.7278 - 0.8116)
Texas Cohort,Diabetes (d),10030,756,Standard MLP,Specificity,0.3840308588532303,0.3580905849181778,0.4078988573846805,0.3840 (0.3581 - 0.4079)
Texas Cohort,Diabetes (d),10030,756,Standard MLP,Brier_Score,0.22850613647707355,0.21964806707543422,0.2366256220727434,0.2285 (0.2196 - 0.2366)
Texas Cohort,Diabetes (d),10030,756,Standard Transformer,ROC_AUC,0.517402596343266,0.4890722563233521,0.5446272162561582,0.5174 (0.4891 - 0.5446)
Texas Cohort,Diabetes (d),10030,756,Standard Transformer,PR_AUC,0.2525858656476317,0.22505156961031167,0.27674633268860216,0.2526 (0.2251 - 0.2767)
Texas Cohort,Diabetes (d),10030,756,Standard Transformer,F1_Score,0.3899233551426196,0.36776207398664684,0.4142762023503196,0.3899 (0.3678 - 0.4143)
Texas Cohort,Diabetes (d),10030,756,Standard Transformer,Accuracy,0.2422507477567298,0.22531156530408775,0.26125373878364905,0.2423 (0.2253 - 0.2613)
Texas Cohort,Diabetes (d),10030,756,Standard Transformer,Precision,0.2422507477567298,0.22531156530408775,0.26125373878364905,0.2423 (0.2253 - 0.2613)
Texas Cohort,Diabetes (d),10030,756,Standard Transformer,Recall_Sensitivity,1.0,1.0,1.0,1.0000 (1.0000 - 1.0000)
Texas Cohort,Diabetes (d),10030,756,Standard Transformer,Specificity,0.0,0.0,0.0,0.0000 (0.0000 - 0.0000)
Texas Cohort,Diabetes (d),10030,756,Standard Transformer,Brier_Score,0.24710662191106536,0.24686750933719065,0.24736937388725969,0.2471 (0.2469 - 0.2474)
Texas Cohort,Diabetes (d),10030,756,SAINT Transformer,ROC_AUC,0.5949598667379541,0.5685584796969883,0.6229186424478211,0.5950 (0.5686 - 0.6229)
Texas Cohort,Diabetes (d),10030,756,SAINT Transformer,PR_AUC,0.3115986468441206,0.27949179358702375,0.34377640124330033,0.3116 (0.2795 - 0.3438)
Texas Cohort,Diabetes (d),10030,756,SAINT Transformer,F1_Score,0.008359239410420315,0.0,0.02391652900592751,0.0084 (0.0000 - 0.0239)
Texas Cohort,Diabetes (d),10030,756,SAINT Transformer,Accuracy,0.7563783649052841,0.7377741774675972,0.7736914257228314,0.7564 (0.7378 - 0.7737)
Texas Cohort,Diabetes (d),10030,756,SAINT Transformer,Precision,0.30642284104784107,0.0,0.7012500000000003,0.3064 (0.0000 - 0.7013)
Texas Cohort,Diabetes (d),10030,756,SAINT Transformer,Recall_Sensitivity,0.0042475667156079,0.0,0.012276997715429835,0.0042 (0.0000 - 0.0123)
Texas Cohort,Diabetes (d),10030,756,SAINT Transformer,Specificity,0.9968341852328014,0.9934240709588622,0.999344262295082,0.9968 (0.9934 - 0.9993)
Texas Cohort,Diabetes (d),10030,756,SAINT Transformer,Brier_Score,0.19539312989352392,0.1907300125969417,0.20042157780485925,0.1954 (0.1907 - 0.2004)
Texas Cohort,Diabetes (d),10030,756,HIR-M3 Transformer,ROC_AUC,0.5680558294232299,0.5402035268206722,0.5955713579214914,0.5681 (0.5402 - 0.5956)
Texas Cohort,Diabetes (d),10030,756,HIR-M3 Transformer,PR_AUC,0.2944726038039945,0.2619707057893945,0.32752750081852755,0.2945 (0.2620 - 0.3275)
Texas Cohort,Diabetes (d),10030,756,HIR-M3 Transformer,F1_Score,0.011948651621104867,0.0,0.02455453361228439,0.0119 (0.0000 - 0.0246)
Texas Cohort,Diabetes (d),10030,756,HIR-M3 Transformer,Accuracy,0.7577642073778663,0.7372881355932204,0.7741899302093719,0.7578 (0.7373 - 0.7742)
Texas Cohort,Diabetes (d),10030,756,HIR-M3 Transformer,Precision,0.4933321678321678,0.0,1.0,0.4933 (0.0000 - 1.0000)
Texas Cohort,Diabetes (d),10030,756,HIR-M3 Transformer,Recall_Sensitivity,0.006057753730954924,0.0,0.012506650351138548,0.0061 (0.0000 - 0.0125)
Texas Cohort,Diabetes (d),10030,756,HIR-M3 Transformer,Specificity,0.998074090709176,0.9954487908260071,1.0,0.9981 (0.9954 - 1.0000)
Texas Cohort,Diabetes (d),10030,756,HIR-M3 Transformer,Brier_Score,0.24129601649118043,0.24062260893891754,0.24196864727922093,0.2413 (0.2406 - 0.2420)
Texas Cohort,Heart Failure (hf),4852,756,Random Forest,ROC_AUC,0.635785041471933,0.6037288181867768,0.6672162889051344,0.6358 (0.6037 - 0.6672)
Texas Cohort,Heart Failure (hf),4852,756,Random Forest,PR_AUC,0.517819041371718,0.4730241488976265,0.5626365616204091,0.5178 (0.4730 - 0.5626)
Texas Cohort,Heart Failure (hf),4852,756,Random Forest,F1_Score,0.5823949905862491,0.548558752332999,0.612069143777987,0.5824 (0.5486 - 0.6121)
Texas Cohort,Heart Failure (hf),4852,756,Random Forest,Accuracy,0.5096858908341916,0.48398558187435636,0.537615859938208,0.5097 (0.4840 - 0.5376)
Texas Cohort,Heart Failure (hf),4852,756,Random Forest,Precision,0.4380752528760108,0.40373745191856647,0.4697618688897817,0.4381 (0.4037 - 0.4698)
Texas Cohort,Heart Failure (hf),4852,756,Random Forest,Recall_Sensitivity,0.8693971557369558,0.8361797235023042,0.9037497326203208,0.8694 (0.8362 - 0.9037)
Texas Cohort,Heart Failure (hf),4852,756,Random Forest,Specificity,0.2762223857793219,0.2421951284542826,0.31242632844200285,0.2762 (0.2422 - 0.3124)
Texas Cohort,Heart Failure (hf),4852,756,Random Forest,Brier_Score,0.22884485249156333,0.22320860590048863,0.23554296249768317,0.2288 (0.2232 - 0.2355)
Texas Cohort,Heart Failure (hf),4852,756,Logistic Regression,ROC_AUC,0.6023088712681768,0.5642140657800178,0.6350414436568185,0.6023 (0.5642 - 0.6350)
Texas Cohort,Heart Failure (hf),4852,756,Logistic Regression,PR_AUC,0.5184819105703472,0.4741835766395039,0.5703662051810825,0.5185 (0.4742 - 0.5704)
Texas Cohort,Heart Failure (hf),4852,756,Logistic Regression,F1_Score,0.5629967581432465,0.5302196485836809,0.5945357283113496,0.5630 (0.5302 - 0.5945)
Texas Cohort,Heart Failure (hf),4852,756,Logistic Regression,Accuracy,0.43835736354273946,0.407826982492276,0.470648815653965,0.4384 (0.4078 - 0.4706)
Texas Cohort,Heart Failure (hf),4852,756,Logistic Regression,Precision,0.4058113067199216,0.3722839779562307,0.43516933028919336,0.4058 (0.3723 - 0.4352)
Texas Cohort,Heart Failure (hf),4852,756,Logistic Regression,Recall_Sensitivity,0.919912936190326,0.8943149737352173,0.9478044133286069,0.9199 (0.8943 - 0.9478)
Texas Cohort,Heart Failure (hf),4852,756,Logistic Regression,Specificity,0.12580573389229413,0.09997483221476511,0.15219470182941316,0.1258 (0.1000 - 0.1522)
Texas Cohort,Heart Failure (hf),4852,756,Logistic Regression,Brier_Score,0.2725483979664213,0.25604792423709594,0.28913922974068773,0.2725 (0.2560 - 0.2891)
Texas Cohort,Heart Failure (hf),4852,756,Gradient Boosting,ROC_AUC,0.6457460629294408,0.6074309120166221,0.6827790113303006,0.6457 (0.6074 - 0.6828)
Texas Cohort,Heart Failure (hf),4852,756,Gradient Boosting,PR_AUC,0.5568833292128531,0.5057661919770714,0.6082215730963096,0.5569 (0.5058 - 0.6082)
Texas Cohort,Heart Failure (hf),4852,756,Gradient Boosting,F1_Score,0.5534822779750863,0.5147344374988654,0.5853235830590422,0.5535 (0.5147 - 0.5853)
Texas Cohort,Heart Failure (hf),4852,756,Gradient Boosting,Accuracy,0.5787126673532441,0.5468331616889804,0.607621009268795,0.5787 (0.5468 - 0.6076)
Texas Cohort,Heart Failure (hf),4852,756,Gradient Boosting,Precision,0.47479880191467866,0.4341711804344234,0.5130429150591317,0.4748 (0.4342 - 0.5130)
Texas Cohort,Heart Failure (hf),4852,756,Gradient Boosting,Recall_Sensitivity,0.6640835289325608,0.6181759906759907,0.7114075949367089,0.6641 (0.6182 - 0.7114)
Texas Cohort,Heart Failure (hf),4852,756,Gradient Boosting,Specificity,0.5232310098283848,0.4842953458025228,0.5683498886170252,0.5232 (0.4843 - 0.5683)
Texas Cohort,Heart Failure (hf),4852,756,Gradient Boosting,Brier_Score,0.22750329341168068,0.21606175248633577,0.23897613836412082,0.2275 (0.2161 - 0.2390)
Texas Cohort,Heart Failure (hf),4852,756,LightGBM,ROC_AUC,0.6242919861106621,0.5855619684826302,0.6595893182994974,0.6243 (0.5856 - 0.6596)
Texas Cohort,Heart Failure (hf),4852,756,LightGBM,PR_AUC,0.5245947289059797,0.4726268625507211,0.5705122179615186,0.5246 (0.4726 - 0.5705)
Texas Cohort,Heart Failure (hf),4852,756,LightGBM,F1_Score,0.5565682541795478,0.5129027129086753,0.5882753282801323,0.5566 (0.5129 - 0.5883)
Texas Cohort,Heart Failure (hf),4852,756,LightGBM,Accuracy,0.5117250257466529,0.4746910401647786,0.544799176107106,0.5117 (0.4747 - 0.5448)
Texas Cohort,Heart Failure (hf),4852,756,LightGBM,Precision,0.4331101249609865,0.39056571082041064,0.4641038127073489,0.4331 (0.3906 - 0.4641)
Texas Cohort,Heart Failure (hf),4852,756,LightGBM,Recall_Sensitivity,0.7792575643022783,0.7286625007207519,0.8178118143459916,0.7793 (0.7287 - 0.8178)
Texas Cohort,Heart Failure (hf),4852,756,LightGBM,Specificity,0.33801896852690094,0.306829414907828,0.3752485568337556,0.3380 (0.3068 - 0.3752)
Texas Cohort,Heart Failure (hf),4852,756,LightGBM,Brier_Score,0.2705888122932542,0.2493882783967526,0.2915624689697311,0.2706 (0.2494 - 0.2916)
Texas Cohort,Heart Failure (hf),4852,756,CatBoost,ROC_AUC,0.649170324489501,0.6098852134257537,0.6830508582759548,0.6492 (0.6099 - 0.6831)
Texas Cohort,Heart Failure (hf),4852,756,CatBoost,PR_AUC,0.541589095926852,0.49478839905403177,0.5837196955843541,0.5416 (0.4948 - 0.5837)
Texas Cohort,Heart Failure (hf),4852,756,CatBoost,F1_Score,0.5654130140654735,0.5293681701929784,0.5992038878921763,0.5654 (0.5294 - 0.5992)
Texas Cohort,Heart Failure (hf),4852,756,CatBoost,Accuracy,0.5481513903192585,0.516941297631308,0.5818743563336766,0.5482 (0.5169 - 0.5819)
Texas Cohort,Heart Failure (hf),4852,756,CatBoost,Precision,0.45493614088751216,0.4182959163196709,0.49198352409530777,0.4549 (0.4183 - 0.4920)
Texas Cohort,Heart Failure (hf),4852,756,CatBoost,Recall_Sensitivity,0.7474811858386393,0.7044938016528927,0.7844760132558323,0.7475 (0.7045 - 0.7845)
Texas Cohort,Heart Failure (hf),4852,756,CatBoost,Specificity,0.41873638110167394,0.37544468377349066,0.45518766127140514,0.4187 (0.3754 - 0.4552)
Texas Cohort,Heart Failure (hf),4852,756,CatBoost,Brier_Score,0.22874843956348848,0.21778221883675686,0.23998824303300031,0.2287 (0.2178 - 0.2400)
Texas Cohort,Heart Failure (hf),4852,756,XGBoost,ROC_AUC,0.634978394084484,0.5984702401756289,0.6676731917782729,0.6350 (0.5985 - 0.6677)
Texas Cohort,Heart Failure (hf),4852,756,XGBoost,PR_AUC,0.5481855116486993,0.49845822224143,0.6016153647634657,0.5482 (0.4985 - 0.6016)
Texas Cohort,Heart Failure (hf),4852,756,XGBoost,F1_Score,0.5613098138956235,0.5223394404491143,0.5897102044152558,0.5613 (0.5223 - 0.5897)
Texas Cohort,Heart Failure (hf),4852,756,XGBoost,Accuracy,0.5390679711637487,0.5066683831101957,0.5664778578784758,0.5391 (0.5067 - 0.5665)
Texas Cohort,Heart Failure (hf),4852,756,XGBoost,Precision,0.44877799281838293,0.4153935288682226,0.4849758271513714,0.4488 (0.4154 - 0.4850)
Texas Cohort,Heart Failure (hf),4852,756,XGBoost,Recall_Sensitivity,0.7499790488101499,0.6947295321637428,0.7893709968905307,0.7500 (0.6947 - 0.7894)
Texas Cohort,Heart Failure (hf),4852,756,XGBoost,Specificity,0.40216251663670805,0.36139867016295185,0.44389543390831027,0.4022 (0.3614 - 0.4439)
Texas Cohort,Heart Failure (hf),4852,756,XGBoost,Brier_Score,0.24196562088063736,0.22677811714397064,0.2578564557069877,0.2420 (0.2268 - 0.2579)
Texas Cohort,Heart Failure (hf),4852,756,Standard MLP,ROC_AUC,0.6275680516743521,0.5975582547010739,0.6615167637553138,0.6276 (0.5976 - 0.6615)
Texas Cohort,Heart Failure (hf),4852,756,Standard MLP,PR_AUC,0.5426488243681926,0.48967054259904125,0.5874430732182825,0.5426 (0.4897 - 0.5874)
Texas Cohort,Heart Failure (hf),4852,756,Standard MLP,F1_Score,0.5621654784276715,0.5252476230162226,0.593259310305258,0.5622 (0.5252 - 0.5933)
Texas Cohort,Heart Failure (hf),4852,756,Standard MLP,Accuracy,0.4291503604531411,0.3964727085478888,0.46138002059732236,0.4292 (0.3965 - 0.4614)
Texas Cohort,Heart Failure (hf),4852,756,Standard MLP,Precision,0.4026765986067335,0.3687801273706063,0.432399294744296,0.4027 (0.3688 - 0.4324)
Texas Cohort,Heart Failure (hf),4852,756,Standard MLP,Recall_Sensitivity,0.9318257439156499,0.9064874188311688,0.9551654544957415,0.9318 (0.9065 - 0.9552)
Texas Cohort,Heart Failure (hf),4852,756,Standard MLP,Specificity,0.10288596467065599,0.08386364733716384,0.1256612995130204,0.1029 (0.0839 - 0.1257)
Texas Cohort,Heart Failure (hf),4852,756,Standard MLP,Brier_Score,0.23764824273609622,0.23169936111515207,0.2431617581225707,0.2376 (0.2317 - 0.2432)
Texas Cohort,Heart Failure (hf),4852,756,Standard Transformer,ROC_AUC,0.5646277737804196,0.5308652919988313,0.5948094959055221,0.5646 (0.5309 - 0.5948)
Texas Cohort,Heart Failure (hf),4852,756,Standard Transformer,PR_AUC,0.46199179369617227,0.4195476249602694,0.5024896932319248,0.4620 (0.4195 - 0.5025)
Texas Cohort,Heart Failure (hf),4852,756,Standard Transformer,F1_Score,0.564676743790137,0.5332049117062065,0.5978592266137394,0.5647 (0.5332 - 0.5979)
Texas Cohort,Heart Failure (hf),4852,756,Standard Transformer,Accuracy,0.39357878475798147,0.3635169927909372,0.4263903192584964,0.3936 (0.3635 - 0.4264)
Texas Cohort,Heart Failure (hf),4852,756,Standard Transformer,Precision,0.39357878475798147,0.3635169927909372,0.4263903192584964,0.3936 (0.3635 - 0.4264)
Texas Cohort,Heart Failure (hf),4852,756,Standard Transformer,Recall_Sensitivity,1.0,1.0,1.0,1.0000 (1.0000 - 1.0000)
Texas Cohort,Heart Failure (hf),4852,756,Standard Transformer,Specificity,0.0,0.0,0.0,0.0000 (0.0000 - 0.0000)
Texas Cohort,Heart Failure (hf),4852,756,Standard Transformer,Brier_Score,0.2602493828858688,0.2576044879062025,0.26267719725523825,0.2602 (0.2576 - 0.2627)
Texas Cohort,Heart Failure (hf),4852,756,SAINT Transformer,ROC_AUC,0.6306916036374315,0.591374096583891,0.6627142650999372,0.6307 (0.5914 - 0.6627)
Texas Cohort,Heart Failure (hf),4852,756,SAINT Transformer,PR_AUC,0.5322503377104608,0.4824573715609672,0.5795302993786265,0.5323 (0.4825 - 0.5795)
Texas Cohort,Heart Failure (hf),4852,756,SAINT Transformer,F1_Score,0.5638154979748005,0.5314155942467828,0.5972523499638466,0.5638 (0.5314 - 0.5973)
Texas Cohort,Heart Failure (hf),4852,756,SAINT Transformer,Accuracy,0.3947270854788878,0.3635169927909372,0.42636457260556127,0.3947 (0.3635 - 0.4264)
Texas Cohort,Heart Failure (hf),4852,756,SAINT Transformer,Precision,0.3935791094527504,0.3627812988608443,0.42622359785584524,0.3936 (0.3628 - 0.4262)
Texas Cohort,Heart Failure (hf),4852,756,SAINT Transformer,Recall_Sensitivity,0.9946202492453634,0.9866292191363348,1.0,0.9946 (0.9866 - 1.0000)
Texas Cohort,Heart Failure (hf),4852,756,SAINT Transformer,Specificity,0.005381376229566089,0.0,0.011611540288507213,0.0054 (0.0000 - 0.0116)
Texas Cohort,Heart Failure (hf),4852,756,SAINT Transformer,Brier_Score,0.244055846429064,0.242764725636237,0.24533668789187926,0.2441 (0.2428 - 0.2453)
Texas Cohort,Heart Failure (hf),4852,756,HIR-M3 Transformer,ROC_AUC,0.4574899144435618,0.422218364948173,0.4980693203131037,0.4575 (0.4222 - 0.4981)
Texas Cohort,Heart Failure (hf),4852,756,HIR-M3 Transformer,PR_AUC,0.4023441645834566,0.35949322789447186,0.45036671805685036,0.4023 (0.3595 - 0.4504)
Texas Cohort,Heart Failure (hf),4852,756,HIR-M3 Transformer,F1_Score,0.5636228116086422,0.5320684014206237,0.5948155606689877,0.5636 (0.5321 - 0.5948)
Texas Cohort,Heart Failure (hf),4852,756,HIR-M3 Transformer,Accuracy,0.39255406797116377,0.3624613800205973,0.42330072090628224,0.3926 (0.3625 - 0.4233)
Texas Cohort,Heart Failure (hf),4852,756,HIR-M3 Transformer,Precision,0.39295835096437715,0.36248930769165294,0.42502972178911297,0.3930 (0.3625 - 0.4250)
Texas Cohort,Heart Failure (hf),4852,756,HIR-M3 Transformer,Recall_Sensitivity,0.9974066539773828,0.9920207446808511,1.0,0.9974 (0.9920 - 1.0000)
Texas Cohort,Heart Failure (hf),4852,756,HIR-M3 Transformer,Specificity,0.0,0.0,0.0,0.0000 (0.0000 - 0.0000)
Texas Cohort,Heart Failure (hf),4852,756,HIR-M3 Transformer,Brier_Score,0.24863867295024242,0.24780818575754282,0.2494591635250131,0.2486 (0.2478 - 0.2495)
Texas Cohort,Hypertension (hyp),16161,756,Random Forest,ROC_AUC,0.6557420937371251,0.6352052860280786,0.6765432841852201,0.6557 (0.6352 - 0.6765)
Texas Cohort,Hypertension (hyp),16161,756,Random Forest,PR_AUC,0.37518493931481783,0.3423396961539267,0.4028041292555188,0.3752 (0.3423 - 0.4028)
Texas Cohort,Hypertension (hyp),16161,756,Random Forest,F1_Score,0.43624258900396823,0.41537558102279476,0.46014103344518015,0.4362 (0.4154 - 0.4601)
Texas Cohort,Hypertension (hyp),16161,756,Random Forest,Accuracy,0.5083730281472316,0.4917723476647077,0.5252165171667182,0.5084 (0.4918 - 0.5252)
Texas Cohort,Hypertension (hyp),16161,756,Random Forest,Precision,0.3034168085737543,0.2855939310877593,0.3248614238059314,0.3034 (0.2856 - 0.3249)
Texas Cohort,Hypertension (hyp),16161,756,Random Forest,Recall_Sensitivity,0.7764058158886782,0.7515303793547545,0.8032214642065759,0.7764 (0.7515 - 0.8032)
Texas Cohort,Hypertension (hyp),16161,756,Random Forest,Specificity,0.4213614645862927,0.3981918188474252,0.4378994819082496,0.4214 (0.3982 - 0.4379)
Texas Cohort,Hypertension (hyp),16161,756,Random Forest,Brier_Score,0.2112169768034407,0.20806259601397747,0.21413258699474205,0.2112 (0.2081 - 0.2141)
Texas Cohort,Hypertension (hyp),16161,756,Logistic Regression,ROC_AUC,0.6597593767575515,0.640676548121859,0.679001748377254,0.6598 (0.6407 - 0.6790)
Texas Cohort,Hypertension (hyp),16161,756,Logistic Regression,PR_AUC,0.4074322485732032,0.3773609193693013,0.4422395378087951,0.4074 (0.3774 - 0.4422)
Texas Cohort,Hypertension (hyp),16161,756,Logistic Regression,F1_Score,0.436600689505661,0.4127529171161392,0.4613623203318565,0.4366 (0.4128 - 0.4614)
Texas Cohort,Hypertension (hyp),16161,756,Logistic Regression,Accuracy,0.581917723476647,0.5656974945870709,0.5991416640890813,0.5819 (0.5657 - 0.5991)
Texas Cohort,Hypertension (hyp),16161,756,Logistic Regression,Precision,0.32599609299699295,0.30474334066864933,0.34863018220227093,0.3260 (0.3047 - 0.3486)
Texas Cohort,Hypertension (hyp),16161,756,Logistic Regression,Recall_Sensitivity,0.6612597552646434,0.6289647009538755,0.6897913078607727,0.6613 (0.6290 - 0.6898)
Texas Cohort,Hypertension (hyp),16161,756,Logistic Regression,Specificity,0.5561523151193055,0.5349060388919297,0.5778434494649534,0.5562 (0.5349 - 0.5778)
Texas Cohort,Hypertension (hyp),16161,756,Logistic Regression,Brier_Score,0.23138082287948084,0.22506292153722637,0.23808767888034096,0.2314 (0.2251 - 0.2381)
Texas Cohort,Hypertension (hyp),16161,756,LightGBM,ROC_AUC,0.6490698071226083,0.6281786414050905,0.6710216189106165,0.6491 (0.6282 - 0.6710)
Texas Cohort,Hypertension (hyp),16161,756,LightGBM,PR_AUC,0.39726859306287937,0.36519090379185226,0.43070247415920115,0.3973 (0.3652 - 0.4307)
Texas Cohort,Hypertension (hyp),16161,756,LightGBM,F1_Score,0.4254093664913999,0.40579049519565896,0.4465830235527609,0.4254 (0.4058 - 0.4466)
Texas Cohort,Hypertension (hyp),16161,756,LightGBM,Accuracy,0.42256418187442,0.4039514382926075,0.4386251159913393,0.4226 (0.4040 - 0.4386)
Texas Cohort,Hypertension (hyp),16161,756,LightGBM,Precision,0.28134022911036155,0.2653943592502915,0.2988995544358339,0.2813 (0.2654 - 0.2989)
Texas Cohort,Hypertension (hyp),16161,756,LightGBM,Recall_Sensitivity,0.8724755052625998,0.8479277466301628,0.8952053240475372,0.8725 (0.8479 - 0.8952)
Texas Cohort,Hypertension (hyp),16161,756,LightGBM,Specificity,0.2765216052450446,0.25991039603715665,0.2931117042903206,0.2765 (0.2599 - 0.2931)
Texas Cohort,Hypertension (hyp),16161,756,LightGBM,Brier_Score,0.19264643991620845,0.18622717734829325,0.19932196713926054,0.1926 (0.1862 - 0.1993)
Texas Cohort,Hypertension (hyp),16161,756,Gradient Boosting,ROC_AUC,0.6874298535204164,0.6673475047800155,0.7046483002659324,0.6874 (0.6673 - 0.7046)
Texas Cohort,Hypertension (hyp),16161,756,Gradient Boosting,PR_AUC,0.41360165457421827,0.38191723968546043,0.44390644552099034,0.4136 (0.3819 - 0.4439)
Texas Cohort,Hypertension (hyp),16161,756,Gradient Boosting,F1_Score,0.46573054577155737,0.44413431937432735,0.4902346225346594,0.4657 (0.4441 - 0.4902)
Texas Cohort,Hypertension (hyp),16161,756,Gradient Boosting,Accuracy,0.5905629446334673,0.5756186204763377,0.606580575317043,0.5906 (0.5756 - 0.6066)
Texas Cohort,Hypertension (hyp),16161,756,Gradient Boosting,Precision,0.34238572423709185,0.32056151739975275,0.36679863245220135,0.3424 (0.3206 - 0.3668)
Texas Cohort,Hypertension (hyp),16161,756,Gradient Boosting,Recall_Sensitivity,0.7284675404691461,0.7007099139025009,0.7554698658447333,0.7285 (0.7007 - 0.7555)
Texas Cohort,Hypertension (hyp),16161,756,Gradient Boosting,Specificity,0.5457971502250862,0.5266710221981917,0.56408050464864,0.5458 (0.5267 - 0.5641)
Texas Cohort,Hypertension (hyp),16161,756,Gradient Boosting,Brier_Score,0.21404262219192247,0.20967249333656285,0.2181965567222514,0.2140 (0.2097 - 0.2182)
Texas Cohort,Hypertension (hyp),16161,756,CatBoost,ROC_AUC,0.6755473436065103,0.6560052295853965,0.6933300393867702,0.6755 (0.6560 - 0.6933)
Texas Cohort,Hypertension (hyp),16161,756,CatBoost,PR_AUC,0.40943459906729096,0.37542649725655847,0.4454835135256432,0.4094 (0.3754 - 0.4455)
Texas Cohort,Hypertension (hyp),16161,756,CatBoost,F1_Score,0.4509524793513552,0.4275015089829436,0.4765571672506147,0.4510 (0.4275 - 0.4766)
Texas Cohort,Hypertension (hyp),16161,756,CatBoost,Accuracy,0.6071713578719456,0.5901562016702753,0.625139189607176,0.6072 (0.5902 - 0.6251)
Texas Cohort,Hypertension (hyp),16161,756,CatBoost,Precision,0.34299216245732195,0.31774905141460186,0.3679988292425709,0.3430 (0.3177 - 0.3680)
Texas Cohort,Hypertension (hyp),16161,756,CatBoost,Recall_Sensitivity,0.6585075033562872,0.6267860129358158,0.6854078438025323,0.6585 (0.6268 - 0.6854)
Texas Cohort,Hypertension (hyp),16161,756,CatBoost,Specificity,0.5904954086139105,0.568124352695927,0.6099728245216337,0.5905 (0.5681 - 0.6100)
Texas Cohort,Hypertension (hyp),16161,756,CatBoost,Brier_Score,0.2073529803238398,0.202085684687536,0.2121678820082375,0.2074 (0.2021 - 0.2122)
Texas Cohort,Hypertension (hyp),16161,756,XGBoost,ROC_AUC,0.6619144787536558,0.643118582577938,0.6839898020018098,0.6619 (0.6431 - 0.6840)
Texas Cohort,Hypertension (hyp),16161,756,XGBoost,PR_AUC,0.39331567123519134,0.3595110718203108,0.4267197650064305,0.3933 (0.3595 - 0.4267)
Texas Cohort,Hypertension (hyp),16161,756,XGBoost,F1_Score,0.44180397401175553,0.4180527139345995,0.46784722929889144,0.4418 (0.4181 - 0.4678)
Texas Cohort,Hypertension (hyp),16161,756,XGBoost,Accuracy,0.5916176925456234,0.5756186204763377,0.6087302814723168,0.5916 (0.5756 - 0.6087)
Texas Cohort,Hypertension (hyp),16161,756,XGBoost,Precision,0.332225135183714,0.3112354374610106,0.3555918410484042,0.3322 (0.3112 - 0.3556)
Texas Cohort,Hypertension (hyp),16161,756,XGBoost,Recall_Sensitivity,0.6596883680345595,0.628856875572912,0.6888769580910135,0.6597 (0.6289 - 0.6889)
Texas Cohort,Hypertension (hyp),16161,756,XGBoost,Specificity,0.5695189603722756,0.5497690729281351,0.588647927776939,0.5695 (0.5498 - 0.5886)
Texas Cohort,Hypertension (hyp),16161,756,XGBoost,Brier_Score,0.2023979885978681,0.19660852540147297,0.20805676699878997,0.2024 (0.1966 - 0.2081)
Texas Cohort,Hypertension (hyp),16161,756,Standard MLP,ROC_AUC,0.6385348097524911,0.6185687861073423,0.6581029340385706,0.6385 (0.6186 - 0.6581)
Texas Cohort,Hypertension (hyp),16161,756,Standard MLP,PR_AUC,0.37850114945290114,0.3482478509140639,0.4117388198911782,0.3785 (0.3482 - 0.4117)
Texas Cohort,Hypertension (hyp),16161,756,Standard MLP,F1_Score,0.4159602155260722,0.39329618419888496,0.44473101282552846,0.4160 (0.3933 - 0.4447)
Texas Cohort,Hypertension (hyp),16161,756,Standard MLP,Accuracy,0.5593287967831736,0.5431255799566965,0.5777915248994742,0.5593 (0.5431 - 0.5778)
Texas Cohort,Hypertension (hyp),16161,756,Standard MLP,Precision,0.3080786881810285,0.287919790668073,0.33456342965068997,0.3081 (0.2879 - 0.3346)
Texas Cohort,Hypertension (hyp),16161,756,Standard MLP,Recall_Sensitivity,0.6405623052074041,0.6105487591669294,0.6726790501561015,0.6406 (0.6105 - 0.6727)
Texas Cohort,Hypertension (hyp),16161,756,Standard MLP,Specificity,0.5329492891307454,0.5119701995774641,0.5528472086634233,0.5329 (0.5120 - 0.5528)
Texas Cohort,Hypertension (hyp),16161,756,Standard MLP,Brier_Score,0.23173036960764187,0.22569619423297138,0.2379341523436456,0.2317 (0.2257 - 0.2379)
Texas Cohort,Hypertension (hyp),16161,756,Standard Transformer,ROC_AUC,0.6169448165004698,0.5972605784219722,0.6402358660548721,0.6169 (0.5973 - 0.6402)
Texas Cohort,Hypertension (hyp),16161,756,Standard Transformer,PR_AUC,0.3296528276147732,0.3060210324232593,0.35928555274659585,0.3297 (0.3060 - 0.3593)
Texas Cohort,Hypertension (hyp),16161,756,Standard Transformer,F1_Score,0.4187138342873105,0.39556940075357344,0.44199051254724997,0.4187 (0.3956 - 0.4420)
Texas Cohort,Hypertension (hyp),16161,756,Standard Transformer,Accuracy,0.5383482833281782,0.5230204144757191,0.5558536962573462,0.5383 (0.5230 - 0.5559)
Texas Cohort,Hypertension (hyp),16161,756,Standard Transformer,Precision,0.302829253448829,0.28114433063024613,0.32291740439093486,0.3028 (0.2811 - 0.3229)
Texas Cohort,Hypertension (hyp),16161,756,Standard Transformer,Recall_Sensitivity,0.6786875485180504,0.6478146646142917,0.7098581858555951,0.6787 (0.6478 - 0.7099)
Texas Cohort,Hypertension (hyp),16161,756,Standard Transformer,Specificity,0.49276688013661013,0.47093142042191816,0.5135020726886457,0.4928 (0.4709 - 0.5135)
Texas Cohort,Hypertension (hyp),16161,756,Standard Transformer,Brier_Score,0.24370099013412463,0.23903472852069943,0.24797645917757521,0.2437 (0.2390 - 0.2480)
Texas Cohort,Hypertension (hyp),16161,756,SAINT Transformer,ROC_AUC,0.6445388510353465,0.6253381040653977,0.6642801929080787,0.6445 (0.6253 - 0.6643)
Texas Cohort,Hypertension (hyp),16161,756,SAINT Transformer,PR_AUC,0.37704616067623214,0.35012029621428453,0.4044828362907131,0.3770 (0.3501 - 0.4045)
Texas Cohort,Hypertension (hyp),16161,756,SAINT Transformer,F1_Score,0.39210726779431965,0.37310007882501794,0.4081650208579713,0.3921 (0.3731 - 0.4082)
Texas Cohort,Hypertension (hyp),16161,756,SAINT Transformer,Accuracy,0.24921744509743274,0.2344571605320136,0.2629137024435509,0.2492 (0.2345 - 0.2629)
Texas Cohort,Hypertension (hyp),16161,756,SAINT Transformer,Precision,0.24461304716317123,0.23004917684635168,0.2570580886945659,0.2446 (0.2300 - 0.2571)
Texas Cohort,Hypertension (hyp),16161,756,SAINT Transformer,Recall_Sensitivity,0.9882691786482326,0.980023677012546,0.9949131679389313,0.9883 (0.9800 - 0.9949)
Texas Cohort,Hypertension (hyp),16161,756,SAINT Transformer,Specificity,0.009309861901649435,0.005619804631017386,0.013412494512052455,0.0093 (0.0056 - 0.0134)
Texas Cohort,Hypertension (hyp),16161,756,SAINT Transformer,Brier_Score,0.5006077792072121,0.4917538710341901,0.5101446836026757,0.5006 (0.4918 - 0.5101)
Texas Cohort,Hypertension (hyp),16161,756,HIR-M3 Transformer,ROC_AUC,0.6158472033109353,0.5984088869392937,0.63961494770882,0.6158 (0.5984 - 0.6396)
Texas Cohort,Hypertension (hyp),16161,756,HIR-M3 Transformer,PR_AUC,0.3289137761464645,0.30518800616007447,0.3584239022590082,0.3289 (0.3052 - 0.3584)
Texas Cohort,Hypertension (hyp),16161,756,HIR-M3 Transformer,F1_Score,0.40052130906088457,0.37775741545437364,0.42452460731710834,0.4005 (0.3778 - 0.4245)
Texas Cohort,Hypertension (hyp),16161,756,HIR-M3 Transformer,Accuracy,0.6193086916176926,0.6031317661614599,0.634403031240334,0.6193 (0.6031 - 0.6344)
Texas Cohort,Hypertension (hyp),16161,756,HIR-M3 Transformer,Precision,0.32616679023574086,0.302957832083779,0.3522292336452825,0.3262 (0.3030 - 0.3522)
Texas Cohort,Hypertension (hyp),16161,756,HIR-M3 Transformer,Recall_Sensitivity,0.5191568066232664,0.4899436090225564,0.5508075050469066,0.5192 (0.4899 - 0.5508)
Texas Cohort,Hypertension (hyp),16161,756,HIR-M3 Transformer,Specificity,0.6517996757931244,0.6277300603554454,0.672252243573756,0.6518 (0.6277 - 0.6723)
Texas Cohort,Hypertension (hyp),16161,756,HIR-M3 Transformer,Brier_Score,0.2447265705997809,0.2402225803863814,0.24944731274063814,0.2447 (0.2402 - 0.2494)
Texas Cohort,Diabetes + Heart Failure (d+hf),1216,756,Logistic Regression,ROC_AUC,0.5176750898025815,0.4461922522842539,0.5778221848213994,0.5177 (0.4462 - 0.5778)
Texas Cohort,Diabetes + Heart Failure (d+hf),1216,756,Logistic Regression,PR_AUC,0.5315930077646205,0.44994513197509267,0.6255186360391757,0.5316 (0.4499 - 0.6255)
Texas Cohort,Diabetes + Heart Failure (d+hf),1216,756,Logistic Regression,F1_Score,0.6380212170998597,0.5813953488372093,0.6952741532976826,0.6380 (0.5814 - 0.6953)
Texas Cohort,Diabetes + Heart Failure (d+hf),1216,756,Logistic Regression,Accuracy,0.46915983606557377,0.4098360655737705,0.5328893442622952,0.4692 (0.4098 - 0.5329)
Texas Cohort,Diabetes + Heart Failure (d+hf),1216,756,Logistic Regression,Precision,0.4730418534859976,0.4172520661157025,0.5394666678097458,0.4730 (0.4173 - 0.5395)
Texas Cohort,Diabetes + Heart Failure (d+hf),1216,756,Logistic Regression,Recall_Sensitivity,0.9829306411198583,0.9572271386430679,1.0,0.9829 (0.9572 - 1.0000)
Texas Cohort,Diabetes + Heart Failure (d+hf),1216,756,Logistic Regression,Specificity,0.0,0.0,0.0,0.0000 (0.0000 - 0.0000)
Texas Cohort,Diabetes + Heart Failure (d+hf),1216,756,Logistic Regression,Brier_Score,0.4483796738794548,0.3950924615485052,0.5003073591117378,0.4484 (0.3951 - 0.5003)
Texas Cohort,Diabetes + Heart Failure (d+hf),1216,756,Random Forest,ROC_AUC,0.5626878004175415,0.4936284340392171,0.6248269489247311,0.5627 (0.4936 - 0.6248)
Texas Cohort,Diabetes + Heart Failure (d+hf),1216,756,Random Forest,PR_AUC,0.5757556136135022,0.4829145452045335,0.6624405155908331,0.5758 (0.4829 - 0.6624)
Texas Cohort,Diabetes + Heart Failure (d+hf),1216,756,Random Forest,F1_Score,0.6193093615953588,0.562790490447676,0.6847863311494937,0.6193 (0.5628 - 0.6848)
Texas Cohort,Diabetes + Heart Failure (d+hf),1216,756,Random Forest,Accuracy,0.4557786885245902,0.40153688524590164,0.5246926229508198,0.4558 (0.4015 - 0.5247)
Texas Cohort,Diabetes + Heart Failure (d+hf),1216,756,Random Forest,Precision,0.4649777037947064,0.41101769409629674,0.5361939050450618,0.4650 (0.4110 - 0.5362)
Texas Cohort,Diabetes + Heart Failure (d+hf),1216,756,Random Forest,Recall_Sensitivity,0.9301077436227874,0.8842621547167002,0.9677609855219711,0.9301 (0.8843 - 0.9678)
Texas Cohort,Diabetes + Heart Failure (d+hf),1216,756,Random Forest,Specificity,0.022557869161476597,0.0,0.05512904636920385,0.0226 (0.0000 - 0.0551)
Texas Cohort,Diabetes + Heart Failure (d+hf),1216,756,Random Forest,Brier_Score,0.2507736039560027,0.23870381651028386,0.2646304164768634,0.2508 (0.2387 - 0.2646)
Texas Cohort,Diabetes + Heart Failure (d+hf),1216,756,LightGBM,ROC_AUC,0.5767225127556072,0.5092691480878629,0.6417529583556563,0.5767 (0.5093 - 0.6418)
Texas Cohort,Diabetes + Heart Failure (d+hf),1216,756,LightGBM,PR_AUC,0.5993483480336126,0.512895551316614,0.6832423671228893,0.5993 (0.5129 - 0.6832)
Texas Cohort,Diabetes + Heart Failure (d+hf),1216,756,LightGBM,F1_Score,0.5909543383738349,0.5240929020026069,0.6579846187468129,0.5910 (0.5241 - 0.6580)
Texas Cohort,Diabetes + Heart Failure (d+hf),1216,756,LightGBM,Accuracy,0.5014139344262295,0.4344262295081967,0.5656762295081967,0.5014 (0.4344 - 0.5657)
Texas Cohort,Diabetes + Heart Failure (d+hf),1216,756,LightGBM,Precision,0.4857599368273617,0.4160010282021152,0.565352493244903,0.4858 (0.4160 - 0.5654)
Texas Cohort,Diabetes + Heart Failure (d+hf),1216,756,LightGBM,Recall_Sensitivity,0.7570847254646367,0.672566371681416,0.8281336696090795,0.7571 (0.6726 - 0.8281)
Texas Cohort,Diabetes + Heart Failure (d+hf),1216,756,LightGBM,Specificity,0.26798293979654053,0.1904017857142857,0.33588125548726955,0.2680 (0.1904 - 0.3359)
Texas Cohort,Diabetes + Heart Failure (d+hf),1216,756,LightGBM,Brier_Score,0.34319225490370914,0.3030461255223865,0.3864301843496219,0.3432 (0.3030 - 0.3864)
Texas Cohort,Diabetes + Heart Failure (d+hf),1216,756,Gradient Boosting,ROC_AUC,0.5547111345622412,0.48066542472764595,0.6302116047107691,0.5547 (0.4807 - 0.6302)
Texas Cohort,Diabetes + Heart Failure (d+hf),1216,756,Gradient Boosting,PR_AUC,0.5548904064128393,0.46099133816989446,0.6586116338494344,0.5549 (0.4610 - 0.6586)
Texas Cohort,Diabetes + Heart Failure (d+hf),1216,756,Gradient Boosting,F1_Score,0.6187145969704463,0.5537286466897787,0.689860157640478,0.6187 (0.5537 - 0.6899)
Texas Cohort,Diabetes + Heart Failure (d+hf),1216,756,Gradient Boosting,Accuracy,0.49393442622950817,0.43012295081967217,0.5615778688524591,0.4939 (0.4301 - 0.5616)
Texas Cohort,Diabetes + Heart Failure (d+hf),1216,756,Gradient Boosting,Precision,0.4830021234736076,0.4227594422254923,0.5567216981132076,0.4830 (0.4228 - 0.5567)
Texas Cohort,Diabetes + Heart Failure (d+hf),1216,756,Gradient Boosting,Recall_Sensitivity,0.8631131974028783,0.7927457002457002,0.9211032388663968,0.8631 (0.7927 - 0.9211)
Texas Cohort,Diabetes + Heart Failure (d+hf),1216,756,Gradient Boosting,Specificity,0.15633728873240368,0.09831392004601669,0.21094861534552845,0.1563 (0.0983 - 0.2109)
Texas Cohort,Diabetes + Heart Failure (d+hf),1216,756,Gradient Boosting,Brier_Score,0.2714181716793522,0.2443330407631701,0.2933994267983018,0.2714 (0.2443 - 0.2934)
Texas Cohort,Diabetes + Heart Failure (d+hf),1216,756,CatBoost,ROC_AUC,0.5830056353772658,0.5160090033770556,0.6422726144765775,0.5830 (0.5160 - 0.6423)
Texas Cohort,Diabetes + Heart Failure (d+hf),1216,756,CatBoost,PR_AUC,0.5890775357493122,0.5012965952168186,0.6829069376780089,0.5891 (0.5013 - 0.6829)
Texas Cohort,Diabetes + Heart Failure (d+hf),1216,756,CatBoost,F1_Score,0.5834425093561412,0.5075506072874495,0.6492048146178759,0.5834 (0.5076 - 0.6492)
Texas Cohort,Diabetes + Heart Failure (d+hf),1216,756,CatBoost,Accuracy,0.5361065573770492,0.47120901639344265,0.5943647540983608,0.5361 (0.4712 - 0.5944)
Texas Cohort,Diabetes + Heart Failure (d+hf),1216,756,CatBoost,Precision,0.5103732827129331,0.42857142857142855,0.6012584308196471,0.5104 (0.4286 - 0.6013)
Texas Cohort,Diabetes + Heart Failure (d+hf),1216,756,CatBoost,Recall_Sensitivity,0.6834645578846691,0.5876489572989078,0.761153045288912,0.6835 (0.5876 - 0.7612)
Texas Cohort,Diabetes + Heart Failure (d+hf),1216,756,CatBoost,Specificity,0.4014509204241441,0.31243943798449614,0.47693181818181823,0.4015 (0.3124 - 0.4769)
Texas Cohort,Diabetes + Heart Failure (d+hf),1216,756,CatBoost,Brier_Score,0.2719171011841698,0.2471148018134279,0.2961373943756292,0.2719 (0.2471 - 0.2961)
Texas Cohort,Diabetes + Heart Failure (d+hf),1216,756,XGBoost,ROC_AUC,0.5506243755434876,0.48020551551519763,0.6216061693782479,0.5506 (0.4802 - 0.6216)
Texas Cohort,Diabetes + Heart Failure (d+hf),1216,756,XGBoost,PR_AUC,0.5695146003068983,0.47086796267339126,0.6670758455932437,0.5695 (0.4709 - 0.6671)
Texas Cohort,Diabetes + Heart Failure (d+hf),1216,756,XGBoost,F1_Score,0.6098058836878519,0.5494340633933075,0.6788362541073385,0.6098 (0.5494 - 0.6788)
Texas Cohort,Diabetes + Heart Failure (d+hf),1216,756,XGBoost,Accuracy,0.4900409836065574,0.430327868852459,0.5655737704918032,0.4900 (0.4303 - 0.5656)
Texas Cohort,Diabetes + Heart Failure (d+hf),1216,756,XGBoost,Precision,0.48032817865077637,0.4215092097445039,0.5613808731039586,0.4803 (0.4215 - 0.5614)
Texas Cohort,Diabetes + Heart Failure (d+hf),1216,756,XGBoost,Recall_Sensitivity,0.8376605258840126,0.7618571428571428,0.8974576271186441,0.8377 (0.7619 - 0.8975)
Texas Cohort,Diabetes + Heart Failure (d+hf),1216,756,XGBoost,Specificity,0.17249237714761315,0.11761285909712722,0.2302440137442285,0.1725 (0.1176 - 0.2302)
Texas Cohort,Diabetes + Heart Failure (d+hf),1216,756,XGBoost,Brier_Score,0.31611635026730794,0.2823837887034638,0.3504720670268101,0.3161 (0.2824 - 0.3505)
Texas Cohort,Diabetes + Heart Failure (d+hf),1216,756,Standard MLP,ROC_AUC,0.5047076410269393,0.4311186971549278,0.572572724654378,0.5047 (0.4311 - 0.5726)
Texas Cohort,Diabetes + Heart Failure (d+hf),1216,756,Standard MLP,PR_AUC,0.5267623816794224,0.44339507925637117,0.6206016709202116,0.5268 (0.4434 - 0.6206)
Texas Cohort,Diabetes + Heart Failure (d+hf),1216,756,Standard MLP,F1_Score,0.6473111505559014,0.5936440251993834,0.7056172046955246,0.6473 (0.5936 - 0.7056)
Texas Cohort,Diabetes + Heart Failure (d+hf),1216,756,Standard MLP,Accuracy,0.48135245901639345,0.42612704918032784,0.5451844262295082,0.4814 (0.4261 - 0.5452)
Texas Cohort,Diabetes + Heart Failure (d+hf),1216,756,Standard MLP,Precision,0.4792666760202924,0.42211505893510365,0.5451380456048034,0.4793 (0.4221 - 0.5451)
Texas Cohort,Diabetes + Heart Failure (d+hf),1216,756,Standard MLP,Recall_Sensitivity,1.0,1.0,1.0,1.0000 (1.0000 - 1.0000)
Texas Cohort,Diabetes + Heart Failure (d+hf),1216,756,Standard MLP,Specificity,0.007702780712994825,0.0,0.025429161234245982,0.0077 (0.0000 - 0.0254)
Texas Cohort,Diabetes + Heart Failure (d+hf),1216,756,Standard MLP,Brier_Score,0.25067624827274815,0.24637897311683044,0.254909736958408,0.2507 (0.2464 - 0.2549)
Texas Cohort,Diabetes + Heart Failure (d+hf),1216,756,Standard Transformer,ROC_AUC,0.46527564575658686,0.39401429119080267,0.538164361634824,0.4653 (0.3940 - 0.5382)
Texas Cohort,Diabetes + Heart Failure (d+hf),1216,756,Standard Transformer,PR_AUC,0.4775619942118851,0.39020806650211376,0.5671061704538799,0.4776 (0.3902 - 0.5671)
Texas Cohort,Diabetes + Heart Failure (d+hf),1216,756,Standard Transformer,F1_Score,0.6417767451677088,0.5894931724889,0.7055702917771882,0.6418 (0.5895 - 0.7056)
Texas Cohort,Diabetes + Heart Failure (d+hf),1216,756,Standard Transformer,Accuracy,0.47323770491803274,0.4179303278688525,0.5450819672131147,0.4732 (0.4179 - 0.5451)
Texas Cohort,Diabetes + Heart Failure (d+hf),1216,756,Standard Transformer,Precision,0.4751850920996179,0.41965020576131684,0.5450819672131147,0.4752 (0.4197 - 0.5451)
Texas Cohort,Diabetes + Heart Failure (d+hf),1216,756,Standard Transformer,Recall_Sensitivity,0.9914180135268618,0.9663721899016017,1.0,0.9914 (0.9664 - 1.0000)
Texas Cohort,Diabetes + Heart Failure (d+hf),1216,756,Standard Transformer,Specificity,0.0,0.0,0.0,0.0000 (0.0000 - 0.0000)
Texas Cohort,Diabetes + Heart Failure (d+hf),1216,756,Standard Transformer,Brier_Score,0.2877644677232955,0.2650427153615897,0.30687659896171465,0.2878 (0.2650 - 0.3069)
Texas Cohort,Diabetes + Heart Failure (d+hf),1216,756,SAINT Transformer,ROC_AUC,0.5181135038710116,0.4532671547772214,0.592823613359717,0.5181 (0.4533 - 0.5928)
Texas Cohort,Diabetes + Heart Failure (d+hf),1216,756,SAINT Transformer,PR_AUC,0.4812868938335373,0.40710842914786644,0.5746985105553158,0.4813 (0.4071 - 0.5747)
Texas Cohort,Diabetes + Heart Failure (d+hf),1216,756,SAINT Transformer,F1_Score,0.0,0.0,0.0,0.0000 (0.0000 - 0.0000)
Texas Cohort,Diabetes + Heart Failure (d+hf),1216,756,SAINT Transformer,Accuracy,0.5226639344262296,0.45491803278688525,0.5779713114754099,0.5227 (0.4549 - 0.5780)
Texas Cohort,Diabetes + Heart Failure (d+hf),1216,756,SAINT Transformer,Precision,0.0,0.0,0.0,0.0000 (0.0000 - 0.0000)
Texas Cohort,Diabetes + Heart Failure (d+hf),1216,756,SAINT Transformer,Recall_Sensitivity,0.0,0.0,0.0,0.0000 (0.0000 - 0.0000)
Texas Cohort,Diabetes + Heart Failure (d+hf),1216,756,SAINT Transformer,Specificity,1.0,1.0,1.0,1.0000 (1.0000 - 1.0000)
Texas Cohort,Diabetes + Heart Failure (d+hf),1216,756,SAINT Transformer,Brier_Score,0.25144880659013963,0.24423690609031015,0.25958517792602115,0.2514 (0.2442 - 0.2596)
Texas Cohort,Diabetes + Heart Failure (d+hf),1216,756,HIR-M3 Transformer,ROC_AUC,0.420323513306047,0.34774594095332667,0.4939606078967243,0.4203 (0.3477 - 0.4940)
Texas Cohort,Diabetes + Heart Failure (d+hf),1216,756,HIR-M3 Transformer,PR_AUC,0.4331286765359878,0.35705270745687423,0.527456041797526,0.4331 (0.3571 - 0.5275)
Texas Cohort,Diabetes + Heart Failure (d+hf),1216,756,HIR-M3 Transformer,F1_Score,0.0,0.0,0.0,0.0000 (0.0000 - 0.0000)
Texas Cohort,Diabetes + Heart Failure (d+hf),1216,756,HIR-M3 Transformer,Accuracy,0.5226639344262296,0.45491803278688525,0.5779713114754099,0.5227 (0.4549 - 0.5780)
Texas Cohort,Diabetes + Heart Failure (d+hf),1216,756,HIR-M3 Transformer,Precision,0.0,0.0,0.0,0.0000 (0.0000 - 0.0000)
Texas Cohort,Diabetes + Heart Failure (d+hf),1216,756,HIR-M3 Transformer,Recall_Sensitivity,0.0,0.0,0.0,0.0000 (0.0000 - 0.0000)
Texas Cohort,Diabetes + Heart Failure (d+hf),1216,756,HIR-M3 Transformer,Specificity,1.0,1.0,1.0,1.0000 (1.0000 - 1.0000)
Texas Cohort,Diabetes + Heart Failure (d+hf),1216,756,HIR-M3 Transformer,Brier_Score,0.25056924724038665,0.24930673400645517,0.2519725709172279,0.2506 (0.2493 - 0.2520)
Texas Cohort,Diabetes + Hypertension (d+hyp),3836,756,Logistic Regression,ROC_AUC,0.5853170606123999,0.5437278322620392,0.6300110785907468,0.5853 (0.5437 - 0.6300)
Texas Cohort,Diabetes + Hypertension (d+hyp),3836,756,Logistic Regression,PR_AUC,0.4094777133147643,0.36070867906550447,0.46664152039564905,0.4095 (0.3607 - 0.4666)
Texas Cohort,Diabetes + Hypertension (d+hyp),3836,756,Logistic Regression,F1_Score,0.5003627432164468,0.46550771550771547,0.539047619047619,0.5004 (0.4655 - 0.5390)
Texas Cohort,Diabetes + Hypertension (d+hyp),3836,756,Logistic Regression,Accuracy,0.3347395833333333,0.3033854166666667,0.3697916666666667,0.3347 (0.3034 - 0.3698)
Texas Cohort,Diabetes + Hypertension (d+hyp),3836,756,Logistic Regression,Precision,0.334758885330163,0.304951049178978,0.36946377071281084,0.3348 (0.3050 - 0.3695)
Texas Cohort,Diabetes + Hypertension (d+hyp),3836,756,Logistic Regression,Recall_Sensitivity,0.9919369024676797,0.9813397766805072,1.0,0.9919 (0.9813 - 1.0000)
Texas Cohort,Diabetes + Hypertension (d+hyp),3836,756,Logistic Regression,Specificity,0.0020121290920585982,0.0,0.006,0.0020 (0.0000 - 0.0060)
Texas Cohort,Diabetes + Hypertension (d+hyp),3836,756,Logistic Regression,Brier_Score,0.28332549693324166,0.262582760918538,0.3023239887669404,0.2833 (0.2626 - 0.3023)
Texas Cohort,Diabetes + Hypertension (d+hyp),3836,756,Random Forest,ROC_AUC,0.6162624693878611,0.5718663699368848,0.6538058951883915,0.6163 (0.5719 - 0.6538)
Texas Cohort,Diabetes + Hypertension (d+hyp),3836,756,Random Forest,PR_AUC,0.44489319192450083,0.3977332771344952,0.5081082019839731,0.4449 (0.3977 - 0.5081)
Texas Cohort,Diabetes + Hypertension (d+hyp),3836,756,Random Forest,F1_Score,0.5173615890594419,0.4782482468985992,0.5603385681939973,0.5174 (0.4782 - 0.5603)
Texas Cohort,Diabetes + Hypertension (d+hyp),3836,756,Random Forest,Accuracy,0.43201171875,0.3919270833333333,0.4674479166666667,0.4320 (0.3919 - 0.4674)
Texas Cohort,Diabetes + Hypertension (d+hyp),3836,756,Random Forest,Precision,0.36221647118682776,0.32571761189880455,0.40358369673939753,0.3622 (0.3257 - 0.4036)
Texas Cohort,Diabetes + Hypertension (d+hyp),3836,756,Random Forest,Recall_Sensitivity,0.9065534812977845,0.8715235941889639,0.9357038123167155,0.9066 (0.8715 - 0.9357)
Texas Cohort,Diabetes + Hypertension (d+hyp),3836,756,Random Forest,Specificity,0.19176405049592676,0.16128268572825025,0.23215356250070696,0.1918 (0.1613 - 0.2322)
Texas Cohort,Diabetes + Hypertension (d+hyp),3836,756,Random Forest,Brier_Score,0.22197434265025615,0.21408846382004845,0.23014985344104896,0.2220 (0.2141 - 0.2301)
Texas Cohort,Diabetes + Hypertension (d+hyp),3836,756,Gradient Boosting,ROC_AUC,0.6273215261679407,0.5889849353735801,0.6627384638196221,0.6273 (0.5890 - 0.6627)
Texas Cohort,Diabetes + Hypertension (d+hyp),3836,756,Gradient Boosting,PR_AUC,0.4702298392307347,0.4190517816189658,0.5293861551197094,0.4702 (0.4191 - 0.5294)
Texas Cohort,Diabetes + Hypertension (d+hyp),3836,756,Gradient Boosting,F1_Score,0.5158854681259413,0.4802391497534687,0.5540997034905651,0.5159 (0.4802 - 0.5541)
Texas Cohort,Diabetes + Hypertension (d+hyp),3836,756,Gradient Boosting,Accuracy,0.4136458333333334,0.3827799479166667,0.44534505208333336,0.4136 (0.3828 - 0.4453)
Texas Cohort,Diabetes + Hypertension (d+hyp),3836,756,Gradient Boosting,Precision,0.35711607435133,0.3234037731009566,0.3904507362155389,0.3571 (0.3234 - 0.3905)
Texas Cohort,Diabetes + Hypertension (d+hyp),3836,756,Gradient Boosting,Recall_Sensitivity,0.9303579344560663,0.9034626577537025,0.9607426561545226,0.9304 (0.9035 - 0.9607)
Texas Cohort,Diabetes + Hypertension (d+hyp),3836,756,Gradient Boosting,Specificity,0.15200525152855693,0.12252547489201314,0.18458217469985877,0.1520 (0.1225 - 0.1846)
Texas Cohort,Diabetes + Hypertension (d+hyp),3836,756,Gradient Boosting,Brier_Score,0.22658647355609848,0.21675814325908677,0.23658717910956092,0.2266 (0.2168 - 0.2366)
Texas Cohort,Diabetes + Hypertension (d+hyp),3836,756,LightGBM,ROC_AUC,0.6052654478070698,0.562403055094142,0.6522707222186143,0.6053 (0.5624 - 0.6523)
Texas Cohort,Diabetes + Hypertension (d+hyp),3836,756,LightGBM,PR_AUC,0.47337756241862844,0.4194946695386256,0.5371709726048679,0.4734 (0.4195 - 0.5372)
Texas Cohort,Diabetes + Hypertension (d+hyp),3836,756,LightGBM,F1_Score,0.5010651760040109,0.47060669456066945,0.537080130410074,0.5011 (0.4706 - 0.5371)
Texas Cohort,Diabetes + Hypertension (d+hyp),3836,756,LightGBM,Accuracy,0.36,0.3307291666666667,0.3919270833333333,0.3600 (0.3307 - 0.3919)
Texas Cohort,Diabetes + Hypertension (d+hyp),3836,756,LightGBM,Precision,0.33958277355328215,0.31182254640323537,0.37164858953255014,0.3396 (0.3118 - 0.3716)
Texas Cohort,Diabetes + Hypertension (d+hyp),3836,756,LightGBM,Recall_Sensitivity,0.9569993181691403,0.9307558139534884,0.976911119380999,0.9570 (0.9308 - 0.9769)
Texas Cohort,Diabetes + Hypertension (d+hyp),3836,756,LightGBM,Specificity,0.05772333692009325,0.035291681890147364,0.07813760080645162,0.0577 (0.0353 - 0.0781)
Texas Cohort,Diabetes + Hypertension (d+hyp),3836,756,LightGBM,Brier_Score,0.26310232186257443,0.2367696834337954,0.28415552365487573,0.2631 (0.2368 - 0.2842)
Texas Cohort,Diabetes + Hypertension (d+hyp),3836,756,CatBoost,ROC_AUC,0.6480897466724578,0.6100832517786984,0.6874378592068318,0.6481 (0.6101 - 0.6874)
Texas Cohort,Diabetes + Hypertension (d+hyp),3836,756,CatBoost,PR_AUC,0.49499018928319416,0.4395822336924213,0.5516362243754878,0.4950 (0.4396 - 0.5516)
Texas Cohort,Diabetes + Hypertension (d+hyp),3836,756,CatBoost,F1_Score,0.5205724931098282,0.4801772045716682,0.5569678871235766,0.5206 (0.4802 - 0.5570)
Texas Cohort,Diabetes + Hypertension (d+hyp),3836,756,CatBoost,Accuracy,0.44570963541666664,0.41142578125,0.4818033854166667,0.4457 (0.4114 - 0.4818)
Texas Cohort,Diabetes + Hypertension (d+hyp),3836,756,CatBoost,Precision,0.36708402432686926,0.3291833456038304,0.4006518789302604,0.3671 (0.3292 - 0.4007)
Texas Cohort,Diabetes + Hypertension (d+hyp),3836,756,CatBoost,Recall_Sensitivity,0.8961626191511002,0.8582368330759993,0.9291787524640946,0.8962 (0.8582 - 0.9292)
Texas Cohort,Diabetes + Hypertension (d+hyp),3836,756,CatBoost,Specificity,0.2176561703867469,0.18624479859424764,0.255944999764251,0.2177 (0.1862 - 0.2559)
Texas Cohort,Diabetes + Hypertension (d+hyp),3836,756,CatBoost,Brier_Score,0.2181464076316783,0.20521333718298984,0.2312157548188126,0.2181 (0.2052 - 0.2312)
Texas Cohort,Diabetes + Hypertension (d+hyp),3836,756,XGBoost,ROC_AUC,0.6168332386021963,0.5751497798955109,0.654146107137016,0.6168 (0.5751 - 0.6541)
Texas Cohort,Diabetes + Hypertension (d+hyp),3836,756,XGBoost,PR_AUC,0.4812713116465301,0.4263943216140192,0.5407471737661896,0.4813 (0.4264 - 0.5407)
Texas Cohort,Diabetes + Hypertension (d+hyp),3836,756,XGBoost,F1_Score,0.5018517923135704,0.4658082975679543,0.5381341917039248,0.5019 (0.4658 - 0.5381)
Texas Cohort,Diabetes + Hypertension (d+hyp),3836,756,XGBoost,Accuracy,0.38624348958333327,0.3502278645833334,0.41416015625,0.3862 (0.3502 - 0.4142)
Texas Cohort,Diabetes + Hypertension (d+hyp),3836,756,XGBoost,Precision,0.3451738146129651,0.311776924037981,0.3802483961295161,0.3452 (0.3118 - 0.3802)
Texas Cohort,Diabetes + Hypertension (d+hyp),3836,756,XGBoost,Recall_Sensitivity,0.9206304507275667,0.8892963541973925,0.9506060836501902,0.9206 (0.8893 - 0.9506)
Texas Cohort,Diabetes + Hypertension (d+hyp),3836,756,XGBoost,Specificity,0.11571977347285287,0.08707189468946896,0.1426250646176982,0.1157 (0.0871 - 0.1426)
Texas Cohort,Diabetes + Hypertension (d+hyp),3836,756,XGBoost,Brier_Score,0.23421272113826955,0.21688096410496208,0.25240767377414547,0.2342 (0.2169 - 0.2524)
Texas Cohort,Diabetes + Hypertension (d+hyp),3836,756,Standard MLP,ROC_AUC,0.5779128950502256,0.5385961349739894,0.6210602869524001,0.5779 (0.5386 - 0.6211)
Texas Cohort,Diabetes + Hypertension (d+hyp),3836,756,Standard MLP,PR_AUC,0.4223142820594134,0.3650721518358944,0.4792579478786416,0.4223 (0.3651 - 0.4793)
Texas Cohort,Diabetes + Hypertension (d+hyp),3836,756,Standard MLP,F1_Score,0.5009257902907702,0.4673904981477498,0.536128225512604,0.5009 (0.4674 - 0.5361)
Texas Cohort,Diabetes + Hypertension (d+hyp),3836,756,Standard MLP,Accuracy,0.3386588541666667,0.30859375,0.3724283854166667,0.3387 (0.3086 - 0.3724)
Texas Cohort,Diabetes + Hypertension (d+hyp),3836,756,Standard MLP,Precision,0.3356775116207448,0.30616603895275246,0.3690977443609023,0.3357 (0.3062 - 0.3691)
Texas Cohort,Diabetes + Hypertension (d+hyp),3836,756,Standard MLP,Recall_Sensitivity,0.9883275318159519,0.9729372665348276,1.0,0.9883 (0.9729 - 1.0000)
Texas Cohort,Diabetes + Hypertension (d+hyp),3836,756,Standard MLP,Specificity,0.00973818824349929,0.0019720965309200605,0.017929181477682087,0.0097 (0.0020 - 0.0179)
Texas Cohort,Diabetes + Hypertension (d+hyp),3836,756,Standard MLP,Brier_Score,0.2566108893348403,0.2539092299425378,0.2593031655402954,0.2566 (0.2539 - 0.2593)
Texas Cohort,Diabetes + Hypertension (d+hyp),3836,756,Standard Transformer,ROC_AUC,0.5139737342109462,0.4667605660078301,0.5530678945945269,0.5140 (0.4668 - 0.5531)
Texas Cohort,Diabetes + Hypertension (d+hyp),3836,756,Standard Transformer,PR_AUC,0.37808793829563003,0.33267784246404364,0.42675127024184634,0.3781 (0.3327 - 0.4268)
Texas Cohort,Diabetes + Hypertension (d+hyp),3836,756,Standard Transformer,F1_Score,0.5018595736452699,0.47056179115002644,0.5371776539350279,0.5019 (0.4706 - 0.5372)
Texas Cohort,Diabetes + Hypertension (d+hyp),3836,756,Standard Transformer,Accuracy,0.33598958333333334,0.30859375,0.36722005208333336,0.3360 (0.3086 - 0.3672)
Texas Cohort,Diabetes + Hypertension (d+hyp),3836,756,Standard Transformer,Precision,0.33563000586076813,0.30808395260092386,0.36817885117493476,0.3356 (0.3081 - 0.3682)
Texas Cohort,Diabetes + Hypertension (d+hyp),3836,756,Standard Transformer,Recall_Sensitivity,0.9960303765644983,0.98784669141734,1.0,0.9960 (0.9878 - 1.0000)
Texas Cohort,Diabetes + Hypertension (d+hyp),3836,756,Standard Transformer,Specificity,0.0018173167775188662,0.0,0.006021625000970786,0.0018 (0.0000 - 0.0060)
Texas Cohort,Diabetes + Hypertension (d+hyp),3836,756,Standard Transformer,Brier_Score,0.2798083309432866,0.27479582238829425,0.28400446907939575,0.2798 (0.2748 - 0.2840)
Texas Cohort,Diabetes + Hypertension (d+hyp),3836,756,SAINT Transformer,ROC_AUC,0.5326406230333324,0.4881878015963077,0.5775306307759525,0.5326 (0.4882 - 0.5775)
Texas Cohort,Diabetes + Hypertension (d+hyp),3836,756,SAINT Transformer,PR_AUC,0.3783125476908937,0.33067107979733784,0.4300773733730795,0.3783 (0.3307 - 0.4301)
Texas Cohort,Diabetes + Hypertension (d+hyp),3836,756,SAINT Transformer,F1_Score,0.0,0.0,0.0,0.0000 (0.0000 - 0.0000)
Texas Cohort,Diabetes + Hypertension (d+hyp),3836,756,SAINT Transformer,Accuracy,0.66388671875,0.6301757812500001,0.6927083333333334,0.6639 (0.6302 - 0.6927)
Texas Cohort,Diabetes + Hypertension (d+hyp),3836,756,SAINT Transformer,Precision,0.0,0.0,0.0,0.0000 (0.0000 - 0.0000)
Texas Cohort,Diabetes + Hypertension (d+hyp),3836,756,SAINT Transformer,Recall_Sensitivity,0.0,0.0,0.0,0.0000 (0.0000 - 0.0000)
Texas Cohort,Diabetes + Hypertension (d+hyp),3836,756,SAINT Transformer,Specificity,1.0,1.0,1.0,1.0000 (1.0000 - 1.0000)
Texas Cohort,Diabetes + Hypertension (d+hyp),3836,756,SAINT Transformer,Brier_Score,0.24058678856676527,0.23870039400307355,0.24258504042894838,0.2406 (0.2387 - 0.2426)
Texas Cohort,Diabetes + Hypertension (d+hyp),3836,756,HIR-M3 Transformer,ROC_AUC,0.5097558610679404,0.4646894151425477,0.5595169241178277,0.5098 (0.4647 - 0.5595)
Texas Cohort,Diabetes + Hypertension (d+hyp),3836,756,HIR-M3 Transformer,PR_AUC,0.36210036402510476,0.31490662763990157,0.42286679801653926,0.3621 (0.3149 - 0.4229)
Texas Cohort,Diabetes + Hypertension (d+hyp),3836,756,HIR-M3 Transformer,F1_Score,0.5014680734179384,0.4688727203150018,0.5337073745596812,0.5015 (0.4689 - 0.5337)
Texas Cohort,Diabetes + Hypertension (d+hyp),3836,756,HIR-M3 Transformer,Accuracy,0.34001953125,0.30859375,0.37112630208333336,0.3400 (0.3086 - 0.3711)
Texas Cohort,Diabetes + Hypertension (d+hyp),3836,756,HIR-M3 Transformer,Precision,0.3361542533194432,0.30775079033680375,0.36730154522700414,0.3362 (0.3078 - 0.3673)
Texas Cohort,Diabetes + Hypertension (d+hyp),3836,756,HIR-M3 Transformer,Recall_Sensitivity,0.9884344261208767,0.9754302249399432,1.0,0.9884 (0.9754 - 1.0000)
Texas Cohort,Diabetes + Hypertension (d+hyp),3836,756,HIR-M3 Transformer,Specificity,0.011751550363029918,0.003875594863966957,0.020838312619502867,0.0118 (0.0039 - 0.0208)
Texas Cohort,Diabetes + Hypertension (d+hyp),3836,756,HIR-M3 Transformer,Brier_Score,0.256179915486828,0.2549186163376491,0.25729376975590934,0.2562 (0.2549 - 0.2573)
Texas Cohort,Heart Failure + Hypertension (hf+hyp),3266,756,Random Forest,ROC_AUC,0.6595323185245752,0.6231486826926753,0.7002973993375186,0.6595 (0.6231 - 0.7003)
Texas Cohort,Heart Failure + Hypertension (hf+hyp),3266,756,Random Forest,PR_AUC,0.583041979175002,0.5291993690116166,0.6393601817840816,0.5830 (0.5292 - 0.6394)
Texas Cohort,Heart Failure + Hypertension (hf+hyp),3266,756,Random Forest,F1_Score,0.6227718966144029,0.5892307692307692,0.6524687397005803,0.6228 (0.5892 - 0.6525)
Texas Cohort,Heart Failure + Hypertension (hf+hyp),3266,756,Random Forest,Accuracy,0.49779816513761466,0.4632262996941896,0.5336391437308868,0.4978 (0.4632 - 0.5336)
Texas Cohort,Heart Failure + Hypertension (hf+hyp),3266,756,Random Forest,Precision,0.45924446020032605,0.42360169491525423,0.4914973192666897,0.4592 (0.4236 - 0.4915)
Texas Cohort,Heart Failure + Hypertension (hf+hyp),3266,756,Random Forest,Recall_Sensitivity,0.9683499235726277,0.9495155167379012,0.985927469579381,0.9683 (0.9495 - 0.9859)
Texas Cohort,Heart Failure + Hypertension (hf+hyp),3266,756,Random Forest,Specificity,0.14494510128024787,0.10965343505221933,0.1845324569221628,0.1449 (0.1097 - 0.1845)
Texas Cohort,Heart Failure + Hypertension (hf+hyp),3266,756,Random Forest,Brier_Score,0.22706163819253994,0.21820009431954449,0.23457272538628182,0.2271 (0.2182 - 0.2346)
Texas Cohort,Heart Failure + Hypertension (hf+hyp),3266,756,Logistic Regression,ROC_AUC,0.6290059723116492,0.5907567744377951,0.6652166747609514,0.6290 (0.5908 - 0.6652)
Texas Cohort,Heart Failure + Hypertension (hf+hyp),3266,756,Logistic Regression,PR_AUC,0.5520835796251679,0.49550886129855515,0.6074623281275717,0.5521 (0.4955 - 0.6075)
Texas Cohort,Heart Failure + Hypertension (hf+hyp),3266,756,Logistic Regression,F1_Score,0.5974842717712548,0.5594472614022444,0.6299973884165687,0.5975 (0.5594 - 0.6300)
Texas Cohort,Heart Failure + Hypertension (hf+hyp),3266,756,Logistic Regression,Accuracy,0.44367737003058105,0.40672782874617736,0.4801223241590214,0.4437 (0.4067 - 0.4801)
Texas Cohort,Heart Failure + Hypertension (hf+hyp),3266,756,Logistic Regression,Precision,0.4330740567995622,0.396111884057971,0.4674143089405796,0.4331 (0.3961 - 0.4674)
Texas Cohort,Heart Failure + Hypertension (hf+hyp),3266,756,Logistic Regression,Recall_Sensitivity,0.9644478005004262,0.9438243089738736,0.9829756743579269,0.9644 (0.9438 - 0.9830)
Texas Cohort,Heart Failure + Hypertension (hf+hyp),3266,756,Logistic Regression,Specificity,0.05323943353940182,0.03233426048058726,0.07593266456858118,0.0532 (0.0323 - 0.0759)
Texas Cohort,Heart Failure + Hypertension (hf+hyp),3266,756,Logistic Regression,Brier_Score,0.2820490274023366,0.2619716051645352,0.30639064947318334,0.2820 (0.2620 - 0.3064)
Texas Cohort,Heart Failure + Hypertension (hf+hyp),3266,756,Gradient Boosting,ROC_AUC,0.6646569822377046,0.6254514381698232,0.6963008693513428,0.6647 (0.6255 - 0.6963)
Texas Cohort,Heart Failure + Hypertension (hf+hyp),3266,756,Gradient Boosting,PR_AUC,0.6084112850357266,0.5573325179653407,0.6600960438015563,0.6084 (0.5573 - 0.6601)
Texas Cohort,Heart Failure + Hypertension (hf+hyp),3266,756,Gradient Boosting,F1_Score,0.6031936625130472,0.5674583492964163,0.6355920896130538,0.6032 (0.5675 - 0.6356)
Texas Cohort,Heart Failure + Hypertension (hf+hyp),3266,756,Gradient Boosting,Accuracy,0.4510626911314985,0.4173165137614679,0.48474770642201837,0.4511 (0.4173 - 0.4847)
Texas Cohort,Heart Failure + Hypertension (hf+hyp),3266,756,Gradient Boosting,Precision,0.4370077951599953,0.3993448424642758,0.4706839020725709,0.4370 (0.3993 - 0.4707)
Texas Cohort,Heart Failure + Hypertension (hf+hyp),3266,756,Gradient Boosting,Recall_Sensitivity,0.9745711069513174,0.9530750704887219,0.9889453180246088,0.9746 (0.9531 - 0.9889)
Texas Cohort,Heart Failure + Hypertension (hf+hyp),3266,756,Gradient Boosting,Specificity,0.05848879793725656,0.039877951988414845,0.08445116471970693,0.0585 (0.0399 - 0.0845)
Texas Cohort,Heart Failure + Hypertension (hf+hyp),3266,756,Gradient Boosting,Brier_Score,0.2271938971879463,0.21594964924764337,0.23857533582572563,0.2272 (0.2159 - 0.2386)
Texas Cohort,Heart Failure + Hypertension (hf+hyp),3266,756,LightGBM,ROC_AUC,0.6395118132917542,0.6026082092563496,0.671446471003444,0.6395 (0.6026 - 0.6714)
Texas Cohort,Heart Failure + Hypertension (hf+hyp),3266,756,LightGBM,PR_AUC,0.5628189167549702,0.5067439344961511,0.6224355329810272,0.5628 (0.5067 - 0.6224)
Texas Cohort,Heart Failure + Hypertension (hf+hyp),3266,756,LightGBM,F1_Score,0.6105728649869063,0.5696569652693906,0.6457795154363504,0.6106 (0.5697 - 0.6458)
Texas Cohort,Heart Failure + Hypertension (hf+hyp),3266,756,LightGBM,Accuracy,0.4970030581039755,0.4556192660550459,0.5291284403669725,0.4970 (0.4556 - 0.5291)
Texas Cohort,Heart Failure + Hypertension (hf+hyp),3266,756,LightGBM,Precision,0.4568907600994866,0.41382545321266456,0.49302631578947365,0.4569 (0.4138 - 0.4930)
Texas Cohort,Heart Failure + Hypertension (hf+hyp),3266,756,LightGBM,Recall_Sensitivity,0.921156480675333,0.8903729071537291,0.9513917262512768,0.9212 (0.8904 - 0.9514)
Texas Cohort,Heart Failure + Hypertension (hf+hyp),3266,756,LightGBM,Specificity,0.17889718033124788,0.1450524090071204,0.21901840599291209,0.1789 (0.1451 - 0.2190)
Texas Cohort,Heart Failure + Hypertension (hf+hyp),3266,756,LightGBM,Brier_Score,0.288588913751035,0.268680235978099,0.3096526425369915,0.2886 (0.2687 - 0.3097)
Texas Cohort,Heart Failure + Hypertension (hf+hyp),3266,756,CatBoost,ROC_AUC,0.6569259008621178,0.6199954147019309,0.6911406415314926,0.6569 (0.6200 - 0.6911)
Texas Cohort,Heart Failure + Hypertension (hf+hyp),3266,756,CatBoost,PR_AUC,0.6007657586082205,0.5528424264067813,0.6557264108302301,0.6008 (0.5528 - 0.6557)
Texas Cohort,Heart Failure + Hypertension (hf+hyp),3266,756,CatBoost,F1_Score,0.6038964306318109,0.5674724517906335,0.6393739372471381,0.6039 (0.5675 - 0.6394)
Texas Cohort,Heart Failure + Hypertension (hf+hyp),3266,756,CatBoost,Accuracy,0.5479434250764526,0.5182721712538226,0.5841360856269113,0.5479 (0.5183 - 0.5841)
Texas Cohort,Heart Failure + Hypertension (hf+hyp),3266,756,CatBoost,Precision,0.4835534415645769,0.4422520951120735,0.5271975642883839,0.4836 (0.4423 - 0.5272)
Texas Cohort,Heart Failure + Hypertension (hf+hyp),3266,756,CatBoost,Recall_Sensitivity,0.8050695659663691,0.7552264522481129,0.8539623615357128,0.8051 (0.7552 - 0.8540)
Texas Cohort,Heart Failure + Hypertension (hf+hyp),3266,756,CatBoost,Specificity,0.3551584095452215,0.30746069593241004,0.4108346581875994,0.3552 (0.3075 - 0.4108)
Texas Cohort,Heart Failure + Hypertension (hf+hyp),3266,756,CatBoost,Brier_Score,0.23119732403899712,0.21883110963995467,0.24547519654113148,0.2312 (0.2188 - 0.2455)
Texas Cohort,Heart Failure + Hypertension (hf+hyp),3266,756,XGBoost,ROC_AUC,0.6580817955177,0.6267025161612916,0.6921776282632561,0.6581 (0.6267 - 0.6922)
Texas Cohort,Heart Failure + Hypertension (hf+hyp),3266,756,XGBoost,PR_AUC,0.5989923423595513,0.5522307381175061,0.6616409953005441,0.5990 (0.5522 - 0.6616)
Texas Cohort,Heart Failure + Hypertension (hf+hyp),3266,756,XGBoost,F1_Score,0.612538203018478,0.5744102440431965,0.6433036634557878,0.6125 (0.5744 - 0.6433)
Texas Cohort,Heart Failure + Hypertension (hf+hyp),3266,756,XGBoost,Accuracy,0.4870336391437309,0.4510703363914373,0.5198776758409785,0.4870 (0.4511 - 0.5199)
Texas Cohort,Heart Failure + Hypertension (hf+hyp),3266,756,XGBoost,Precision,0.45287508058475495,0.41385933503836314,0.48711632243258746,0.4529 (0.4139 - 0.4871)
Texas Cohort,Heart Failure + Hypertension (hf+hyp),3266,756,XGBoost,Recall_Sensitivity,0.9472026641794429,0.9239324363849079,0.969121458019763,0.9472 (0.9239 - 0.9691)
Texas Cohort,Heart Failure + Hypertension (hf+hyp),3266,756,XGBoost,Specificity,0.14190114262820008,0.1095538005566198,0.17117562844751358,0.1419 (0.1096 - 0.1712)
Texas Cohort,Heart Failure + Hypertension (hf+hyp),3266,756,XGBoost,Brier_Score,0.24168009812504868,0.22595525504767353,0.25834500558685725,0.2417 (0.2260 - 0.2583)
Texas Cohort,Heart Failure + Hypertension (hf+hyp),3266,756,Standard MLP,ROC_AUC,0.616382905964564,0.5755986847562604,0.6567018943941321,0.6164 (0.5756 - 0.6567)
Texas Cohort,Heart Failure + Hypertension (hf+hyp),3266,756,Standard MLP,PR_AUC,0.5448339342366256,0.4944049865274693,0.5946564738016468,0.5448 (0.4944 - 0.5947)
Texas Cohort,Heart Failure + Hypertension (hf+hyp),3266,756,Standard MLP,F1_Score,0.5971059519005475,0.5575876451029576,0.6291922180801491,0.5971 (0.5576 - 0.6292)
Texas Cohort,Heart Failure + Hypertension (hf+hyp),3266,756,Standard MLP,Accuracy,0.4476070336391437,0.41280581039755354,0.4816896024464832,0.4476 (0.4128 - 0.4817)
Texas Cohort,Heart Failure + Hypertension (hf+hyp),3266,756,Standard MLP,Precision,0.4343549563311382,0.3951528082263284,0.46787664216618086,0.4344 (0.3952 - 0.4679)
Texas Cohort,Heart Failure + Hypertension (hf+hyp),3266,756,Standard MLP,Recall_Sensitivity,0.9561575954274941,0.9315043766381484,0.9767658799028115,0.9562 (0.9315 - 0.9768)
Texas Cohort,Heart Failure + Hypertension (hf+hyp),3266,756,Standard MLP,Specificity,0.06626335782491638,0.04346947146372905,0.09144223863752951,0.0663 (0.0435 - 0.0914)
Texas Cohort,Heart Failure + Hypertension (hf+hyp),3266,756,Standard MLP,Brier_Score,0.2449248133516365,0.23496933489676464,0.25581148840173373,0.2449 (0.2350 - 0.2558)
Texas Cohort,Heart Failure + Hypertension (hf+hyp),3266,756,Standard Transformer,ROC_AUC,0.5173515616770326,0.46659798855962936,0.5624266820724403,0.5174 (0.4666 - 0.5624)
Texas Cohort,Heart Failure + Hypertension (hf+hyp),3266,756,Standard Transformer,PR_AUC,0.4501874133928295,0.3916268645936151,0.4974304613757615,0.4502 (0.3916 - 0.4974)
Texas Cohort,Heart Failure + Hypertension (hf+hyp),3266,756,Standard Transformer,F1_Score,0.6053473048051374,0.5685310287169223,0.6369114476041777,0.6053 (0.5685 - 0.6369)
Texas Cohort,Heart Failure + Hypertension (hf+hyp),3266,756,Standard Transformer,Accuracy,0.44970948012232415,0.4143348623853211,0.4803134556574924,0.4497 (0.4143 - 0.4803)
Texas Cohort,Heart Failure + Hypertension (hf+hyp),3266,756,Standard Transformer,Precision,0.4370305145065324,0.3990456414966258,0.4708802024746907,0.4370 (0.3990 - 0.4709)
Texas Cohort,Heart Failure + Hypertension (hf+hyp),3266,756,Standard Transformer,Recall_Sensitivity,0.9858047266264021,0.9708787878787879,0.9967715231788079,0.9858 (0.9709 - 0.9968)
Texas Cohort,Heart Failure + Hypertension (hf+hyp),3266,756,Standard Transformer,Specificity,0.047729991710791016,0.028624131944444447,0.07219251336898395,0.0477 (0.0286 - 0.0722)
Texas Cohort,Heart Failure + Hypertension (hf+hyp),3266,756,Standard Transformer,Brier_Score,0.2534898296857909,0.25156146295944287,0.2556240141905228,0.2535 (0.2516 - 0.2556)
Texas Cohort,Heart Failure + Hypertension (hf+hyp),3266,756,SAINT Transformer,ROC_AUC,0.5930552815848367,0.5483985091822766,0.6326496954802368,0.5931 (0.5484 - 0.6326)
Texas Cohort,Heart Failure + Hypertension (hf+hyp),3266,756,SAINT Transformer,PR_AUC,0.5030040242293201,0.4499147564179508,0.5627067989202055,0.5030 (0.4499 - 0.5627)
Texas Cohort,Heart Failure + Hypertension (hf+hyp),3266,756,SAINT Transformer,F1_Score,0.0,0.0,0.0,0.0000 (0.0000 - 0.0000)
Texas Cohort,Heart Failure + Hypertension (hf+hyp),3266,756,SAINT Transformer,Accuracy,0.5714678899082569,0.539717125382263,0.6085626911314985,0.5715 (0.5397 - 0.6086)
Texas Cohort,Heart Failure + Hypertension (hf+hyp),3266,756,SAINT Transformer,Precision,0.0,0.0,0.0,0.0000 (0.0000 - 0.0000)
Texas Cohort,Heart Failure + Hypertension (hf+hyp),3266,756,SAINT Transformer,Recall_Sensitivity,0.0,0.0,0.0,0.0000 (0.0000 - 0.0000)
Texas Cohort,Heart Failure + Hypertension (hf+hyp),3266,756,SAINT Transformer,Specificity,1.0,1.0,1.0,1.0000 (1.0000 - 1.0000)
Texas Cohort,Heart Failure + Hypertension (hf+hyp),3266,756,SAINT Transformer,Brier_Score,0.24427585007398087,0.2413990682064609,0.24670019261102083,0.2443 (0.2414 - 0.2467)
Texas Cohort,Heart Failure + Hypertension (hf+hyp),3266,756,HIR-M3 Transformer,ROC_AUC,0.5854288287704337,0.542202572082137,0.627598862125923,0.5854 (0.5422 - 0.6276)
Texas Cohort,Heart Failure + Hypertension (hf+hyp),3266,756,HIR-M3 Transformer,PR_AUC,0.5284373132965393,0.47425465258741006,0.5875490799464004,0.5284 (0.4743 - 0.5875)
Texas Cohort,Heart Failure + Hypertension (hf+hyp),3266,756,HIR-M3 Transformer,F1_Score,0.09509078167276193,0.05777766951400393,0.1415358721864952,0.0951 (0.0578 - 0.1415)
Texas Cohort,Heart Failure + Hypertension (hf+hyp),3266,756,HIR-M3 Transformer,Accuracy,0.5872400611620795,0.5534785932721713,0.6239296636085627,0.5872 (0.5535 - 0.6239)
Texas Cohort,Heart Failure + Hypertension (hf+hyp),3266,756,HIR-M3 Transformer,Precision,0.7838924163940765,0.5832236842105264,0.9412581699346405,0.7839 (0.5832 - 0.9413)
Texas Cohort,Heart Failure + Hypertension (hf+hyp),3266,756,HIR-M3 Transformer,Recall_Sensitivity,0.050759872528012916,0.030049580472921444,0.07697594501718215,0.0508 (0.0300 - 0.0770)
Texas Cohort,Heart Failure + Hypertension (hf+hyp),3266,756,HIR-M3 Transformer,Specificity,0.989551426407247,0.9784366576819407,0.9973754998557118,0.9896 (0.9784 - 0.9974)
Texas Cohort,Heart Failure + Hypertension (hf+hyp),3266,756,HIR-M3 Transformer,Brier_Score,0.24375023480573105,0.23934874165760536,0.24753569692671815,0.2438 (0.2393 - 0.2475)
Texas Cohort,Diabetes + Heart Failure + Hypertension (d+hf+hyp),925,756,Logistic Regression,ROC_AUC,0.5930123226327969,0.5157623428397707,0.6683098749492291,0.5930 (0.5158 - 0.6683)
Texas Cohort,Diabetes + Heart Failure + Hypertension (d+hf+hyp),925,756,Logistic Regression,PR_AUC,0.5851434251495365,0.4909471790988224,0.677749818316459,0.5851 (0.4909 - 0.6777)
Texas Cohort,Diabetes + Heart Failure + Hypertension (d+hf+hyp),925,756,Logistic Regression,F1_Score,0.6787899173885943,0.6111892510005718,0.739876944508939,0.6788 (0.6112 - 0.7399)
Texas Cohort,Diabetes + Heart Failure + Hypertension (d+hf+hyp),925,756,Logistic Regression,Accuracy,0.5171891891891892,0.44324324324324327,0.5893243243243244,0.5172 (0.4432 - 0.5893)
Texas Cohort,Diabetes + Heart Failure + Hypertension (d+hf+hyp),925,756,Logistic Regression,Precision,0.5145829561304146,0.44008152173913045,0.5871474735605171,0.5146 (0.4401 - 0.5871)
Texas Cohort,Diabetes + Heart Failure + Hypertension (d+hf+hyp),925,756,Logistic Regression,Recall_Sensitivity,1.0,1.0,1.0,1.0000 (1.0000 - 1.0000)
Texas Cohort,Diabetes + Heart Failure + Hypertension (d+hf+hyp),925,756,Logistic Regression,Specificity,0.01092856371983253,0.0,0.03490448504983389,0.0109 (0.0000 - 0.0349)
Texas Cohort,Diabetes + Heart Failure + Hypertension (d+hf+hyp),925,756,Logistic Regression,Brier_Score,0.3645643263016498,0.3090792411833708,0.4259832701029885,0.3646 (0.3091 - 0.4260)
Texas Cohort,Diabetes + Heart Failure + Hypertension (d+hf+hyp),925,756,LightGBM,ROC_AUC,0.6090867060075453,0.5316473819541842,0.6819057330976858,0.6091 (0.5316 - 0.6819)
Texas Cohort,Diabetes + Heart Failure + Hypertension (d+hf+hyp),925,756,LightGBM,PR_AUC,0.6069557933008793,0.49225224826626557,0.7098951114619352,0.6070 (0.4923 - 0.7099)
Texas Cohort,Diabetes + Heart Failure + Hypertension (d+hf+hyp),925,756,LightGBM,F1_Score,0.6916598032490009,0.6249351659751038,0.7500691881918818,0.6917 (0.6249 - 0.7501)
Texas Cohort,Diabetes + Heart Failure + Hypertension (d+hf+hyp),925,756,LightGBM,Accuracy,0.5796756756756757,0.5081081081081081,0.6486486486486487,0.5797 (0.5081 - 0.6486)
Texas Cohort,Diabetes + Heart Failure + Hypertension (d+hf+hyp),925,756,LightGBM,Precision,0.5536338950184096,0.47019069656107876,0.6306474265142225,0.5536 (0.4702 - 0.6306)
Texas Cohort,Diabetes + Heart Failure + Hypertension (d+hf+hyp),925,756,LightGBM,Recall_Sensitivity,0.9243906205286282,0.8695652173913043,0.978027950310559,0.9244 (0.8696 - 0.9780)
Texas Cohort,Diabetes + Heart Failure + Hypertension (d+hf+hyp),925,756,LightGBM,Specificity,0.21868866027107195,0.14602397775975906,0.29411764705882354,0.2187 (0.1460 - 0.2941)
Texas Cohort,Diabetes + Heart Failure + Hypertension (d+hf+hyp),925,756,LightGBM,Brier_Score,0.3086967058715981,0.2628495090686233,0.3609246421543379,0.3087 (0.2628 - 0.3609)
Texas Cohort,Diabetes + Heart Failure + Hypertension (d+hf+hyp),925,756,Random Forest,ROC_AUC,0.5417198878945135,0.46154204696490236,0.616725037312268,0.5417 (0.4615 - 0.6167)
Texas Cohort,Diabetes + Heart Failure + Hypertension (d+hf+hyp),925,756,Random Forest,PR_AUC,0.5526372415080506,0.45824685570492046,0.655251109298132,0.5526 (0.4582 - 0.6553)
Texas Cohort,Diabetes + Heart Failure + Hypertension (d+hf+hyp),925,756,Random Forest,F1_Score,0.6632728230793994,0.5967844364937388,0.7158916266582022,0.6633 (0.5968 - 0.7159)
Texas Cohort,Diabetes + Heart Failure + Hypertension (d+hf+hyp),925,756,Random Forest,Accuracy,0.5096486486486487,0.43243243243243246,0.572972972972973,0.5096 (0.4324 - 0.5730)
Texas Cohort,Diabetes + Heart Failure + Hypertension (d+hf+hyp),925,756,Random Forest,Precision,0.5113714158706317,0.43747410220994476,0.5756804968287527,0.5114 (0.4375 - 0.5757)
Texas Cohort,Diabetes + Heart Failure + Hypertension (d+hf+hyp),925,756,Random Forest,Recall_Sensitivity,0.9467155728971703,0.8976525119617225,0.9892529711375212,0.9467 (0.8977 - 0.9893)
Texas Cohort,Diabetes + Heart Failure + Hypertension (d+hf+hyp),925,756,Random Forest,Specificity,0.05152701466954677,0.012021713226532508,0.09206481096800999,0.0515 (0.0120 - 0.0921)
Texas Cohort,Diabetes + Heart Failure + Hypertension (d+hf+hyp),925,756,Random Forest,Brier_Score,0.2574198889041762,0.2411363581410073,0.2744303096106619,0.2574 (0.2411 - 0.2744)
Texas Cohort,Diabetes + Heart Failure + Hypertension (d+hf+hyp),925,756,Gradient Boosting,ROC_AUC,0.6244077962172034,0.5416330895772702,0.6962862748677018,0.6244 (0.5416 - 0.6963)
Texas Cohort,Diabetes + Heart Failure + Hypertension (d+hf+hyp),925,756,Gradient Boosting,PR_AUC,0.6172362204660073,0.524497265952368,0.7223472735063676,0.6172 (0.5245 - 0.7223)
Texas Cohort,Diabetes + Heart Failure + Hypertension (d+hf+hyp),925,756,Gradient Boosting,F1_Score,0.6805169109208736,0.6147264199318312,0.7456445993031359,0.6805 (0.6147 - 0.7456)
Texas Cohort,Diabetes + Heart Failure + Hypertension (d+hf+hyp),925,756,Gradient Boosting,Accuracy,0.5317297297297298,0.4594594594594595,0.6054054054054054,0.5317 (0.4595 - 0.6054)
Texas Cohort,Diabetes + Heart Failure + Hypertension (d+hf+hyp),925,756,Gradient Boosting,Precision,0.522766771737173,0.448737551072523,0.6045801900656412,0.5228 (0.4487 - 0.6046)
Texas Cohort,Diabetes + Heart Failure + Hypertension (d+hf+hyp),925,756,Gradient Boosting,Recall_Sensitivity,0.9776852371243665,0.943804264555669,1.0,0.9777 (0.9438 - 1.0000)
Texas Cohort,Diabetes + Heart Failure + Hypertension (d+hf+hyp),925,756,Gradient Boosting,Specificity,0.06419710202357673,0.021972049689440998,0.1219952225295449,0.0642 (0.0220 - 0.1220)
Texas Cohort,Diabetes + Heart Failure + Hypertension (d+hf+hyp),925,756,Gradient Boosting,Brier_Score,0.2500903970388251,0.22354190674682703,0.2800070475634114,0.2501 (0.2235 - 0.2800)
Texas Cohort,Diabetes + Heart Failure + Hypertension (d+hf+hyp),925,756,CatBoost,ROC_AUC,0.5922993752218035,0.49930954111636777,0.6575229546530902,0.5923 (0.4993 - 0.6575)
Texas Cohort,Diabetes + Heart Failure + Hypertension (d+hf+hyp),925,756,CatBoost,PR_AUC,0.5935432570592946,0.49788555512370264,0.7005040257365274,0.5935 (0.4979 - 0.7005)
Texas Cohort,Diabetes + Heart Failure + Hypertension (d+hf+hyp),925,756,CatBoost,F1_Score,0.6692836701786024,0.6053062209353338,0.7386759581881533,0.6693 (0.6053 - 0.7387)
Texas Cohort,Diabetes + Heart Failure + Hypertension (d+hf+hyp),925,756,CatBoost,Accuracy,0.5122162162162163,0.44310810810810813,0.5945945945945946,0.5122 (0.4431 - 0.5946)
Texas Cohort,Diabetes + Heart Failure + Hypertension (d+hf+hyp),925,756,CatBoost,Precision,0.5125000585292431,0.43876831501831504,0.589054307116105,0.5125 (0.4388 - 0.5891)
Texas Cohort,Diabetes + Heart Failure + Hypertension (d+hf+hyp),925,756,CatBoost,Recall_Sensitivity,0.967489910881174,0.9306580658065807,1.0,0.9675 (0.9307 - 1.0000)
Texas Cohort,Diabetes + Heart Failure + Hypertension (d+hf+hyp),925,756,CatBoost,Specificity,0.035070744033881246,0.0,0.0721837414089347,0.0351 (0.0000 - 0.0722)
Texas Cohort,Diabetes + Heart Failure + Hypertension (d+hf+hyp),925,756,CatBoost,Brier_Score,0.27063160680003506,0.2416607576415509,0.3082145030602677,0.2706 (0.2417 - 0.3082)
Texas Cohort,Diabetes + Heart Failure + Hypertension (d+hf+hyp),925,756,XGBoost,ROC_AUC,0.6526493157199978,0.5725063195210298,0.71856194823435,0.6526 (0.5725 - 0.7186)
Texas Cohort,Diabetes + Heart Failure + Hypertension (d+hf+hyp),925,756,XGBoost,PR_AUC,0.6529664892703753,0.5410880741641669,0.7468507609158916,0.6530 (0.5411 - 0.7469)
Texas Cohort,Diabetes + Heart Failure + Hypertension (d+hf+hyp),925,756,XGBoost,F1_Score,0.6663686238594364,0.602160648043001,0.7292732416724276,0.6664 (0.6022 - 0.7293)
Texas Cohort,Diabetes + Heart Failure + Hypertension (d+hf+hyp),925,756,XGBoost,Accuracy,0.5225405405405406,0.44324324324324327,0.5947297297297298,0.5225 (0.4432 - 0.5947)
Texas Cohort,Diabetes + Heart Failure + Hypertension (d+hf+hyp),925,756,XGBoost,Precision,0.5187237260205163,0.4481800766283525,0.5928424968245327,0.5187 (0.4482 - 0.5928)
Texas Cohort,Diabetes + Heart Failure + Hypertension (d+hf+hyp),925,756,XGBoost,Recall_Sensitivity,0.9347114234931592,0.8811028602860286,0.9873570230288242,0.9347 (0.8811 - 0.9874)
Texas Cohort,Diabetes + Heart Failure + Hypertension (d+hf+hyp),925,756,XGBoost,Specificity,0.0907115818402804,0.0344633862843859,0.15221571906354517,0.0907 (0.0345 - 0.1522)
Texas Cohort,Diabetes + Heart Failure + Hypertension (d+hf+hyp),925,756,XGBoost,Brier_Score,0.26474186970293845,0.22890589016605037,0.3046451492482934,0.2647 (0.2289 - 0.3046)
Texas Cohort,Diabetes + Heart Failure + Hypertension (d+hf+hyp),925,756,Standard MLP,ROC_AUC,0.5583699433169922,0.480810283949706,0.6365142377820836,0.5584 (0.4808 - 0.6365)
Texas Cohort,Diabetes + Heart Failure + Hypertension (d+hf+hyp),925,756,Standard MLP,PR_AUC,0.5865265166291215,0.48861452815505707,0.6808781959270236,0.5865 (0.4886 - 0.6809)
Texas Cohort,Diabetes + Heart Failure + Hypertension (d+hf+hyp),925,756,Standard MLP,F1_Score,0.6763870333773476,0.6088913321038446,0.7374153988546307,0.6764 (0.6089 - 0.7374)
Texas Cohort,Diabetes + Heart Failure + Hypertension (d+hf+hyp),925,756,Standard MLP,Accuracy,0.5118378378378378,0.43770270270270273,0.5840540540540542,0.5118 (0.4377 - 0.5841)
Texas Cohort,Diabetes + Heart Failure + Hypertension (d+hf+hyp),925,756,Standard MLP,Precision,0.5118378378378378,0.43770270270270273,0.5840540540540542,0.5118 (0.4377 - 0.5841)
Texas Cohort,Diabetes + Heart Failure + Hypertension (d+hf+hyp),925,756,Standard MLP,Recall_Sensitivity,1.0,1.0,1.0,1.0000 (1.0000 - 1.0000)
Texas Cohort,Diabetes + Heart Failure + Hypertension (d+hf+hyp),925,756,Standard MLP,Specificity,0.0,0.0,0.0,0.0000 (0.0000 - 0.0000)
Texas Cohort,Diabetes + Heart Failure + Hypertension (d+hf+hyp),925,756,Standard MLP,Brier_Score,0.24793232841762047,0.23958179183386533,0.25719929135404523,0.2479 (0.2396 - 0.2572)
Texas Cohort,Diabetes + Heart Failure + Hypertension (d+hf+hyp),925,756,Standard Transformer,ROC_AUC,0.533102581724306,0.45181293470878137,0.6073267543859648,0.5331 (0.4518 - 0.6073)
Texas Cohort,Diabetes + Heart Failure + Hypertension (d+hf+hyp),925,756,Standard Transformer,PR_AUC,0.5519506130478387,0.4553951422765726,0.6465222285260431,0.5520 (0.4554 - 0.6465)
Texas Cohort,Diabetes + Heart Failure + Hypertension (d+hf+hyp),925,756,Standard Transformer,F1_Score,0.04408507963128029,0.0,0.10681618776047389,0.0441 (0.0000 - 0.1068)
Texas Cohort,Diabetes + Heart Failure + Hypertension (d+hf+hyp),925,756,Standard Transformer,Accuracy,0.4889189189189189,0.42162162162162165,0.5622972972972974,0.4889 (0.4216 - 0.5623)
Texas Cohort,Diabetes + Heart Failure + Hypertension (d+hf+hyp),925,756,Standard Transformer,Precision,0.49311724386724387,0.0,1.0,0.4931 (0.0000 - 1.0000)
Texas Cohort,Diabetes + Heart Failure + Hypertension (d+hf+hyp),925,756,Standard Transformer,Recall_Sensitivity,0.023309952737238477,0.0,0.0584302325581396,0.0233 (0.0000 - 0.0584)
Texas Cohort,Diabetes + Heart Failure + Hypertension (d+hf+hyp),925,756,Standard Transformer,Specificity,0.9773872887469203,0.942419125488802,1.0,0.9774 (0.9424 - 1.0000)
Texas Cohort,Diabetes + Heart Failure + Hypertension (d+hf+hyp),925,756,Standard Transformer,Brier_Score,0.2489724747972415,0.24518017909229853,0.25294130903048995,0.2490 (0.2452 - 0.2529)
Texas Cohort,Diabetes + Heart Failure + Hypertension (d+hf+hyp),925,756,SAINT Transformer,ROC_AUC,0.6099817021249714,0.5128118034447822,0.6884762063721672,0.6100 (0.5128 - 0.6885)
Texas Cohort,Diabetes + Heart Failure + Hypertension (d+hf+hyp),925,756,SAINT Transformer,PR_AUC,0.6287387989942202,0.5104340911349389,0.7300217706967035,0.6287 (0.5104 - 0.7300)
Texas Cohort,Diabetes + Heart Failure + Hypertension (d+hf+hyp),925,756,SAINT Transformer,F1_Score,0.6763870333773476,0.6088913321038446,0.7374153988546307,0.6764 (0.6089 - 0.7374)
Texas Cohort,Diabetes + Heart Failure + Hypertension (d+hf+hyp),925,756,SAINT Transformer,Accuracy,0.5118378378378378,0.43770270270270273,0.5840540540540542,0.5118 (0.4377 - 0.5841)
Texas Cohort,Diabetes + Heart Failure + Hypertension (d+hf+hyp),925,756,SAINT Transformer,Precision,0.5118378378378378,0.43770270270270273,0.5840540540540542,0.5118 (0.4377 - 0.5841)
Texas Cohort,Diabetes + Heart Failure + Hypertension (d+hf+hyp),925,756,SAINT Transformer,Recall_Sensitivity,1.0,1.0,1.0,1.0000 (1.0000 - 1.0000)
Texas Cohort,Diabetes + Heart Failure + Hypertension (d+hf+hyp),925,756,SAINT Transformer,Specificity,0.0,0.0,0.0,0.0000 (0.0000 - 0.0000)
Texas Cohort,Diabetes + Heart Failure + Hypertension (d+hf+hyp),925,756,SAINT Transformer,Brier_Score,0.24909223675277098,0.2479411093421276,0.25046280919233355,0.2491 (0.2479 - 0.2505)
Texas Cohort,Diabetes + Heart Failure + Hypertension (d+hf+hyp),925,756,HIR-M3 Transformer,ROC_AUC,0.5470651677060308,0.4587210199139166,0.6320291844206111,0.5471 (0.4587 - 0.6320)
Texas Cohort,Diabetes + Heart Failure + Hypertension (d+hf+hyp),925,756,HIR-M3 Transformer,PR_AUC,0.5896168226000601,0.5001630081229761,0.6912404938680898,0.5896 (0.5002 - 0.6912)
Texas Cohort,Diabetes + Heart Failure + Hypertension (d+hf+hyp),925,756,HIR-M3 Transformer,F1_Score,0.17082853245435145,0.0868878718535469,0.2564220183486239,0.1708 (0.0869 - 0.2564)
Texas Cohort,Diabetes + Heart Failure + Hypertension (d+hf+hyp),925,756,HIR-M3 Transformer,Accuracy,0.5174324324324324,0.4540540540540541,0.5837837837837838,0.5174 (0.4541 - 0.5838)
Texas Cohort,Diabetes + Heart Failure + Hypertension (d+hf+hyp),925,756,HIR-M3 Transformer,Precision,0.7087840240712683,0.46653846153846157,0.916826923076923,0.7088 (0.4665 - 0.9168)
Texas Cohort,Diabetes + Heart Failure + Hypertension (d+hf+hyp),925,756,HIR-M3 Transformer,Recall_Sensitivity,0.09792881881033849,0.04753968253968255,0.15217391304347827,0.0979 (0.0475 - 0.1522)
Texas Cohort,Diabetes + Heart Failure + Hypertension (d+hf+hyp),925,756,HIR-M3 Transformer,Specificity,0.9571904533289625,0.9100868232890705,0.9893645016797313,0.9572 (0.9101 - 0.9894)
Texas Cohort,Diabetes + Heart Failure + Hypertension (d+hf+hyp),925,756,HIR-M3 Transformer,Brier_Score,0.25990455623951214,0.24650772095395523,0.27431137236950576,0.2599 (0.2465 - 0.2743)
